4000
6700314 8336574 6187836 6741765 2975661 5398921
9384871 3482294 2160214 1532047 8870708 3965399
1820003 5161158 8668007 5660417 3345577 9925880
6657651 8546096 5861146 7285117 9124446 3507304
5233672 5766270 9703701 802550 200990 554318
8158652 4212978 54342 7781001 2750541 4488317
2625495 5261581 4759685 9500774 585060 7937066
9204221 2458544 5746060 4185042 2446314 6873776
6910329 1157361 7454765 5905888 3256975 7683073
1365318 9415197 9212128 2680532 1508093 7209391
5695220 8582321 3281303 1605895 3373395 4657729
3911056 4039002 2410617 4179689 3034922 8083996
5166194 7156877 7961035 7924079 8080896 6665901
7761243 1048629 3319956 2829925 3892221 9043629
3099553 2252764 956003 2371269 6415682 3335344
5276189 9944963 3753487 7550294 3805554 2002739
4655763 7598325 9085149 1088331 273985 8407311
4463159 2730639 8122439 9370769 739694 6100097
9722037 3441239 1334300 2546226 4919288 459463
3889435 2865294 4690100 4237674 8506342 1120631
3701726 1539786 7623319 9075273 8903500 3089958
4330508 7615900 3351323 5958296 3268316 482570
7580751 6672912 774644 4912644 8366765 1161581
921190 3728783 1513069 4855905 2649232 2974443
2001043 2729962 5025674 3294023 3660859 940259
7312639 418088 9091982 7964518 7386604 8734198
783992 5387886 3827139 5032480 5040260 3123794
2748774 3763741 172922 851729 4965475 8246376
9684819 8976790 4498528 3528518 3316484 4777558
9607561 8845821 8890554 4648875 7074229 6173538
8064283 1036485 3955041 2411064 8645656 2850227
1390588 9616233 9286307 2040445 4128651 2978879
7334442 5888709 8688523 8389275 2107131 8885490
2801520 1149313 7764487 6779298 3609204 4684068
6441730 3784121 7101604 4314423 8356957 8540783
9843644 6135117 8313656 7653600 6968197 4003775
9168752 337709 5118084 7322695 9461141 5349242
8960068 7644374 4848138 1519648 6194075 7427774
6089035 1218286 6738689 5063 1847354 5924916
8409051 1284984 7427280 9270972 5969333 4861535
5748623 7076165 1259275 745524 2196801 7993534
4665223 9680841 8920512 4684748 9220522 1769421
3767406 5478825 1688171 2415244 7819229 5964830
9835929 4922081 7590045 9673829 8225388 7138671
1802093 9838580 4287762 2388739 9244549 5683212
6576494 9897780 4368376 256549 1574071 2384976
4089966 8214543 5447572 6854604 6854425 6513233
8507262 1404286 1997763 4969268 6237657 6368529
4236744 5993806 3465754 1462450 9435043 1047251
7271490 6074794 8850776 4120604 8943431 2358220
3705771 2276484 436292 3237300 8108253 9322742
7401045 3510857 3904753 9303195 8325278 9604686
517257 2981324 8067656 1076811 1166567 6821101
5140907 6832825 3600923 7919233 8151994 3250743
2217457 5114044 462736 3321124 2985058 5499277
3534199 9969361 9271112 3089352 3148832 4577940
6076941 5269962 3296032 2675021 7568223 2726800
2463775 4933549 7668527 3861068 945192 6453718
2979594 6194678 4908226 2029675 8979697 2110606
8757297 5786538 4124489 7185548 1019842 2994209
8860005 4079920 525798 8405475 5768996 8355917
333573 7427904 9832491 3489715 4999870 5896605
3525068 2465886 9264601 874123 5455457 3218445
5582216 8356388 4168851 4009018 341529 6790380
591050 1504523 989664 7160506 4332055 7362294
453451 8891392 4250119 301823 3815016 3488302
2201001 4058299 9164553 9312610 3527495 3517287
6621226 9489879 1194808 9011621 8504607 6513810
2846004 7883173 331080 906044 1603332 2663454
8825357 4850986 3738390 3735417 7814425 4264472
7366252 3173067 3095849 2470197 3036264 6108477
1646485 3223245 8650870 5776299 8673121 1397158
4053892 6269605 4828893 651563 7387791 851650
5595572 1579429 2999916 4475853 4314501 6448881
7031213 9547407 7288060 1586664 1476465 8964029
9749911 8465583 6243874 4900080 1946357 354427
421438 4151029 6453615 5086330 7365136 5281361
7862940 7069705 9210052 8933922 6852151 5333726
7834561 8173794 7463195 2886740 8139845 6234995
1264555 2890399 8858565 6646967 5438983 3488856
8820417 59821 1746779 9686841 6026387 207537
5153283 9153811 4323248 4474465 230125 3236762
4398035 509241 4214293 7718554 6612912 7244796
7238829 8097291 2695255 1954333 3752103 3302671
1500833 6863171 325738 8878 3635524 9055957
1495861 3774470 8712045 2964758 6265913 7305314
3534581 8176099 1043317 9002514 3780638 7698339
1010478 3360096 7943668 4226432 8488705 7630604
2020702 3546000 6277486 1613769 9408138 7341691
793600 6866084 6307717 8444108 8186007 9163216
9881799 5144405 5518286 5267291 2978603 6455654
4524717 1433277 4243328 6908978 4183973 8436813
6201479 8236315 4316653 4996915 943855 392007
5359002 7274401 8374466 2695134 7988175 89524
2778471 9882092 4366332 1370353 2171157 9399829
997597 5090472 9990092 1880100 9120714 8636233
2180053 5743186 381492 1488014 9701715 7055428
3387276 5111724 9362027 7840673 5412290 1171822
3025038 5796684 5922229 5915710 3085106 911606
788750 7186665 7156229 5428762 2488820 3096511
2089322 3154363 9262119 4843498 5911380 9093500
8446721 4321378 9115600 5680419 2816862 5200668
10514 3870988 7572685 1319037 9307858 2876450
727496 4937797 4469802 3194510 8345314 6374472
3477600 5081886 2005366 9078486 1091349 1934049
1480003 6751290 3254366 7284981 9398691 6547351
7793308 8543777 9200343 268527 9393951 1090911
2056221 7344619 2979821 721560 5905195 9214118
3338920 9469712 7878807 4279778 4701266 7551022
8626709 8894812 4809048 2887646 1365898 829494
7088134 9368235 3230028 7181551 4200415 6065572
1946301 2725533 4472296 1025334 3525729 764080
3676106 458969 5543846 3378890 1138288 1000695
3394650 2756039 9176690 2791247 5739565 1621637
4055242 7200225 2050024 5703344 8658271 503879
1738302 4905661 7177878 8370849 3180392 25716
7860882 4874670 3144203 6914249 8775259 3179662
4741822 2313585 5943983 7114726 603671 4242296
2007175 5247818 7756523 3808353 9492995 8609859
1652803 4296886 3628669 1608391 3126309 7000190
4015548 6242956 4067261 3968416 9287031 8620067
3586202 5305257 7278576 5518129 5518007 6263618
7856491 6480401 3980779 5997028 8049425 3425980
5677653 6940515 6596553 7807727 3696168 3410453
2747355 7929949 5412666 8568018 6718046 8883506
6397046 6252491 1748360 6144013 2898700 2532302
9112400 773405 3026554 7323915 3528524 5298414
6963720 6489046 9729810 1492905 5951861 3012594
4629079 5655774 6247461 202689 5930737 6185793
403636 6207820 2546788 656808 1221061 1357081
3207401 5018183 8587210 8395070 9121082 9265516
4515257 1712478 3581700 1448477 6884628 7276020
399425 8353737 3411991 1298139 844007 7207122
3680642 1254449 1978088 2400072 3938939 1062272
2636044 6194357 321753 5562567 5740376 6690879
9985514 8455591 9552343 1669472 4116514 8510340
6711203 8568649 7367963 464294 6977648 4239382
9430893 3180602 8771146 8971441 9803263 7576999
2773802 9105497 5363813 5339665 6976166 9966611
9378993 807328 1079244 7524938 5759025 2926725
8943763 8952690 5972102 6890820 1462962 8429036
7723676 8729952 4237223 4901650 4586935 2275357
9839159 3216348 4276801 7738705 2969179 758336
2291125 3664603 6391093 2744753 2788765 6634879
1327066 4645848 1479425 9585732 2290479 3309185
7431096 9186265 2809624 4441237 1520530 8024958
8267280 2540072 1717640 342109 1247765 1073310
3339776 7872151 4518561 3088456 5500506 3759817
5689810 1640288 7838149 320907 5233812 2094422
6535631 6199009 6163925 9337222 5563754 6817113
6949610 8137943 6439473 928037 7470554 5400670
9465733 5397921 1695817 6251843 9471425 429106
9040696 1949015 2416838 5317782 9404976 4916613
2116317 8238610 9145342 7719608 3895922 650190
5471036 7110188 3952452 715201 7905606 5321520
1861033 8930057 6976317 4900526 3392499 3109821
4633837 2411739 401597 9117891 3622722 102584
2064000 9437967 2168862 7409042 1280211 3284796
9677583 1217848 6794032 1247311 7220904 7325144
7671771 9230002 4242021 5789282 5457001 360365
1448217 8750531 7492315 6374296 4390809 541367
3452789 4140170 8556516 9307017 683945 6993237
4515016 2998426 4615887 9042758 5655608 4457955
8481328 8061993 5829977 667655 1037618 6687757
8527488 613721 1709152 9651173 7228754 4162497
8867799 8844554 6954738 41231 7669673 4872191
2610269 5689703 5047157 1627495 3956253 7140041
4728280 370566 533902 9800795 6732294 4222478
2709256 8629013 3574394 9784066 7307954 7395008
4530387 780562 7712913 804557 7846808 3777087
8832214 3801615 6911415 4394019 439217 1839391
38499 4473785 5328752 9743696 6432488 9965904
9410798 6853832 4105739 8689936 5939375 667051
6153855 8726693 3881427 7486674 6941917 8599741
588102 9083733 1536599 9559730 5510843 6889111
7159278 1805712 7842894 1270069 2795280 154637
228626 334261 9931349 8694511 9762295 2258509
8893725 2965560 2196524 3608489 373267 454122
3289268 5840451 4841186 7045861 4650701 9120115
9895660 1345540 6859698 8311673 3805916 1355483
302791 478769 8962941 8439641 2584418 4626775
2123009 8140729 4058551 3951101 8461310 5605113
735702 7459343 8964397 1622918 8592948 3976356
6403217 6979613 8710465 1082477 6270461 9670392
2047924 113416 7155010 8722779 1374408 1449740
3294939 1916952 6528345 8575865 8391720 9283526
3295568 454084 381142 7569748 1485479 2232538
6395570 9338167 7379141 9236073 6310159 7191358
155718 8272742 2752591 2883341 1908456 6826303
2645017 9220313 4208307 9292548 6391716 2471001
7471765 3400230 6766320 2608811 656162 6544357
9076768 2159836 9067622 9680870 8327349 8138863
3595214 8833468 5494133 6477927 4686907 6932294
2291251 2811851 3803256 9963651 8567061 3101666
8697148 411597 8496 9702041 5930847 9171406
5075219 4003019 4062368 7910140 97983 8085249
5466218 3786758 8682004 834783 159304 4150322
8123735 474847 9945392 4613727 9288126 3074987
1332169 6167090 4533405 7276013 7001297 3579865
8667745 7508113 4833168 3664654 3911663 244564
6535861 9374726 6228989 9896216 4605651 4324329
4076495 5685074 8735485 7408883 1011708 900149
8250289 1456467 2652546 9652933 1839916 8092213
3156273 4083420 1123470 6933508 8369871 9763757
4638001 7799205 7001722 482503 9242394 2589869
3252080 1801563 9875094 8437440 4298922 784577
7921333 8227519 5869196 5621062 537232 3603052
4339502 3923286 5155381 3633256 9025723 5544829
927318 9014811 5668197 6740955 508380 9828243
9121094 9602352 1004855 6465232 5258214 6806445
7322607 3593992 6442679 6145615 4156803 9210145
1025054 9812849 7157545 1867968 1731599 3612396
2223017 7535210 3546187 7520418 2594005 4446585
4608375 1004744 8773481 1456893 9555184 227583
6921672 6511125 1293182 46851 9316346 4696569
9779722 1456101 2969304 9062750 8298455 6943239
7160372 8193887 9766482 5945236 2608201 9212874
8387283 9059350 7283211 2055800 4517937 2973170
6282055 1600675 7008346 6558269 1856856 4253470
8032963 5865713 4038808 6215096 9223943 7645677
7916962 978203 496502 2460976 2088245 275497
643092 3160267 9236755 6602948 360046 4400118
4680103 8663138 8396542 9560607 3069609 495834
2944371 4865871 1993188 8320012 3764796 7715670
7688222 3221453 9599245 8715834 1029786 2432741
2904431 945275 8969943 2120804 8028274 1629998
8716371 5926307 6971104 7007713 1412708 1357669
3736414 9679106 1240629 2608228 1878166 3193718
5856927 8472356 2796104 3542973 3270725 4358071
5652489 9596949 7213407 2780832 4772753 8866791
676252 1927257 2130480 6804013 3698516 9414770
5430174 2559298 634863 6766543 844235 7143302
3524730 5936657 3453163 635518 4583597 4085689
6475040 5079994 1343287 6405526 2858906 2557430
9636637 9361457 7674549 4611872 6468314 8431325
4416591 5935539 1153553 8104312 6331460 9485450
9227189 6932400 5980590 1825859 7178053 9318867
2558854 9090384 7628120 5652801 18243 7334068
904908 5016971 5013351 3127717 6305791 9692758
7523504 4270726 9068351 9573050 7167376 4337058
1740220 818302 6090983 2203538 2349952 4908696
5989748 5420417 9605196 3967712 1408328 7651197
8105099 4649181 7901941 2024419 3846672 3768522
4929309 3983835 9343214 340481 3706963 1451343
3417973 1288873 9629747 1460795 580808 2060734
417099 9654138 9765024 1643531 85638 6359750
3227884 355315 6740432 2719423 9663053 4597826
7728871 6937196 3608642 7362154 5022618 1656609
1790817 5499084 424053 5299829 4643740 3183540
4993844 1399739 7111339 4639640 8785564 1061078
5278948 4528953 4839609 7544461 3550612 1754190
7886172 6461567 4563543 1542191 8796535 3491356
7028090 2209886 4320782 4745388 2611609 6769767
7842700 6055819 6266254 7973138 9669977 5081723
1636680 5117270 5010398 6581483 6649686 8685898
9248411 8588244 1569751 5679353 7440474 5134099
9758216 184410 3386583 1854452 9475981 8561051
7093065 248626 6702548 6932697 8271738 2433854
8862758 248456 8788129 341571 6796939 2729745
4794823 7305810 4858975 9757885 5907780 8433342
6743791 1304689 9811881 5877645 2293779 208291
1921605 1348736 4769411 9186682 4987171 2427199
3383184 5988248 6579837 7705203 880072 9421351
8379174 4703983 6845531 2576544 7718725 6401230
9897768 8906839 1791304 8840006 884530 134663
275124 331 4276629 4953240 5110660 8171292
8749169 1215420 7954846 6494257 5011092 6923002
7664442 9676075 5261284 6360930 6958387 808691
6149907 7089619 6425738 5437623 1378710 1203797
1587811 4167247 3585963 3410650 5979876 3386939
8416986 3081598 464206 4634747 8911558 4986840
8150570 8429943 877587 8408544 8956033 9664651
1466505 1884917 9692890 9922529 4912101 8042650
1139945 3536838 1948452 982613 2690098 3794910
3708925 4837500 8621620 3072831 3365429 943413
4585329 5338518 5235543 4567906 8077271 1929493
6458795 3029694 764516 274444 8210359 8528444
9931103 7741362 8133586 6761086 3971118 9493793
1510906 1665282 9255145 5543313 2270705 2443038
1438487 7434372 391500 6669296 925821 4074058
6365219 5077738 5064514 9934174 3823215 3617514
4429107 6898598 3807646 7763397 3463733 1882406
7278133 865501 5326478 3420008 1051510 4948736
5661324 6947839 866382 9127827 1561924 1700147
1688267 9042016 3067813 2792505 3129418 642898
1537993 9789499 2103872 6690458 3909224 3132620
3463929 9996928 3918146 4516071 2331978 7072519
5686147 3747509 8201548 7372739 8265179 1405203
7116559 8018479 6382862 5442763 1007971 3977982
3207676 7237392 3515814 3364366 8245907 4781199
549700 1636602 3769180 3164747 6225403 3674233
9778533 587675 6956277 2193857 9956078 1054581
1030589 1145253 4615860 3793862 3441679 7814415
3498598 4315528 776836 1662610 5675945 5110939
4260036 6095229 8781527 8125890 3482782 6671831
9616806 99562 1751021 9136947 3966370 695376
3303339 2521400 7522106 4527315 7594205 7677504
4448926 4922702 8062401 5328280 4412174 9862718
9362121 9413813 3795713 5701399 9865768 3930379
4004363 8887090 5960656 8658240 8904710 130173
4892705 1652643 7104892 284445 2577050 9856515
9303560 1893642 7178882 3920484 490522 920279
292309 8971282 6721322 3099331 7213684 753243
7048537 8931756 1683055 8918809 8763768 4068968
2876118 3915407 233794 7820642 5132584 5079279
4734719 4645098 3616689 7391932 9634609 5941561
572611 4164480 2345651 8205886 6024720 2518532
2683835 5441637 8923291 2875433 5409090 894486
7209056 905031 1673406 5207413 1609702 9972954
8447118 5973896 2888875 3035923 7408326 8661643
9622721 1482918 6761058 2099603 9185765 5845423
7303590 2900376 9336672 779761 2526720 3049203
8407591 8842651 2907036 9164523 6234973 3322130
5145677 685 8506317 9339307 611585 4227552
3405873 9527305 3035396 3643734 8944813 3660713
3052685 7536687 6756154 3684007 8583164 4541801
5757473 584232 6255871 3077867 5571843 2508713
1557813 6429295 8378311 8624203 6799821 2767050
7065918 9282594 9738923 9566744 7890246 7407641
155326 283413 871332 2533505 8693730 9658459
2810027 3659855 3955562 5675959 7727075 4990032
6293049 4723583 259487 8365234 3407049 5650740
7066259 2067809 4428841 5997603 7781494 4182290
5849241 4781669 2727484 268345 6577816 9662219
3921790 3485941 9646441 9348512 3528681 8299751
3670468 3223968 1890502 6597412 267839 1911987
8553150 5881854 8702219 3388278 2331154 2076237
2507563 8700683 5875545 4088182 2500485 5822436
2978799 4157722 2501918 6689042 6684263 3912060
6930975 2541682 7082038 4293343 1754169 4241133
5343590 6944536 1194902 1959735 4694765 183081
3760238 468847 1799970 2516853 7444453 1899640
5480070 2460963 2450515 651246 7760781 7877133
3786673 9833607 985456 3824004 6369712 9370959
5797832 6981426 6539705 7978441 9666436 7726157
4829949 4259806 4127684 4461086 8044687 5386617
881335 547828 4005917 5692464 327944 2031638
4022466 461945 6713269 602278 1208972 4223300
1461545 6279728 4780901 9204905 506669 1920562
3255677 1519586 574824 1823942 6161902 7713339
3643375 5781796 802410 4073813 7686904 3184646
7771955 1018984 4416275 7063898 9769911 7212952
3871215 8094209 9505662 8953818 9801538 5907766
2657690 5195553 5772453 2316404 6516896 3386708
2945255 5625044 3753137 2207122 1205408 6525101
4811793 9057392 4385925 6292578 2049088 4546148
1229227 9948653 2775041 3528622 2830323 189988
9807024 4397646 6509816 7567948 5333689 2412459
2414899 4301859 1718047 4667057 9166252 966348
1940885 1326970 9264899 7415701 1128557 2061860
9431509 5564832 9813575 7891173 2252104 712519
2827026 7578637 6045121 4959514 7724590 9852885
3132725 9129067 2365230 5582465 2509380 2119249
6876892 5377306 291355 1340677 9792223 6903549
4807053 144735 9891139 3419576 4351692 722117
5281248 3813526 8820095 713181 4097113 7265491
376412 1915851 2145542 5797297 4740922 7755051
6367338 7455385 6577269 1865162 1534332 37185
8601118 6358419 8817590 7145649 538809 5751250
1770504 8090831 5772608 2910026 3084119 2107369
821379 9407449 3226945 5323003 9678265 3911064
1032789 2419543 5031954 5099738 5206053 593528
9973707 1079594 636384 2536303 4973338 2336838
326279 2941891 8610403 9853954 4818457 7993272
1904526 8135598 3274716 3068845 8942676 6006281
1492882 7466385 8831731 38172 4975917 5333472
4528106 1044334 7777119 2666205 832373 9114788
5005230 3501380 1152366 8224061 7171941 9459214
5114865 9234201 3117493 3435770 2583746 142228
3496966 967424 4588991 5233672 3418477 1542666
636347 7963943 3476867 9025672 3606855 7739667
1761797 9935535 6103676 5302912 8008196 3929003
4559718 7660074 2109517 9495614 4848723 1317077
6840905 3680464 963656 3815502 7953979 9708474
2888788 8057112 4882638 8689502 6541206 4008492
744480 9294433 7625857 6234453 2029857 2868429
5637921 5979558 9894524 3412698 6462264 7236406
3355537 9811953 1226004 9188489 8876052 4923672
8032711 4001351 6118701 3271914 8392766 9738012
579009 6820845 9964 3768392 6136884 5549743
2857028 3072295 3394328 2095184 4558432 8713762
6303146 8325265 5630216 9241087 3857693 8869165
1422552 3428207 7218200 3727250 459964 8142025
8482469 3700298 9181059 9958966 656790 2539854
7889791 7472565 901667 7887844 5655443 5209012
2858465 1869528 9842673 4344781 555669 3389968
3842077 1260353 5253521 2512242 2885342 550787
9293455 8791623 143658 7249535 1849361 4964559
2519812 6851759 6360880 1867938 5285922 2436585
6368683 2898062 2415504 854474 4205392 7085866
7812095 8415302 2669821 421204 6382622 1988165
9026491 7077771 2872537 3828231 9885172 9199610
2888504 5970227 814956 8630272 665511 1865167
2396196 640256 5623203 5937107 5368031 8803683
8848132 990527 6583605 7406087 7976097 7657607
974463 2987603 7054961 8167654 4700146 4470040
7880965 8872251 2409001 8155493 8223043 4771590
2092022 8691580 6966587 7161270 8979433 9315695
1621629 7738411 2232550 550337 8458277 3565136
1462662 1874988 3047270 3866138 1573072 5392094
5404559 1620403 9101673 5214929 2853767 6897568
2144649 4720850 1270080 6344916 749307 1793260
9456165 4240703 2417212 851613 3845084 6676450
1837096 1686861 2011093 7267910 5784458 237686
5425057 424126 4529325 3489825 6704991 2825158
1422769 4014827 7299179 7016906 2750934 6602639
5669916 6877093 5837812 69018 5016620 4258583
8045614 5276713 6989103 439289 1094171 4217574
1147923 611049 8029903 6370820 2029041 9886210
3381001 8136648 5835945 8863987 9789871 2429641
2368242 8654824 8015858 8444922 4922147 6734480
4494081 2439259 1489769 5814572 5181696 6967991
838637 1768077 6670240 7752510 9222296 507745
3248582 4985767 9329954 311751 2341901 6093942
4795255 5051949 1985785 7412968 3635905 4614285
766694 6805928 7087221 3408171 7700776 6361796
6242724 9600692 354566 254623 5945208 8654912
2727805 5333350 5429352 1061911 5532182 260963
3215969 5628490 8914351 5328200 5615405 4804103
3099686 2056491 6312922 1921915 3649666 9870197
4748694 7081112 8803353 6875483 5047878 8375767
9880769 7430466 4067301 308444 1509785 9621604
153178 2993958 9040559 675042 7583946 7008550
664590 3733343 9519767 1724821 4196999 8007414
5699934 5438494 1190523 2283118 308484 5644284
48873 4320808 5951025 484368 5505929 8864095
9851558 5852321 285472 7053584 1181142 8101715
6193662 2907525 4118704 9292747 5175021 2621447
5763544 2424644 4472545 9304372 1257325 9916322
350430 3023872 2884113 795939 1175549 9609384
7185244 7597651 7121982 8423016 259570 7188976
3670578 9668810 7488028 176463 823483 1731624
6723077 3611005 2552201 1418051 5531159 1289474
3888709 6407187 263472 8569076 6519573 7883840
1171739 744501 3063483 6034703 133937 2482056
5979982 9055619 4676771 676087 9868339 3583490
979733 7770645 2647955 6929728 5622168 5506210
5133418 5587081 1601160 2740920 2581294 7646320
7364121 8932378 7492712 1594638 6907229 4768362
9345911 8616168 1078078 9238141 7251277 9515068
4125493 7635875 9534873 5005971 4196480 1767864
7054852 6046990 3742665 8968710 438318 7760514
8641519 6958981 785019 4757262 3435657 932492
6282679 8430819 8163206 5417162 8670581 1201558
4989343 4385343 2148389 9908409 1330176 1252171
2505412 1741591 519367 3132886 2804234 7986292
5971337 127446 1390600 9833295 5686067 6534304
3903654 8395410 8494060 9732198 2953119 9948248
3983343 4588649 5180511 145585 2955462 8820457
1351862 8708330 8965294 8333314 16627 9811136
9619475 7146443 4716813 2490494 6463297 8696727
7241146 5508632 4154747 2798726 8785924 3308211
9541891 6449383 2744752 1628902 1513508 275171
2707498 5257145 1432223 2200140 5925066 6741526
6071660 2359826 8786129 1698910 1781023 4095903
9020998 7638023 110818 1579463 213820 8539624
1817490 1413160 1932112 9797333 2491052 7444487
5793501 1184616 5802725 1872300 603694 6506078
6075705 9722960 7194822 8690122 5625816 4759482
8378912 7419334 1221376 7975286 6418834 4103470
9910598 5542236 3727609 58843 3777728 1147901
3197392 7962427 6235563 4205128 9811411 100348
8343058 2910164 2766093 3987736 6406639 4740450
938801 4199360 1756132 2280050 5623204 2058063
6901080 330875 2012206 5351335 3200551 2794485
7318247 3842203 4994326 7828641 9886735 6948815
3716877 5734657 7406887 4654823 8674907 2641266
270514 1870577 9911548 7094474 347063 2715651
1993389 4391175 1012694 6480926 7036485 2219473
2347338 7630547 9919031 1669545 3157763 3446853
9135694 7846056 4761876 3441078 6886880 5969207
5106022 514416 3023429 5817277 270859 671982
7333562 6283977 5524452 9114865 2009535 3752626
2146514 9806605 9983811 9296554 3357946 8809375
1781790 837320 6805718 2774852 5481303 2256187
7029783 2047332 2576893 3960033 5519129 828851
7879390 6829436 4983696 3942341 1988452 9832646
9692222 6176111 4120316 340711 9147363 752507
6695021 3232472 5621011 6166404 9523030 3351157
3463041 9839139 4488109 5952500 1659287 6049560
9163488 2331169 5033113 767241 8787493 8223526
8095089 3373528 764848 4695601 1235474 5180099
8768930 8204173 7818153 151164 9604332 7181834
4689058 1441078 1689956 6053210 6079830 2248830
6635176 863378 2524301 9225736 496992 5679989
6340741 1926889 5170148 8934136 4778852 9657282
4799533 8924981 7388618 5896790 2245622 5773834
9987659 1999419 1996997 440911 7397474 1318857
5533004 3311877 234807 7306275 1263442 218209
4359603 3110278 6251339 2784282 4132064 7924114
5699224 8869352 2876536 5084858 8354860 9308585
9951 9834794 3425321 8160870 5351631 679350
9793216 8792268 9195455 5916121 6065551 4080410
251832 6194264 3465904 1205444 3692731 7185114
5445182 9034466 663447 4951938 4574532 1668574
3405943 2015250 4792916 9464503 197565 3376269
2897297 4902800 3644559 2688412 430960 7562680
7893535 7372134 7960245 9555457 7513059 2471174
1022753 8443482 7044726 2170928 2532449 7937800
4458210 4493780 5176621 5691422 9639676 9320394
8645137 5058012 5260262 1756746 4754926 3336380
5886433 328712 8594702 5819185 3018823 1162751
435851 7563419 5763304 5903224 3311908 6320597
9224869 5889725 1521407 8192273 3929185 6131049
4623847 1235015 9482801 6855116 5006293 5703785
8199648 7205875 5263124 4324165 4043275 5372947
2302418 6136789 2617207 4623865 3669023 7184346
3876471 5203567 5424658 5881975 1735076 4969029
2174496 8554986 1181871 8856023 6466553 3749951
7798987 452864 1128827 9129212 7132899 3519910
3853579 9031317 5322419 2890917 7619537 5812947
5899626 6111685 3520144 390356 3600806 7175119
3703389 4601003 2220701 4337060 4315801 8725617
706391 8741872 9499938 4513771 4680620 6451306
4521914 9343624 739322 1513173 6525178 3590410
4244120 3173205 9003889 9097297 770286 4637706
1861926 985554 7584030 9611710 9982348 5623391
1448884 1784139 4954180 4006751 5152634 1865549
1529249 3461926 6137063 2403209 8422820 8391026
4019972 9339808 4350696 8871112 8369002 8275912
5073624 4386453 9586506 9929734 6146236 427600
8171229 4606092 3830717 7582995 2475133 3330246
1141587 1094680 8759523 3876547 3064886 2896480
1497126 515162 4190990 8873773 9983924 3063252
7453347 1840911 4750385 612863 5077325 1430477
287009 2990813 2616552 9308118 4538086 5595895
6036884 1519150 5637903 4526580 5835521 546542
8034831 3946253 986792 2806816 1261622 7328140
9631502 143424 6274921 1454216 7373986 7853839
4084922 6199851 4402529 6523254 2476387 4305325
5677215 7558366 9528767 2400239 7295985 9484319
713694 1833468 6556594 3163628 7839662 1545735
7258577 6970546 4679641 3644447 838941 6037670
2076459 4646530 579288 7422244 981360 4933900
5155556 8832793 5616827 4762712 5223196 8338234
1193365 9513630 9042763 1332578 8849364 8277154
1017775 5634592 6650267 1502472 2093122 9428153
771545 6467874 2303762 4729186 4195638 403440
3174198 440474 5360909 8364859 4446794 7829857
3726036 8254970 6577006 4594867 7244683 8463192
3867492 5950982 6610272 8218359 1970263 8326032
2502972 5925999 8121181 6402486 2626672 5204349
9387402 573986 2553407 1151135 6650698 4513486
2630137 426369 4637154 5213387 1588513 4782722
2977325 2828506 5066835 1212906 7606542 594394
1700148 6422907 8389908 8187075 7634980 6142140
2817880 2553186 4497610 3977730 2226214 8269639
2282258 6771712 7813801 156559 8977456 3872807
5276449 2574900 1604271 2063520 1964729 6818313
3826037 8654104 4362468 1827550 5241034 9141756
3259196 1290065 8319457 7526786 4702338 6203765
6814441 1200327 2939006 6411267 8333255 4097512
15875 8652407 8200155 6367515 2931128 4816801
6968920 2820765 3851049 1194027 5936456 5031641
8990122 9636627 4458178 1571594 4361038 8980875
1779671 990329 7312151 5355854 718533 936148
9950182 4755471 2069373 1610036 3342118 7777129
933801 8865182 4241645 7506758 2047645 3312322
8618158 7458522 5722975 9545667 4858630 2420269
5290706 2065168 5353608 3287815 8536663 5065710
1745586 5242846 6839288 3958130 4631595 7342925
6785361 4660021 7933873 7264006 6417332 8175656
2747427 5358884 9478646 6073920 260226 7071274
789995 1483364 7588982 1145856 2953436 6902516
3257899 2234004 6131699 4891882 65147 8653365
5582539 6662367 6218807 7003663 9864449 8099272
937840 6975670 4233586 6898720 721397 7387623
5378448 1354151 1041189 7547319 6798239 9499745
2941622 9216786 1804941 8282334 2497819 7053299
7476727 599730 2289409 9936772 700230 2397591
1211225 1893479 4594874 9280508 1681467 9754965
1956849 5743764 5494434 1379374 5136079 3284555
2837687 3891275 761966 201358 5767407 1599285
5861326 5710580 5435764 6631954 1950259 848360
6848423 7300205 4164547 9165508 9526935 9264719
5809862 1001067 6275439 1835995 5687494 8827918
2792749 6097940 9672684 1286223 5590470 1054475
4005310 1562248 4080706 8520386 5444647 8606543
6291332 7275369 4832322 690124 4075445 4989650
6961826 4579271 9943219 3746513 2432084 4381261
5590418 2791340 6216829 6229715 5569511 4135011
7009115 1001691 8203780 1934048 7408609 9669467
1926601 4575103 120110 4381289 2626643 388010
6767654 8328037 1855558 5558003 2874175 2251566
4432397 5119738 6925621 1285789 4874169 1108223
8884698 9046236 3665856 5291422 5695805 2799129
4837646 7775595 5992736 9945694 1511270 4442955
402762 4357284 9866760 5162854 8763522 9500342
4869539 2580537 1952627 9555208 6978859 4104046
2525703 32414 9917165 3965262 1797317 449773
7209390 5723325 6127522 7095557 3049350 8362372
6003611 6635179 8879298 7320981 9543642 4851047
4395274 6821959 6816767 7412603 5155240 8516891
2384806 9269542 6356215 7425279 6416250 2293631
9155595 9329489 2067377 9561809 2765718 5663390
2881963 872383 5978278 5542963 2736304 5787944
8315432 3307205 1307933 1504387 9159243 2128343
621044 7548557 3036894 7101580 5159934 156900
7287279 5113100 4877174 1400274 1580456 2527775
4093558 9784110 9307075 3833890 7939961 3719860
6294995 6441801 3869460 3215907 4439017 8671259
8872769 8852310 4085654 1028823 9097170 1848034
7208957 880418 110298 4227871 6804234 8867692
9256737 2054015 4169555 1910477 2274529 7652618
786216 1481689 9291926 3450502 1449405 2952193
6480868 4481542 5367243 7588073 5209391 2717441
8258883 7405137 3109540 4365634 8228811 6307623
6071245 6258456 6015930 3029139 4191316 700038
2417476 9865686 2979876 439382 4577152 5885946
9550304 4384518 4167272 6216842 2429691 2957327
9379333 5422266 7402905 1133461 4547954 4615627
6480791 9620883 5671027 7392856 5968988 9399097
5758152 4891102 3825203 7861931 5839231 6016073
1636688 7757076 7290373 8591888 1033025 1583718
9972317 6041486 9904389 9481296 8037768 824872
8550169 2042041 4975445 152212 4986301 2806544
8904718 4937784 1710502 1400302 6548348 4570432
5029011 5024620 3896698 3580779 4681230 9686049
2060742 1688373 8545287 8151198 4580154 4672614
5666954 787445 4389240 5819186 1161143 8506467
4711238 6999494 1583114 4846154 8842686 3926947
4423651 5605939 9904801 1018659 8957213 901447
4305571 236385 1208728 2719940 3562877 6008405
7687020 6391537 1360255 218339 7420554 6349395
2279585 398971 7461887 302831 4485257 4198855
8417303 3085531 3776640 3204034 6689063 9548853
2987318 182856 6181933 9969750 9157127 9075290
9781248 1042083 2731160 7643839 3845627 4343768
3463885 2947014 7224568 8380835 8132165 4769606
7146211 4492899 9578940 5233719 2566568 8443715
6465060 4120820 1120681 5705945 2601355 5871681
7124807 1101536 3547321 1659875 9732622 3380020
9826472 7717269 7234409 2284965 437091 6378470
3618235 4635745 6553343 3118118 6838945 1538243
6974287 36468 4953366 9007034 6057822 2196164
9969913 7753598 7616287 7738218 3504690 5036307
7954608 4075302 8440727 6859479 519032 2744090
796446 1804010 3214392 3844547 8554362 414896
7535196 4861246 4055807 3200469 1615484 7930822
1890371 3346941 7281874 9582438 8731657 2564887
918314 8117772 5043714 1351157 1689961 1979023
5763732 2088253 4212578 2198101 4330356 6361788
7937742 6758755 4116713 3809253 2321672 5034935
8323851 3129740 1482105 4538470 1471837 1196575
8140356 6769444 6138114 9685465 5847846 157749
7754433 8372170 5343644 5875840 5941164 2401259
7700376 9445289 114049 1235368 8080815 6466109
6202317 5337094 530889 7694019 5262726 4856728
3814109 8081118 1025269 2246938 1258586 5601917
1082781 6379844 6645935 3847138 3210800 4920517
5840909 6078267 6240406 4054829 4443668 5958186
1018144 2061902 817591 1715453 6108876 2876382
4920886 7088482 5048924 5015996 8336153 6134742
665685 446337 1506717 1281385 5871355 7766728
9132480 5507495 7113583 9741726 4793059 9561319
5755324 3853238 6234489 5193531 5394459 2002548
225702 2147487 893426 4572703 6675875 3200824
4039137 2098655 1972241 8148886 7326052 4170104
552993 6066784 8043691 511192 3181452 2764462
3413799 4559523 206911 8473677 4922348 8936173
8844602 1276417 7268843 1256271 5960129 2255638
6641893 9727354 1694023 3046376 4790294 6188665
5241316 6092982 3770462 8305893 7242247 3772699
5794487 983594 8181442 2943479 9188733 8726274
1517627 5244132 671785 3470026 1779732 834935
1795636 1752024 7225138 1957253 5728101 5399457
5931981 2782866 6138526 9716602 1506993 7598697
2476081 7506616 1276490 1855026 5269875 7088470
8994000 5107905 7317276 6434211 2679190 3938754
754730 5901123 2087684 8542568 9738643 715997
1583852 3171866 7947622 859087 1250739 3038270
8963526 3284063 364881 8371005 2373912 4459381
7634173 6077884 9476601 582744 467397 1682116
7449784 9662601 9974256 3583315 4476026 6671826
3517659 5361425 9072833 3286383 1202522 9826977
3311773 7389412 3044222 5422529 8132750 8335126
9651075 1616993 6255877 8238219 2891499 1985812
6723588 622994 2733993 2857894 8800038 6601306
4462153 171985 5433725 405567 1092783 76042
741740 8000536 8695840 1275795 7341428 5889313
3965436 5677142 2081540 537903 5059232 4984499
1415159 2211643 7945134 1141474 931669 8850404
5426239 9211564 6771101 7988443 6859726 3853031
3937832 659764 6561387 2471527 8824230 1030537
4393251 2906205 6296628 2968180 4680788 132213
9639286 8375279 4275565 366563 4272783 7214357
9904272 6185685 5563762 7749493 1442735 6588394
8656171 3320679 9240316 6583321 4979328 1881219
3304940 2753297 1140810 4842808 7337963 6681663
9327926 1493909 6852912 1051002 6144651 2153026
8687870 8446978 7530854 7812920 1502188 2556389
4574838 5059675 4938781 9556744 8084170 674041
8289269 6188339 9217029 9972992 3815355 5503550
1790221 7809930 7926876 4415409 9663239 1927491
8991403 4796478 1037316 7593901 1038636 2778874
361444 8853269 41033 3410735 9061622 2995756
9057540 843250 1818490 6683926 2008482 9919652
6942437 3748196 4669126 466768 6553539 1149623
7464634 9354933 7678553 1349361 9260781 8334721
4226150 4272461 8783739 5603362 8821517 6705710
1519073 6980937 4021038 2159907 9195299 9230901
633007 4878533 7126716 6221272 915452 2972104
3685060 5106294 5801447 8007223 7472972 5915043
7258364 8524634 8242939 9887692 129266 1683703
5100320 9012083 9592488 1706311 9184585 4789161
4212017 3454177 2021733 5112780 5164853 5027545
5898614 4782530 4552896 5438225 9833760 1675005
4022907 1243362 8439481 4706448 7664301 4154486
2533274 6218926 6799488 2868696 8344997 296883
8462771 1631380 6851671 2337335 7059586 183216
9638412 8926696 5693947 2337554 2009255 7461274
950371 8572280 9941441 773902 2108609 2690441
1362146 1820139 8690873 6567933 5864785 8885904
3244221 393871 1347781 5438001 9173037 2965658
7989672 1343321 5109179 1724849 6650008 3533472
8175874 3561278 7722943 4369680 5799812 907064
5981058 1685352 9234106 978207 3756077 9092021
4213045 1759372 4110317 4109046 1506549 6524858
1606010 1894837 5766595 7965766 9093114 6665715
8835434 4200411 9753659 2728288 4347882 665934
2352094 9225522 1922271 6407969 2598027 8547331
4967498 6992465 6020326 7783808 586875 4179432
9651797 2266013 6637794 2255760 1224955 7413664
8855341 3880625 9836771 8584321 118838 4755171
7766877 210107 4468164 1057228 5534246 1599400
1153405 3252769 7337470 8568172 8626113 4530554
7169749 7805076 9161344 5562986 9141548 4514083
504531 3822202 1307962 1587162 8313968 6827100
27920 6579673 2975456 2339994 3872947 467256
829162 3767772 9106683 7167100 8641092 2387920
4079166 3910269 1458219 4420926 6630403 7334106
6841962 1083625 3639900 2107239 5086011 3419879
8252320 3292355 4739077 5322687 8079789 6296636
3447208 6179714 1896138 7641063 1029307 8954572
8623944 8813410 9379821 6870214 7739009 4858340
5423871 2649 9163984 6773424 1483819 5231278
3055864 6083605 7191798 3973856 4745200 7230343
3187199 7920681 1493662 9555576 4087674 580591
5728178 5506475 5687983 2810046 3719891 2461377
491781 6438103 2880962 2503647 5796981 7816992
7954284 9971748 3344616 8781560 6683368 5083361
4255894 1478895 1808536 9507798 2266823 1996184
9104837 9473351 1434514 4665795 4453863 3108626
7460910 9068367 4725736 8799229 1142035 2232533
9170357 2613824 6282757 6702606 6281643 5045715
2350316 552216 286624 9374806 6019572 4773452
3885726 4405639 1237313 6410301 5299681 2608778
8772055 6220379 3239651 3691798 3705209 4246540
1026863 5825985 1984240 9772335 5042736 6728613
3091255 9155054 8829712 1112082 9611203 4069543
8800603 7553288 5197252 6762820 7157482 1714606
1709560 9730031 3453779 6661061 780069 48223
1871313 1050609 3768685 2116957 27173 4921655
8992882 5478558 8908615 2036217 5675743 455657
3061475 2577981 5509480 3558010 6283550 6864517
5943739 2773644 4794436 7167769 7609697 7746393
7411526 2009235 9062897 1525044 1982238 3975178
792760 4365801 5045916 1936016 7901021 3992127
2959927 974298 9127880 3908056 2119200 4132644
5160928 6764385 1877544 4741594 3701344 4579501
6205126 8151549 3446480 6589261 717322 8006424
5253787 4703544 3440911 6022292 4705431 8017938
5858758 7467837 3496319 4933437 1243457 1309941
5409741 1125459 4676959 1517352 598083 5309252
7736637 2035682 654444 661791 2006840 845312
5868848 2669931 8307891 4483396 5319918 3830689
528697 4203499 3648479 7039491 6682228 3197477
551215 6937635 6268866 1109942 8049298 4651362
636324 227491 5520928 567603 9331853 2575884
9902541 4687774 7553466 8137227 8852624 8681639
7351980 4591995 2696703 2595599 153443 2035500
9710046 1375361 2147918 9665630 4404739 7039958
7661462 8370249 4443230 1479482 966136 3660447
9040385 6626694 3986384 6003081 25467 1779349
5324384 5301245 3338077 5732006 4580855 632144
6277222 2391470 5350874 4966839 9687510 2090233
500773 7955616 6784191 4233366 1399895 6673937
2503443 970693 5822752 8480969 2906140 961603
8132654 8423058 3721637 3893018 9096841 2225929
4695254 1348899 4566528 917354 7271215 4852198
8697422 3978040 6794506 1515774 3388408 2013268
1689083 2694622 8682739 2352997 978709 3010519
6876256 4807019 5226799 7312447 3499637 9054773
5956597 6843414 2395105 2376474 7599351 6157796
6910506 2384204 3294629 3124945 271584 8338610
7523705 9583419 684401 1931992 5535943 7421855
9879431 987669 7582285 3809483 6791886 211517
2278864 5779657 7444349 711117 7016761 4289821
6999130 7382807 7849262 5511754 4960756 427800
2457093 6320948 6378688 636709 4605267 1004204
8718639 8564137 2423037 344128 4829291 1395289
2326118 4944263 9271075 7804943 7433016 2511967
1472488 2147113 51527 2183587 97609 1819694
8713447 6199389 5367442 9004807 6125815 2888777
489348 2011951 4622662 256600 9474899 9214995
1043166 9242721 6382401 6578081 5090843 8227748
7788479 1934735 950365 6049059 8384999 2072498
5018746 9194186 9949791 5337294 4039266 2813643
376273 273505 6223338 4558993 1923261 8405878
5636762 9713832 2438322 9534260 9854780 2817340
6772627 2069517 5469364 56080 6761776 8190294
6129566 4894407 7056269 1823778 4395107 8162874
869328 2664388 7814389 3294944 3986060 6931628
2938985 5152053 7972685 1809019 9880327 9201393
2991656 6484172 7319459 7976522 941318 5377011
5789425 8254218 2079955 8133025 9276431 6315481
6603133 4962666 2432410 1759497 9207727 9144858
5757373 8552494 5878397 8060464 3689665 9258873
591489 2341818 5727771 5506694 6595275 4702726
4844655 4963608 2189189 6267970 7064423 277603
870834 8153044 3953088 1679258 6034352 6140889
6082918 2736303 3387956 1498907 6691810 9023394
4499218 1179487 5944326 8827826 6051645 1327833
3322996 4931192 2794507 8060586 7385033 8599500
9649239 282731 1658943 7377229 3288369 4312823
4126292 335163 7898242 2154806 888663 1054683
5191770 4078115 2518141 9737508 1977545 953361
5870916 9092581 5650007 6704377 1007476 5415787
8758399 6016829 8911963 861356 2944973 2133231
7483096 2810247 768011 5353587 2030018 5751621
4481945 8705689 9447933 9075133 7372615 6356646
1125152 2344412 290824 4889642 3636056 1973529
8809692 3585487 2953646 1841145 2189669 8292451
2949493 2944862 9275255 6243155 8618829 7271540
5400859 3264936 7390189 5765011 4671710 8078415
286672 9838182 2048096 6766520 5255562 3271856
1505428 6795783 1719965 9293361 5579224 8663064
5124962 3868757 2380773 6938433 2051664 9359486
9179584 5641950 620578 2475559 2404094 9085156
6476365 8238789 86859 2176392 3674273 4107679
8966456 5360141 7672701 2212409 4602970 3797873
9925433 2043172 8329924 9681790 335717 5393886
6572486 3656132 7365637 612191 1118193 4750072
4890767 8462426 1213271 8030703 6585426 9029760
7457837 7811113 7434088 2962940 290154 7016773
3184996 9329035 3121509 7612286 326904 219083
990362 2912552 9265786 8582899 7013000 8492
1029561 9497794 5306232 5226691 5903073 8747962
1719518 5864174 7120596 5336787 7285625 5211847
2894407 935753 8774715 8642941 4754572 6791857
6363785 6962492 1753017 1313151 6496793 1006682
2272377 8960199 3329227 7146553 9621829 8205640
5484286 6307868 1449426 1204779 7001142 7087631
3723527 2231145 1908040 8686125 1243421 4425979
9896176 7848208 2043410 7909661 4717878 9391150
1444368 2347420 8157980 2473928 2219114 50507
8255474 9716409 3001001 4299550 2954314 6942873
5418734 4572965 6242345 8914955 9852501 977757
3762421 1689627 3934611 1687083 4919414 2523426
4883817 7677659 5719070 7327038 1416974 8648584
8963271 4362715 4242320 3938077 5702185 7274408
47660 3010357 4088753 1398918 2949305 7284732
4086629 9423976 9276831 4965166 3267391 6670456
8183634 981221 7995707 1065653 4147240 3028251
5456539 9757284 7428006 5634553 7590111 4541454
4331436 928435 8299435 4352416 5336278 8591598
2700552 1480657 8870779 8967936 8867295 6842144
6889003 2363502 8740321 6649878 7600453 5495437
3246595 9918650 4410267 9048614 9143403 435753
652877 7897618 215474 1214069 8481537 5944900
9846402 4413106 5420246 9547298 7067482 2020869
8985297 9734213 4087697 685232 2264614 1786734
7799676 9215697 2113926 1153563 4176650 1783738
4287929 8806660 2156830 1932568 2387958 7671460
131187 5282822 1785032 7863681 3699539 7438660
8376124 1486483 2999119 2925879 9121534 4454188
1421897 7341704 5296019 6719451 7664581 7866240
1407739 2561362 7654036 2623533 1248937 9927706
8321827 9499313 3720968 8431736 6926139 9674877
3788069 7913833 2025148 7748786 9416111 1784659
235837 1121615 6034674 6649037 2309108 778130
8787615 4873797 94163 7659737 9731665 6834945
6487718 7568477 1142079 4290590 524829 9826595
17423 7507653 4033884 1857325 9541854 4200225
3717692 9944388 4560343 3324241 9137809 1207701
2429040 3673111 7925592 3511359 6483613 6542965
1831566 4758702 252254 6875906 3835917 6375140
9833543 662089 9767648 6886022 1944017 9357661
8532797 9497479 7389003 2198552 7731363 1908457
7750775 8378512 1579760 1834448 2931344 2364720
6217786 5463373 5735987 8886461 5230697 6058553
8909352 2976358 1084863 4599113 2459023 5766127
9574341 3141516 3671735 7658744 2023782 8879765
4432576 6831669 8000370 5202682 4791444 9640330
3818697 230488 5941748 6017135 5760584 8105101
4963204 9997117 1827357 7887533 658119 8372544
639152 947081 5431392 3709094 7976669 8967659
8272797 3933684 7038455 1622876 2624210 4589846
8236721 92030 6354729 2699995 7401872 6099675
4364349 1015104 671929 6095656 5067764 5000208
116805 2892217 7215773 2979762 9635908 2461906
3938770 1686807 2483397 5299191 7019591 1076700
3448372 723482 8855000 9032711 6929884 857759
2601875 2195821 7606277 1351902 7780413 5668554
1750371 2263209 2595245 5727682 3523184 9643015
7700615 4543496 5879317 431183 3592289 5084451
1751885 5293035 4297775 4576549 7684105 937402
2106448 2937530 3072438 5278028 9251623 6678389
7244674 5331637 4085220 9814169 3493781 2871942
7393931 8764903 5111804 1547219 1229390 7372699
9866660 8211088 8163623 2840382 7598576 2476095
5197383 3017188 7131193 3770548 7280826 1636848
6559983 8025326 4511715 6668875 9245453 4842883
2596116 6472343 3011585 5916855 8483007 8191546
5557794 7886445 1049714 3007375 3037252 4827385
9972647 204666 4063645 6925076 4709888 9473017
2773778 9266066 5338954 596342 80645 6234434
9547196 3474126 8050811 2448371 3254185 5468455
8360226 725055 9519449 268921 8951103 4757047
4361113 3949805 9728081 9972076 7282587 9712130
1426381 2190008 9979936 2303807 3797901 7076159
7573203 9634907 3315438 5038698 3895096 9979386
9503928 1999773 6391697 6777151 6369659 5008881
140734 3109423 4632260 5581259 4647148 2312196
5307936 9703726 1253563 9306598 2563962 760082
9744935 2801702 1983479 5626823 9169961 7890637
6254497 7243389 9676225 974651 4875168 3619278
2153017 3321527 6829959 9540063 764992 6951329
8365349 7583961 7580146 4719200 9831341 4173164
5079870 5845122 7542859 7667739 6995871 4094174
5822596 8266605 7070944 2555355 5293762 1093394
7995907 3877105 2829812 8501060 522653 9126269
5332656 9166083 8234255 1012981 3428241 1325621
5482236 5767872 8938733 4302233 941248 4980001
3179936 5025735 2970360 7810315 546953 3324838
347777 8586757 247518 5582050 5152055 6608562
6548333 9597662 8027764 5736565 1544156 6887887
4121516 9864288 7061307 8453876 9386543 665258
5938909 4066888 2416880 6217238 2185503 1227998
5155440 1520362 7325356 2090943 9375418 268026
8123033 185591 3330151 9504973 8153282 1935896
8878751 9750605 4014027 1625692 4464648 3830579
3297856 9745671 4223716 2050846 180716 1076959
7918693 4726060 5639192 2305101 1871406 6480064
907958 4130539 6401254 9019520 426609 3631692
9283206 4457389 222243 7759737 7613531 1358564
3557735 4616543 1711006 5125411 9575125 9635938
6651231 4313216 9602239 8586300 2919381 2439831
7004281 3104594 1339645 6248396 4172249 4649358
4628834 5817932 8314185 6850086 8597015 4022743
5534641 9859230 9323996 382335 2342485 7258
3608335 5538118 2132139 2865152 8493111 5564173
9365953 2793282 5150934 6003254 5653870 7558189
6877825 2321657 1211157 3961422 2015238 7322014
2292047 3034809 285139 5572885 3130903 1795599
3044378 6707648 6019528 7688262 9590769 9715894
311941 6268896 1970730 9594981 4977964 7381263
307691 4139129 4611483 5775471 6882442 1378967
9498423 8625580 164062 755996 9972261 6275357
2811585 1573218 7843992 2001981 8090288 9307676
9722118 8035449 2407215 336540 9820773 1785462
9544645 1677691 3202512 5435040 5691312 9384974
5587458 7282843 7343692 3829894 3653731 7876109
2710531 6516575 6152367 8906172 6074462 4505322
1631536 2288381 6735387 9744170 4876676 8017551
1871902 8309959 8178608 2663054 9872862 6942515
4974047 9971151 4318355 2826020 6230826 5204751
8176455 4063382 2934267 779088 5168538 2689417
8931664 8981691 7919487 9967882 9291450 1573712
3155308 815946 1960986 7901893 8705004 7532392
5050075 9800474 6801014 5184960 3563138 7381353
1206366 2924403 7409981 401177 8855846 3682580
3557754 9884510 285748 947615 729716 2011080
1571054 852448 7119843 4045969 812506 5894985
98063 1904019 9018509 6604895 9507745 9056915
4981528 7072154 1266146 6785963 7775945 6430352
8403737 2991495 500244 5552914 9572721 2244134
5279436 8530486 125845 4236907 6410128 9406939
1287964 2207693 86230 9949906 6330838 7852555
412548 1004105 8987967 906029 5086896 1659119
8362843 4601471 3416657 8353065 5419649 1783691
2416433 6771791 2108565 3855396 2543878 7738221
1510835 6018139 1279726 4875708 8766533 2282020
5769140 5861156 5493890 9611570 5316930 7300052
8970685 5031621 741315 3413591 6373414 6771840
7442384 7497708 7904598 8841125 7190070 4971250
8827477 6926370 3110837 8342153 1820474 9638337
7298373 7432567 9663815 2348009 8439071 312698
6572828 5536839 2237572 6705947 5136888 9225740
6165228 8751273 9284540 6116604 9382379 388028
1042375 9002841 398376 5336725 6413012 5046169
9833622 2669710 8828069 6308476 6048231 1840162
9171182 7426986 4040682 5855552 2313196 7884362
7636236 6622676 6592549 428617 6840763 836575
4534268 736436 2360819 8678858 2675896 8438797
5686710 2710872 7543990 2722809 7299777 2817632
9239961 1961648 1019555 4617645 2514386 5769361
1484629 264352 9488608 397409 7534765 7709902
5185057 309675 6438077 1400177 8480368 2759703
3795478 613758 2162078 9561800 802456 5676575
2685350 1154764 9993813 389271 621766 3337358
4296171 6448373 127209 1223049 6615591 351547
6864807 3018591 4108290 823188 8943987 6576411
1347967 4136858 3201671 4650917 3493800 2366220
2000720 4286532 4230504 4784287 8927330 6686018
655554 9678160 1159191 5342979 1932295 1359621
5775547 1095357 9642586 6151249 6101237 1086391
7582692 3962008 3694084 6086529 4535369 5461776
8651412 2972289 1669771 5585667 8213833 6665598
2474904 8034433 7660964 7627592 8388551 6335233
9106854 9511883 7521042 3441191 567494 6937430
9192356 1521828 1086295 2748668 5047641 7848629
6933824 5196718 8035621 2115280 7068224 9531791
8672136 5914190 9751162 8768727 6132874 5955041
5016246 5069887 1464326 4493593 2868074 3897862
3698657 8147954 2706805 3307352 7044394 6589353
3565348 4141500 3394513 6756653 6894172 3013541
4375481 5902744 7924647 3821142 8651842 3017115
8629976 359624 966208 8129172 8955456 2474360
6584070 338126 3379009 1566000 8424944 5497607
5473103 4698762 8653753 7188433 9050011 6899686
5141823 3626472 8152323 1446267 8549931 2926723
6137278 1915482 9020018 6737621 4393246 230130
8030393 1195104 6418044 8447211 5863616 2508450
2931653 5569484 9192498 232444 6723282 6706267
3210344 1999347 5716556 7896905 1283549 2195410
4359788 7187047 6852732 1024961 8679318 5025369
4864792 7183709 1809693 8039484 1991894 7039973
3454342 9846449 5944880 3148878 3535607 7229840
9079563 7025892 8835145 6145303 4256779 3480527
7707187 4909378 6903190 1446055 8235923 6550583
7210167 8240372 631933 6824607 2377833 7206198
3377397 7005432 2515785 1392674 3582418 8679907
698756 4892169 3577589 2152525 6778102 6876832
761387 61465 8463740 8486715 8817342 4257656
3360264 8214485 2930268 3372205 3317773 3769940
8122179 3418737 8947786 5259109 829316 3751522
6408039 6629735 7468616 8738682 9771480 6530175
4714055 7686888 3443473 155238 5446546 9364610
9902938 5554662 8131276 26357 684668 8174457
8086842 8723452 9423029 6374276 3464343 4163347
4275930 5192 3687658 8745844 3270495 163681
9732121 5439647 4062852 9826066 5744485 148367
9408216 2022705 289985 1933565 3772659 1130454
814183 3205026 2767939 3565657 3469266 7763111
5638663 8095822 2734069 773328 7172266 2105864
4328492 33763 3165391 3305268 4462751 9766288
2842516 5968210 4416393 3279792 423116 6899
5301758 76872 9810176 7982909 618140 8661962
7884471 6153277 4950793 8292575 5560093 259316
1395408 710272 6535925 5924546 3107180 5174672
7429612 8958792 8267380 1956988 5497573 5710722
6982975 6102948 7559953 523697 9091048 7804448
6714060 7534390 2781910 2761040 8263899 3392394
7952934 7655754 7477681 4072106 2888856 1018989
7155070 6035917 4473670 2906074 1909859 3752479
3230362 6917969 2861029 9241720 5850179 1464323
1739518 3344769 4579298 4099454 999934 4515192
1102009 7360774 7062228 7146344 1578514 8025702
7477406 8634368 2446372 3143531 7971611 5451426
7696990 3357506 6069935 7248390 4801917 9461655
1237051 4076900 4193088 3807473 7293334 2173078
4943418 7472340 1684211 1317586 1021521 4919129
8813095 3853480 6655820 2962489 2970096 5528081
3956760 8725 4457402 6447967 5428667 3275490
1306106 86830 8946357 7409603 1544729 2492672
5394387 4491127 8542852 5117642 2862402 6923033
322103 7294535 67440 4889150 2202926 4106174
6341490 6159820 7612847 7527243 4330435 4118131
8795606 4734501 387410 541853 3291630 4793191
5004252 4789084 8648232 917597 2501367 7206503
3226720 7533815 5927610 9191538 5923198 6530393
6376277 3695453 991077 9732787 2640385 5675560
5460641 9067610 7805799 351228 106476 9268847
5662643 3778863 5756395 4828226 8613996 6810228
2105262 4852534 1199497 3749660 113389 8073318
8274800 9404505 4793168 2860936 1662429 4669111
8178563 7149952 236621 1082454 1150965 634982
3127054 9062819 2094115 4711849 5081211 4224019
6987392 4653024 4682607 9379385 5254954 8722503
1450108 8398494 8919818 9117381 7086276 1070664
5330895 2626616 3582063 2917758 1457986 3235879
882391 2599705 7405181 3136688 2172664 2956524
9032225 4580189 2627897 5121413 1701171 9551177
4716112 7393413 9771322 6975477 6762268 5460365
3390711 8895414 4149551 6070664 1410827 3263934
5749292 9061182 63675 9165957 5751558 8524348
7052918 209296 7604832 8858235 3829457 2481506
6818838 3850703 2480359 1726082 347160 674765
6094605 6328694 6697323 9368640 4401268 9692862
1299342 8355417 5864348 8121697 9527047 2562572
9086328 4811726 1188877 4141246 7387395 3111482
2892848 9866268 8828630 4103549 8068494 1491875
1946345 5857877 3563955 7289815 156638 2911564
2980005 1664628 8548254 3474785 9976058 5082132
6566611 6380652 4659913 370812 7866614 7396140
2660000 8931220 682248 5042260 9771906 9017730
1292628 2677592 6463308 9368876 8833233 480891
1846134 1991056 8260200 5205448 7422295 8543391
6128907 4009526 8198779 2952783 5141691 7862418
4014317 5611542 4835667 6106745 7574635 1006743
8451569 2522035 1999653 1432489 1443548 9137274
809626 6904084 6085970 4546224 5997187 7479046
6448256 3611129 2831395 8067362 1628651 7985002
6821932 1361163 8958356 6116521 4241905 3857088
9197361 9707216 3789528 2819830 1027942 4160364
4182063 5185883 5102956 5456564 917307 6311197
8481238 413644 547507 9122925 4395821 518210
2457421 1582683 8012338 719732 6504527 1530562
5031022 5946954 3982891 6850665 9284812 6213472
2048386 2335047 8280130 8142565 2235128 1736332
5347745 7989795 5876141 1925606 364161 811304
2376090 991691 2693821 6520197 9586124 1215006
7437494 7699006 6965341 8440145 3659100 2659222
5844749 8477629 3202689 2258965 7788808 5080988
177472 7331397 5901070 8889484 3408178 8582259
8031067 338672 8178516 8811175 3775180 6406026
4642068 531814 1218521 7201034 8343642 5512835
8836741 8510824 6360829 2767885 9413171 1585805
9248130 3608240 8675947 5620908 2297815 3757499
8533643 3088779 200987 795153 1748133 3032764
4910234 3486605 7583513 4111561 8489130 9247451
3036489 8626318 3923826 559315 3798076 3127285
1440700 8643714 133986 7689853 3422224 9277983
8720158 7409587 7918225 4315264 9641353 9799937
9906312 2410158 8040856 4421017 277532 686400
6205038 3846915 8783680 8185757 2290800 4857036
7929322 4725179 21694 7113377 9731395 786852
7661979 8688815 9810163 5548661 4180208 3654101
3623512 843789 9666555 923004 2074995 4338546
5114538 594969 3845252 7783575 4205249 6078972
1206595 8615472 8348786 3237426 4354276 9951161
4343605 3254942 6352914 5276950 9760531 8697044
9256288 1606780 7678191 7131373 6653285 952537
9989773 4357651 8229950 4386755 797505 9433742
1019844 5282034 1771920 4445134 3071219 1695830
1011784 145746 519930 3942722 5906782 1115923
2438065 4424553 4334538 9859002 1205056 925266
7301186 8346562 1083258 969510 1666715 468214
6660355 7983164 3941684 2892714 7793802 9847597
7849021 6819839 7817967 8915044 2217581 9072242
8179241 9898470 183722 4657083 4265166 9614784
8177114 5313566 5699997 6562267 4693307 2228731
6617999 130771 3152595 7304684 7085569 2450943
8350483 50334 3615318 1303705 7784778 5088054
7754146 8119069 2351944 672332 6093700 9086943
3297956 3523021 2206972 5262295 1679760 1306585
741543 2644102 4081395 1468474 2792395 6353148
4768217 98087 3289857 1712952 6274715 7663030
6695001 544337 9734270 5367024 564560 2167246
5456924 6875536 2113691 5095668 6902937 6146096
7262839 7504781 9219866 6613053 3264310 1170286
21759 1355703 8451010 1846010 6563140 4441466
8369547 6882009 7257938 7262169 6535488 7686690
1798197 6041193 1844354 4688913 3977331 5549362
9352673 7930932 2958461 39725 9805371 4804224
9192893 5645875 5741165 7935299 4205634 5287614
7133282 8155163 6833777 2119571 1691193 4919011
9212020 4848991 3981196 5292803 6997476 3682550
4909307 8194754 340047 4427000 3297470 861743
4301741 2573926 3527450 3670504 7260380 5333378
8211825 9982033 1550332 3646786 2653116 917265
8700301 434247 2676375 1970324 128887 8380324
852913 9678626 4349999 6925343 5476893 9128339
1568165 4059869 933455 9275910 5130417 1610616
4464176 4765892 2348404 4879421 3633558 1631708
1760163 3462777 894783 1500399 3907746 1709160
3368679 5565234 2195874 3063931 6592502 6563229
1006175 2938983 8065866 1959723 3574087 3618844
6511743 7376397 7097032 4399111 2102338 3200510
4399922 8935914 4851615 9939715 9182609 7887223
8568861 3820879 6800688 1044666 210161 6666109
7485541 9352514 5770880 2640839 3556664 9911659
6932464 8504234 7467367 4370225 8269734 2191434
3544750 2504453 1191805 8729560 8367677 6257160
4534675 7361052 1360439 7694272 7100476 4971831
6857544 3428963 6382624 4308651 4495069 2771623
9762540 9961509 2728821 1399756 4474181 4221572
7847964 3870904 3819733 7185373 7466646 3598104
5733143 29696 666180 2660180 6394964 6678155
6695417 9839301 5453202 543528 6509990 2849109
5305670 9791269 2252037 799048 5783295 127700
3529034 2623813 4009164 4695743 4607685 8308225
9462612 2144993 8030272 6970233 881595 4496773
2437427 7349302 9894405 7762335 1961128 7070780
4305651 4197364 7033998 9704468 7613233 4655768
7318421 9219012 3451518 9879712 6094085 4682911
1969534 7048915 8087608 3692032 3656338 4842832
9588939 1037399 5422011 2357954 3197567 4249971
8647883 9725184 8957705 956428 8106101 9160688
2954703 7543335 7830140 5181257 6493397 1585931
3093701 3824565 5010580 9353396 7377322 5388672
4856707 9582900 6050907 3347360 5000698 3832680
6409164 8745394 3692963 5051573 8173395 923729
1648769 1947696 999796 2784027 1056585 7888048
5698063 6361992 1112911 4290829 6925009 8550750
6852771 6788277 555517 6501677 598331 9831772
9832251 235543 3660076 33338 7501247 3614667
8199063 5300523 4724486 5125024 4547264 9360706
5467724 7903130 9369940 6906411 3532488 4545701
586134 309674 2767980 7122532 3655332 1015330
4275760 565877 2657891 7500157 6494588 8212421
3277162 9907486 8147063 3861191 5219321 7937852
7263652 1615430 4446448 7385128 4584964 5756061
3163562 573038 1814727 1752204 8823105 9021878
9180809 9946360 3255789 6009816 5915542 288656
7063791 2709719 6580210 2644746 5757578 6935370
956776 698905 8805934 6512064 1847862 4639777
1213643 1606533 2683808 1432087 9642758 1917058
99252 3201005 5724709 7011919 3958969 3082294
9200602 2523556 1742772 3636012 8319347 6548228
4956632 7267346 3991943 7858406 6797399 2509601
1357642 4618906 5857851 7511077 6428352 3886059
6950127 6651497 8725176 7174950 538560 7216572
6338069 7748722 303601 1338730 5910563 2714537
4563947 51872 8750750 3497915 3444143 3234021
5192598 7320764 2379557 2257705 1555432 4580515
647834 3355237 4809133 174207 74445 5023852
6059206 2588174 6772653 1838650 61791 7307472
4357118 2025652 1984995 4526199 7297942 570625
6244627 3617901 1356782 1277406 3294459 6745526
3758851 7859726 1174762 2623830 2318479 9107588
1506501 4692421 5096064 4144660 6527115 7183323
2407438 6163862 7674276 5279749 5279524 3322388
5941883 2725296 9990080 1443277 9140797 1418490
1249026 666398 22821 1808931 6013078 7937531
3223733 9370427 60778 8063606 6415356 2214719
3849089 3435376 269695 7665064 332149 5369370
2211407 212457 5498536 4801672 2118761 1134079
2896349 964878 8338376 8034393 5335522 569163
6755445 2315573 8718929 9756271 1374804 1652080
9084766 9697570 8679342 7158532 920927 7156688
7122545 4343831 9748506 5459557 1430659 1844148
3052693 8276818 2393147 4620710 9231870 8928339
5919953 6447353 8547636 8888741 8912582 5048200
9599154 5189339 4034904 9491614 1308160 4099782
3495790 4092817 2060572 8617614 8580298 634579
6690027 5052874 9291529 8341848 7679127 7774930
1385573 7436792 9534218 6494228 4981700 7058704
8176016 2134735 3083703 9790589 3836317 4927450
3104444 196024 784987 3631141 7559378 5731588
3121783 7630930 3035670 5648723 1963767 7337841
9783576 4435079 9696520 1758567 7930682 4178995
9636810 7578105 8768226 772706 7503168 1475789
5513982 3104926 207639 6976200 1315598 9173425
1016078 3705200 256499 7133121 5513170 8384273
9849591 3058885 7493496 3559941 5220064 48196
4739259 5736849 5473025 2196377 6710652 546621
7362183 6417448 4204052 8904708 153779 6258212
6159223 2331737 2692856 9309198 8117159 4454451
5523949 6145583 6315331 3862244 4632644 8258566
7081341 2650454 8921908 1312246 1908976 4871797
6685498 6076868 2358040 8720030 6033446 1766318
6002764 3317604 6394273 9661017 9614016 4898150
4969373 2111370 3551421 3998287 973898 3181432
5691417 540392 4941726 3039044 8035991 9074481
3732865 877015 1104204 7214458 5115035 4060197
1624712 6049936 4508471 9332255 2219209 4076910
3900171 7439193 6298290 926537 3306433 4799555
8060178 5862931 6531567 1417181 8892871 2521274
4707144 3083054 1676556 5740476 5620829 1368583
9930071 3646454 8040876 3283559 4987165 5156431
662114 8788305 8202568 2334075 8036305 3564079
389678 5637118 9892161 9474511 98115 3534704
6883142 4764880 7233959 142170 4978866 2173060
2542914 2315683 1984143 8582930 2507314 2031981
2383641 5884236 429107 3139887 9402184 8572755
6036033 616612 2452028 1141859 264422 4518128
6596986 5726102 7826625 2967487 1027502 3255753
2629112 5232633 2984938 8141851 8857334 855949
4134624 9787900 8667587 5867816 740645 2671481
3172288 2079183 6280991 6170586 9950434 2152069
3134972 7249791 6234933 1319406 3438477 9481503
1082675 5741283 4500457 2715831 3545184 9252764
4346434 9575426 1288181 8728390 5953817 7274680
9047043 4241789 7026901 9573157 9005263 9614284
9905167 168217 9875967 9780547 7969570 8185238
8237136 426399 5775667 5674555 9832515 3777710
7020819 1309705 1794156 3503435 7059176 3116051
6355492 1418793 6242715 9414823 1521381 1165218
1383299 4443898 6125366 9006310 7123543 5708644
5125167 3561814 8244527 6620649 1414239 3270260
9605536 1302128 7771712 6315218 4478694 3118784
3477096 8671878 9742910 7510470 1707570 4644112
5480524 5543608 7182613 3910850 3217665 7586470
3371568 490344 8646835 8710748 8397248 3525672
2059872 9230826 3302855 67023 549387 6270701
5533183 400169 9895466 8523896 3897898 5757047
5344338 40274 6940099 3123930 5937726 2849502
1422307 3872828 2736327 1481253 3525785 1579935
8526031 1214317 344149 658057 3249081 923894
4623424 894788 2904879 4246039 4255345 5247867
9815929 3410073 8122491 3472209 1977287 1307401
4748645 6956628 1645709 1425565 8566511 3177390
646371 247637 4552617 5797333 7288440 4524420
789345 578619 5705041 1722919 1540992 9335070
5926552 4875125 7151088 8971571 3900471 3003110
2852168 1098299 5784929 1692231 3308001 2527653
4727011 7950098 1895540 1428926 6732608 6569156
9934226 7100465 2647805 7166758 11686 3001444
6371277 8826091 3606347 8380459 3456694 3676726
9542825 8093009 1869080 8787420 7545657 7102162
4156313 5777073 3056157 8642598 8573397 7468212
7392461 8954139 6939635 2024963 1070321 9338342
2628879 9360419 3846010 9135884 1788693 4440526
6687265 8759794 4863439 4149643 2600294 5074380
9396763 4471708 7641605 2108202 2149405 5214992
658572 5939591 404441 4793378 7272613 955534
3512999 1291628 8527068 5179592 9774296 1057546
6061808 4346314 7755769 4268005 5751580 4096275
9830715 406940 6304315 7428554 2100154 8785862
2238722 6669 3176779 7981776 9245835 4101689
9826607 5284259 6804733 1724643 1366390 5130730
8933900 7835501 2087805 2890475 5622885 497065
5913457 1507673 8985498 3805892 8087835 8253979
7318610 5128757 8720127 3545330 2277487 1742464
8910676 3230018 3839436 1618578 2554655 7265944
7778755 5531222 2045792 4425379 5352985 4490036
4252812 4337165 2979923 2625039 5334104 7916079
2008469 6940239 4784055 5807250 1515096 592481
9800364 8432830 1918834 4922799 663166 4117078
5381561 6281277 3006772 5062269 2813966 8136372
1291293 7315322 5280845 4821861 5111720 91662
8451272 1488078 6154688 4495461 9553079 3750669
5274056 4693571 9794652 804048 1536860 5337247
6958409 3103425 1714921 3246955 1818213 4121825
5347109 2855955 4868056 7928714 9043817 9071707
1483264 9190543 1523198 4843551 1333745 8018781
2635233 7186607 1828518 4692392 7355977 27017
4437793 5304903 8879750 8168164 9648743 5969594
4322425 4577512 4744416 7669524 8103860 9710541
6421450 8044338 5497109 1159020 9474751 2255765
5223606 522558 2444261 7082980 3012196 362536
2227471 430504 3359825 1775870 8168815 4350252
3508728 2266016 5747447 1687904 8809162 6513309
5242074 7178945 3207211 8898461 3606289 4466304
4327291 3813739 1086683 1812657 8422101 3289407
2521672 1476213 7711856 9572753 9468786 6833419
7582756 7354812 2292707 8517214 5940693 9218238
2609769 2546554 6408697 394163 4160796 5837843
3963093 4733546 9235175 8983799 5916945 2295806
9048553 6325144 6916269 7977956 2755688 9198456
9275852 414813 2008403 70417 9254198 6692601
6638396 3935974 2797230 8914028 4105147 1454349
4220602 6724860 1238252 3988973 6288692 1059734
8057606 3933128 9652943 5248839 7849564 3688555
4054231 3537872 5559267 5416049 524199 3143641
9917150 9604799 4599124 3094250 9241361 5525879
7209835 2539351 3292356 9716096 3755766 224821
3040613 5049065 628398 7780826 4763197 9192085
1057554 5059580 36452 5856534 9920349 8822560
9545513 4027012 2565249 8319848 6016186 5716325
1133334 1222347 3411774 9653588 8996877 4500348
6855225 1126351 7483498 5712372 6779137 3749340
7767378 8341510 177361 9428121 2208226 2800499
3060156 6273405 8774674 6367181 4358495 5464619
3107189 4060615 9684450 5776563 3548737 5214348
2960630 8889987 6523165 7576031 8582761 2533419
6813046 3387024 6052187 6128050 925600 3636846
1708586 5345181 8280442 6287111 8089156 1578838
8645198 117391 1818785 9764750 5259691 9742780
6941650 4766152 6863851 7947155 6546399 4936262
4815897 1078661 7577613 2269149 2751742 7889150
7226175 191347 9758749 7643942 2615074 8821202
6748311 6932106 5347804 5137828 4658594 9013314
7184176 6820077 5971459 8105611 7131365 3431345
3395562 3195879 3630295 6780385 634380 3816609
5669567 8865891 6840625 1115925 1312152 9846939
6059232 9439437 2593439 391292 9060936 7897809
1820089 1001256 7502317 2997583 3016438 8327585
4394975 1803821 107557 7850537 762979 9726321
8964802 6710286 3947296 4146267 8873587 9555862
4258855 445790 9556966 5942139 1974374 3749183
1980577 5632386 5619953 5500865 9078595 5219157
6419875 6792884 7759141 8073649 6285522 6130108
5929028 397979 179441 5302709 2385409 8830558
3709052 7819030 8102911 7114303 2151122 4601866
5899642 1912965 565850 3037576 6132436 8615146
8340843 5877949 9026881 3753133 1017006 7384051
2707631 8894110 2725226 4888399 1430661 3970095
1967180 891153 424764 7817187 8217239 8475607
9376421 8956145 8060380 726407 2233087 4155343
5646271 4866273 3481264 1018087 9601222 7165630
4653307 3382298 660447 9143994 9732806 407572
7103226 2175894 9380973 2795389 2595078 3491298
6105332 8820652 6388368 4132816 5147122 1259968
4177102 8082455 3695725 2090242 3661155 7176291
554765 7614435 3644862 4871538 8106862 6150732
3902787 1689544 9292888 5559595 235091 8048363
3309647 2823186 1158347 17191 713960 6041344
9094634 6581031 6361067 4569082 4621075 3412435
7766974 1513455 9719150 2221295 6840985 1518767
3469904 2563065 9721143 3484155 8589228 2118370
6762710 2231688 4069032 3230240 8892601 905534
4198410 545736 8585560 8340005 823168 2323936
101621 4159910 7368494 7654381 2995607 7080124
815224 5985683 2993359 232426 7104563 6593406
6431581 1681492 4848558 7774120 2089691 7672026
8327220 9825492 4233957 9039976 3254481 8482272
1972311 5864393 7688429 5455532 370672 4075339
4826874 9426969 690286 7395213 2119673 2681074
4150272 5815523 9567457 2641018 2668931 2603545
9125010 6530283 5127125 7475625 6798659 7211109
6056975 6424289 8456045 913533 12785 997676
8089979 1061645 905429 8886222 5682069 7131214
9391694 5359691 5615011 8918020 5405551 7677593
5903120 9036367 9561818 2167483 3623847 6274167
8104569 5686201 7156560 1630411 9914965 6724197
3355146 4496686 9065734 477319 9398557 3946382
5619293 3913340 9414184 9692609 9305234 1058028
1775645 5264050 133454 2436243 3249324 7309239
6988534 206990 1124731 7449531 1572505 7762291
7649291 3889491 2800441 2181877 2808964 4326583
3841115 6459567 1146679 4181231 5531075 1185383
8065479 8914374 5961134 1668628 3298726 1492211
8263409 6210510 9731132 8503790 391838 8359797
6140713 5668325 2436877 9847321 4641877 9707975
5599465 5905614 2924180 1303442 2828028 5509065
1145941 3437416 1104376 5087600 5851494 2845666
9911348 7594413 9732974 8948070 4370763 4334949
1348104 5319905 6908263 9632520 9186122 5361994
8031158 9145500 3497653 4440644 6041163 7140639
1889706 3993793 1817690 1438704 8581765 9625461
8261202 6762037 6086346 452069 522687 9861310
387834 3175808 359016 6885466 8592441 2797424
8626822 7192642 1297561 8101927 8499217 9321972
2799712 5966945 6719492 7562186 3272283 3682527
2011411 6705296 7396252 3963737 3197894 1857700
1027976 8472644 9012647 107513 686868 7608726
8248603 896034 4797217 7046952 9244685 6010314
5002977 1145692 553059 700229 5813821 8848521
5843077 3787778 5494576 2495718 8638991 2614820
2905969 699015 3489753 2403818 8440658 3817390
2465058 6424097 9977913 8501316 5857489 119796
3784776 8519308 6505774 3688835 9853324 7603182
4524754 5752759 6722259 709177 2559209 2126590
3129468 1311182 891475 8547731 8120659 9410115
6363123 8532258 9833652 6397827 7201544 9987852
4118972 5844784 2455376 979827 4581894 2820588
6032400 6501660 5288203 433263 6915452 7294513
2342746 2154241 3934454 7891394 7970963 2886232
5892561 2196791 8139806 1363163 9274350 7129475
2925915 3917326 8303437 567798 2138193 7325230
286144 7386948 1317763 6517921 9569863 4008539
5147805 3544927 1170864 3901671 4676777 6057549
6838387 2696205 4395729 3596961 6204984 5966418
5475661 8471728 561294 6947420 505266 5004753
1848046 2755809 6570434 5325900 8053911 664567
4517150 5464602 4363466 7962972 147118 9528503
5976749 5824824 2584378 9925914 2743589 4426036
1715367 1990890 7520014 2082256 4524775 6578145
2733746 9328953 7712342 2337019 5092137 3666464
6763936 3338723 6881682 6313010 4669875 6814053
7438104 9821904 5491015 506297 9384520 9212175
1694082 8875415 2549086 4867225 7620212 380159
3382039 5549746 5728139 6135257 5232052 8514376
7484739 9765789 8231033 9992289 2592154 8724957
2952225 2180131 372464 697001 1199036 6808395
2646821 9663739 1154949 5770324 2487810 2921685
8935021 1209070 2606369 8307838 388174 5649360
4029059 7866521 1708741 7332182 8954979 9542390
7938325 628678 8106670 8367306 8828271 4904085
8583019 7445815 7229750 6766058 7554071 7204389
8839710 997080 7676379 5740690 2220404 7956473
9225210 7611714 3061936 2806453 7200236 4022982
5908006 9176900 9377614 2581673 5963230 4725632
7016215 5620043 3225151 830074 2758676 570357
8701724 4279514 835468 6250863 7187305 5041994
5691935 2168962 3654999 5401979 9468128 9391094
7972981 8288368 5646117 3752268 8106971 1343264
6480454 5131871 3428441 4083688 2459300 9651370
5526471 6001346 1482584 2504117 9749842 1934027
3979238 8009635 8238404 7106021 7038966 7940889
7121005 2974346 424409 8019941 7114518 5031273
367983 506026 9708771 9986520 4608692 7674862
9079515 3263947 7513072 1881886 4349620 7626804
7141915 4618035 1820213 1184097 724392 1185958
3559410 3187817 2419120 1720971 1422741 1458492
1152689 866959 1249401 7705227 6631263 5132624
918855 8460512 8017352 8397168 3715704 1953273
9942599 5539950 1392653 3807722 3424602 6485895
4420955 2097352 3660015 611600 9964105 2420930
6120675 5936907 2249954 9238450 4460531 3926701
2612153 8647011 9083285 8250278 8833830 3741732
6425460 1374287 6632683 2380447 963031 5889108
9609451 8744747 902331 9866940 1241497 5184442
9793304 9751687 9763215 5933224 7300016 9325389
7798477 541089 902854 8828470 1584551 694355
2882670 1680404 3999980 4090651 5785014 5068692
2869987 1692320 6706119 7650921 7382261 2050314
9853211 2040508 1134321 7770907 1002149 1219358
1518599 6253735 4695409 7065512 9445145 4708844
4163486 6678928 1346995 9757896 451801 8292740
2838877 7596990 9789735 5938328 9497776 9282626
1889127 5518799 2959732 5833638 6996952 9549177
8478322 2142383 2369425 7712900 6080012 5259507
8191068 27569 9538940 9683496 7309870 5330816
5998945 5817158 2235258 9291136 9927165 9106085
3721697 3112091 1240519 8413378 4812043 9785271
2260579 3914883 2542731 1851694 5881780 5483349
8259625 5684961 9256782 5146232 8587189 7302762
2339418 6450585 598916 6087487 1566828 424231
8753800 3155381 287119 4458919 9939382 3680618
7047367 2597990 5591633 3853646 2111941 3884861
8308657 64943 7330339 2584154 5452321 2165128
2716776 6339373 4145789 4055590 1423871 1624908
6074034 852713 7229968 4932496 6951718 3476579
8507169 7634209 1545262 816287 9659578 1656662
9498151 7801660 3975501 8862112 4804326 3283789
9891715 4405978 3573020 5371920 6837574 8522246
9972423 9755263 998264 8433787 3370711 5227454
6278441 4698209 1731510 8662210 8384884 9086669
6450650 2114871 5646272 2115053 5346477 4477731
2339598 7492369 405364 5673677 3086003 7650661
8189627 3854663 1535046 862000 4163875 7017892
8051888 702113 4015138 8707721 4960073 7196454
2478315 73381 4263497 6317808 4537846 4961368
9925151 835940 9416775 4888832 2411462 2689455
7637516 7776661 9059500 9095288 3032321 9345204
8116881 4298745 6669259 3347603 244160 9516047
3692407 5416441 534334 4713617 610322 7682770
5071530 7742928 7154798 8449817 9636738 5273095
214234 6021790 2954523 5443995 5748525 2250063
8233885 3300795 1443201 8845591 3224484 6387213
7958391 8956599 7669791 4669933 590839 661327
527195 9130712 9829221 4747449 2625400 9121405
4427034 5211533 225617 1734004 9817301 4668533
5534656 9187698 8139923 3786405 8881054 7010531
6390681 2672885 8550220 4419196 5113717 6943364
8072846 4846816 2191957 4147120 6755226 1653723
12978 401596 7152088 6493471 7922622 506026
5443873 5466784 3396389 3833118 1016961 536991
2024445 6499881 3483493 6774667 3310934 4036785
8247290 4171986 75545 659260 8279252 7917954
2111106 6107998 4016994 2885856 6674603 7778584
6929448 279913 8456307 8571894 1721025 9415704
7516445 9041185 1265076 7633897 8342531 3414269
3614141 2557562 1655924 8013229 2394751 8613836
3459871 1298179 1535881 8155171 5899830 2583239
1578177 9353718 2122344 9234134 4382364 1814624
6489031 2558016 8792181 5617805 6903670 737047
2080683 3452550 4778855 4067788 9258221 4269749
2771709 613393 5829454 6661275 7045119 5721690
6262029 4097877 3713246 5403158 9425985 5376423
6242703 8774276 4380083 5873068 6993716 2367307
7293360 8282310 4658821 9450451 1144865 5784515
4622088 7996335 5653892 918876 5932545 8942200
3834981 9392082 2039957 7266131 5383462 5286437
6753784 4916902 2308598 6400653 2972104 284487
8101377 1085873 3132031 3415757 9375102 8129393
6356964 6207615 6458833 2411548 6774427 975911
9610928 3321257 9468527 44939 2039186 9048783
67797 5343152 8165331 4771046 1568176 33902
3336465 8976571 3390813 9093645 9119283 2076813
58708 892707 5310205 4374333 1349074 58991
2652483 1206330 8621233 7524498 4561912 9724930
2483366 1423432 2617655 1064046 7655203 2062205
5817910 6708845 2877716 3259815 6332856 7628952
2119155 3330331 9517696 3098128 79292 398530
4738580 7263318 7088331 4382020 2352839 5881720
5665705 5236594 1972183 9409535 7392455 832855
427549 2543299 781240 8440400 2287679 144744
7416247 2272418 1321368 1328608 3275735 2410438
9199097 6798892 4559851 7681253 2255178 8018742
541295 9554355 1127038 8222703 2785918 7298593
2636599 8101346 9070592 6735934 5398341 2418609
90021 6408374 9316389 2044860 2832265 3789556
6847711 3678755 1042652 9372952 5681881 7806873
9077162 3409971 3987583 4677893 5182922 5553947
1321869 7984452 2981415 3953440 8868240 7838100
9705817 2204846 9757381 3482646 5803801 4186332
1074151 680313 6874077 8902758 1238587 6867360
3094049 7154236 3966627 770294 833541 8576423
6976090 1168342 3872474 3320164 9145540 9375947
3311010 7958706 2918424 3516645 5414064 7413889
9437193 6136581 7540134 1478288 2339043 627419
4032175 3365064 7874953 6856319 8298801 5001567
932796 174403 2171384 7120222 1583844 8028685
1587319 551575 7150910 4404992 6977349 7699897
3965626 6385652 3059305 381433 171636 7845095
1267908 7557505 5266248 9460188 9465565 5102005
9327226 1615760 4815193 3339208 6738118 7468476
701469 119771 2869541 8870906 2387367 8971137
7204562 6190787 6374862 4889738 1929325 4862489
262978 5032200 9159231 9840236 7512661 5953390
7568113 3650741 3193428 29858 5588411 741295
9735319 1472608 708838 7069378 7792995 9968083
3213492 8248111 3813456 9682433 3703523 6857578
4830355 5094720 3998285 4088168 3176871 3980848
1470233 6378169 5628179 403759 9197209 4433364
5942774 9486990 4103098 8861803 5771094 3087377
4275048 671611 4531359 2128246 9135587 914759
8262298 135184 8397792 6406778 1676246 3681214
1049032 580545 1328677 2301652 5009880 2417941
1955105 3479944 473870 9212579 8559625 9210241
5113116 9331559 2275398 6275473 1126604 8306005
5864984 4351688 2477017 726079 5407384 3031912
2326219 2702109 5959132 3083525 5825870 3041686
5583056 5063454 4701923 1946965 9354726 8616663
3104687 3641121 4477109 1685156 6906697 2291150
2613506 5062469 2111985 5321117 7015129 9804027
8639360 1986824 9008580 91786 541794 7324557
1204197 322953 5173161 8296765 9975433 2307771
6458808 8871579 7654074 7432184 3629522 3496170
4508318 3166150 9976832 3658734 3170786 7485482
3828896 4179827 7444990 185866 8112572 344914
919926 7005101 5686979 6155105 4444164 3839045
4033105 5491269 4521660 7377365 742768 9031773
3443502 4807921 3665687 2169337 5226347 8035117
4637075 5181322 1432947 8615815 812798 3848978
9827194 4980625 8816038 1523097 6262890 6361966
9879566 1018330 2210380 4828246 7376838 2970332
6620791 303703 4427415 3815029 3399078 8138252
8974510 7130952 2423382 945058 215232 8362864
3819795 1659558 8953479 9409872 5548790 2931250
8911967 2304111 6192302 1838000 6327910 9463538
5023006 2510008 9228379 8159694 7497799 9724438
6821393 8615256 7431083 695355 5548546 4922644
3607702 822046 1782244 3294694 9641304 3681846
1425596 8882135 4765393 453173 7703302 4603332
7408486 469693 5469539 9279129 5916278 5072727
6778029 4782790 3975793 4963877 8792022 889070
8909873 814816 9633153 2698944 4123665 1599975
931781 3124439 6111012 4030835 5802170 4726744
1149006 5617273 2662806 2510456 412404 7445774
4698144 4569832 4806705 4625047 751207 7028105
4254898 7542263 2698978 2358355 3917326 765755
946851 8643825 2030024 893174 4384821 8826488
4048692 8726652 4758470 3165418 9521392 4578862
8492319 3377650 4667522 742795 8130123 299005
2409920 4267572 4370386 6530018 265732 4222189
6082364 4284825 63608 2605047 8444045 6581402
8900997 8573425 9207113 5345256 3083984 7158345
2696719 255832 1232451 3836317 8461764 1685752
2687303 1532726 5048440 227843 6132727 7373556
2360583 3512103 9412139 2399973 9948435 9649753
6395369 4416832 8378092 7807834 4810809 99995
8762880 1443645 282606 8177068 4264420 947966
5371748 3147063 293666 7509177 8046075 7874291
9066553 8573602 5805808 2684633 3842714 8733005
9173749 5854521 8152098 2690051 244464 4931942
7169262 6501024 8624990 9557359 8949886 8667152
8780252 4888885 5445022 1132456 5073437 7018118
1403146 4510235 7268305 4100473 4856094 2985663
7079890 4851405 5466028 1537848 3333419 1374832
3843945 3710735 574117 9645086 8634085 8956288
1947897 6072828 1199181 5350664 1007806 7763396
2322976 5814389 4197177 1626514 8728924 3157190
2429268 7934097 3500165 8787689 1281487 9332479
1464700 5073275 998426 5166434 5610161 5393058
9465913 5631413 3167604 7250158 5713414 5239150
8093034 9135166 6254799 6488733 9184558 9000608
5818937 6052481 3502429 9504909 1777497 9041704
8788486 5453375 6122481 2308838 9108580 5399322
7874667 5056255 2429247 1241638 8180386 3560810
7957861 6781462 462667 5806122 5884750 5376392
4595791 5072818 100975 8958026 3533479 9593758
6902390 5940534 8749538 4499556 2968752 5229006
5830049 1959790 3295778 1956721 6377948 156785
9270577 7157075 6522833 7768282 9375491 657158
2809902 6851396 954779 2693989 8530871 2403096
8537940 12815 167730 8126036 4909117 6704679
8940729 9830460 1919896 6528723 5406447 3168045
6649784 3375110 2087503 7200241 5411588 6220595
265031 6001140 403514 305882 6535544 8727675
8853559 6827509 5697326 9443816 6148123 6682083
8638978 4208401 7409662 6346442 5961615 2955937
5061275 7704012 7050673 6591099 3015991 6547487
8236889 2741854 1750628 3354788 1118498 6000380
8569654 5609660 1439808 4734184 2428957 2529731
1999581 8232058 3477270 1440055 9272477 8081608
1007352 9496913 3682336 5237812 7889744 1198045
5758382 303341 7413494 9131566 2138966 7707575
9169922 3673932 2985148 3856026 2068993 3793690
6977047 5498771 5709011 9696945 874161 538462
5242274 3904793 1779444 4879930 4346860 7729557
9478666 3621219 8431534 8969065 5583747 3519078
2865151 2999076 4852109 552582 7596405 815156
8586885 9438088 3470694 3732232 5564261 8755025
9544583 8143555 6163065 9683579 4463008 3773706
2372596 1310406 8622751 3143874 9995538 3984950
9418600 878451 5956481 9683937 9652899 8517747
9276040 200857 8090184 9466069 990875 9069916
8941580 6424464 7902365 4893854 1110060 1436073
7067768 1510041 8340531 3024419 5335347 6203305
1566492 9795087 9158211 4657828 6596468 4273340
4896327 9721277 3003538 867158 1133982 6717953
4858675 8902948 9785189 4952947 4456192 5363404
664840 78513 7152679 7093148 741998 8038544
5871341 7478741 200346 7186678 6076105 8485496
5644418 6394181 5543104 9753175 8117445 9857812
9359535 4618212 3604388 3816843 4569742 1269598
6066378 8074421 5290482 1184412 35179 2207111
1650883 2114820 7053849 2977127 2359578 5256833
9050625 4473343 9053088 1119667 8786486 9117726
4072994 7709649 3645171 4518041 5222739 4739800
1174849 5105499 785502 9927376 5593411 9837979
1759015 6847996 5508771 5883081 1026769 2667576
2748061 4686929 7443562 7993234 5535794 3961285
1431646 2667291 4034603 286270 702550 3644101
804723 8239868 5831725 4486662 9743849 6860093
7624426 1548337 2851682 550682 9562 4929680
1421608 1723507 6521409 7215870 1218111 5511581
9748061 3167543 3446574 6385511 8371605 4099557
1674164 6079759 2173854 9683886 3086395 2555448
705196 888578 4402948 7141401 9122653 7353542
4006253 7272353 7104147 8648678 8258654 9478432
9815894 2197379 4677366 2513881 6571625 3812287
7439875 4215776 1449180 8523021 538209 7535006
197527 4419212 9868263 1732167 2812498 3664089
4686238 7940540 8461941 296233 9845485 9120984
526731 4280207 2600853 9167866 3209616 3945758
8407434 1099383 4908888 3968141 6569616 6174225
9422191 9160282 9508134 8361567 2244010 8870619
1106268 2182175 350369 6867942 6943873 4703440
7485279 2274086 4459854 3440057 3962440 318113
1016490 9519660 2351894 5556382 1987149 2291418
1211433 8272009 1006159 7503421 115587 9438825
2626117 6229385 7849596 3694037 2309975 3652215
4155955 6324671 5696530 9591322 9189965 7663310
8770614 3658789 7336334 7897413 1682586 935530
9485903 4967376 7136943 4590775 2951650 7049955
3822331 3865809 7173132 7216715 7150134 3972000
7864459 3602846 2066588 911543 4241824 714487
6853844 3791242 9964110 807639 9284102 7637768
4621583 1425168 329695 4688583 6785767 8328360
4955084 3314019 6589422 70629 8017518 5148210
2301882 8035342 3277734 799640 9871705 8444166
6479082 6939239 9174537 1724529 1726862 5587119
5596722 7859070 9416965 6621846 1043569 7891343
971419 8678263 5683274 9499174 9969191 1526482
6720260 9133747 7080042 8844772 2261631 3836114
7382578 7793830 5585327 6918378 8609661 6206481
7436752 6054203 3919537 1519943 4328556 2344862
8463231 2897053 9698305 4742575 9091861 8926696
8911395 8333237 2270450 8698079 9099209 9339254
9464935 2802708 8066150 1751252 4079380 737957
1364124 7634309 4677608 5338422 4341951 3933032
1791 8678344 9249409 3210483 9185093 4989365
3971806 9451475 4349707 3338412 1035942 7072138
1828176 1977684 41885 8153345 9933377 3928393
1565663 8684498 8694621 6246073 7453442 5806952
8140331 5685500 1974823 3181579 155819 6694247
7667254 3124808 8555101 5765273 4740783 413517
9677287 5700912 9148144 7281085 4726273 9647733
4989547 6126522 1766765 994012 9923075 2101695
696071 3210779 7700932 749214 3772759 5657452
5238411 3755718 1224901 3442456 5070151 3499593
3014541 790226 9295656 7655459 5671158 7911133
8517036 6062903 7236901 9628368 8476058 4232465
4780248 4284578 3958225 9046887 1256525 1326920
4040187 7146319 5762424 9873128 2485508 6945040
8993314 6918039 9352049 2897649 526862 985065
9188616 6234830 630760 5648551 4266543 3936047
352077 7334087 455364 3855632 2476975 3860172
4864794 1067703 4734721 3468467 5968965 9488181
1699227 6191523 2499192 9897981 9402269 7923832
7737168 3141413 8304717 2350615 8662145 8753119
8559083 5619387 5536040 6251836 439751 2241227
3601704 9131697 18034 22178 8694810 3922438
871555 184554 4669343 1902252 5008333 1417804
2210319 5524847 949073 9863868 1198421 4335338
8485872 9290635 6832560 2706927 7911383 1125130
5631329 8001461 8671942 1702245 5296548 6857588
8324131 8612958 627951 2493493 9866762 6837268
9470146 1677048 7496712 8576754 9026425 9217714
3254489 5834916 8133079 6886913 140296 3137297
7804045 8695215 4420965 1200701 7765963 1149116
5408666 894776 1220314 8892904 4390849 693349
5250495 9169310 4888006 7811754 3578120 6395375
789852 9716825 5658085 4111805 393721 9521372
6838626 9909117 264210 7614846 9452438 2076466
2992050 8744416 7861164 5534645 3898199 6601333
2436622 7123429 846994 9478835 7084826 8971985
5616953 577242 7286199 6803363 3326258 9857114
4329708 5442734 2256795 1737703 6097060 423470
7479211 3692240 8301493 4899592 4362075 7856845
884906 7793820 1442338 9143847 5900853 5646433
2832184 9715850 5271110 8286673 5375132 6454690
5548381 1311016 2631998 6686100 8494851 9816479
2235173 35263 6582859 407095 3285137 4009704
9819670 1254346 2647355 7437694 8055433 205959
8299839 7537029 2761354 2990148 8593929 9291006
7529646 6473106 4676388 1639766 3971178 3610408
4586003 6043034 67602 5802105 6189322 4786043
7791471 793111 5197388 8485014 2664419 4326812
1273986 477810 4508682 7432634 9324176 4646507
2999077 5394490 1660417 5065151 9986834 7838102
3693336 2558232 2717086 3340992 9156453 2021745
5140090 595406 6064084 2972451 5821091 7242103
3942102 4017565 5065023 7861312 9646223 7262321
5008571 9814824 4872610 8434541 1716162 8116119
4782324 97012 7148929 29880 8640689 8576688
1949990 9520852 6056200 2229499 2108768 3631090
2068956 4450479 1636658 3175643 3344924 2069012
8262727 8301535 4656719 7266579 3490532 5306610
9581484 5137764 5748266 4398095 56579 172009
2965491 5258795 842069 4600967 8558668 9059440
4872815 5110209 1954717 7487396 1022460 6300238
1185902 1712602 1908797 1433932 5792356 5195744
5625662 1832927 6469900 2803597 171813 3414627
3459399 7515745 6606480 1842318 448396 3502925
2828421 7551895 9464272 5884190 9264007 6849972
2789020 7467988 5891811 2577218 8302827 8234714
114295 775331 7279075 8356480 6080676 1777929
3397813 8147551 9345408 552522 8772433 8223652
3702109 161894 5086981 7427442 1141568 1042923
2452960 3030497 4661812 8451791 4658974 3470564
6835965 5301711 2448594 5058824 8644912 8324367
9303933 3048444 3530100 8235185 2689301 9396481
6135551 5102918 1435068 4828550 8444505 2300845
4157517 2275899 8779461 1240620 2182081 9102113
1762990 5361578 6326420 4848888 124258 5272329
3572901 1662504 6116357 3808510 1520515 778965
9329335 8338988 9502638 1021040 1248589 5723989
4693551 5466923 7472592 5690500 1291890 6038649
9607854 7624409 4585992 2360966 4294274 2383075
4691103 5595344 3119629 3346481 3295833 3283333
1997947 4455045 2924185 8257770 4662283 1026797
3280123 2327041 3582403 656102 5499215 105516
2798207 3136476 1027309 3055472 6547069 6715157
1629520 6072490 4069687 287771 5241033 2499848
686337 1211935 7368229 3733282 9117407 5925170
7659335 5982853 5043154 6219304 9023093 6793544
2799803 6435780 804639 6445795 2410376 8964848
2456246 8951752 2125194 4480475 9562759 1157798
1355765 1635630 9048275 6404472 1716961 7223343
9213646 1710176 9214011 424337 7571432 3450348
3658568 9546841 3209634 7657232 2996767 9516361
5062362 6578902 4113383 4233764 255669 111288
5910518 5183724 3662114 5104838 7831524 6289280
374653 6205862 1649175 6210430 2377516 7481776
6876895 1254863 4265892 7819811 7005658 7312916
7579532 2375465 8864347 7354290 2787227 2863534
5755214 4799013 5954984 2608833 9418112 2983857
7044414 7122000 1379960 8936986 493953 6533236
3561229 4108807 3878651 2924730 49683 1365570
1801173 7448137 7169325 5727857 780337 1741904
5250468 7242551 9573243 6800466 6654232 7880203
1246940 8556227 2396497 798579 9349624 3032511
334296 7765820 6787750 8665317 9166016 5255515
6101816 7939908 760909 7732656 4258581 2896851
3434265 4654801 2325782 7498777 5553117 5339089
5694209 27356 4018675 4213080 7358365 2175561
3410614 243947 467768 3499756 7690045 1937726
4136738 2762649 4759182 846139 2590434 2283863
4577819 3135855 8282121 1913810 9626041 2840429
980994 7517811 2983969 6676392 3366201 1999430
5554421 3748163 3003110 7057408 5104370 9322268
9013836 6121215 407454 4612188 5254703 8922068
4787746 2602059 249862 8823183 3595917 1495932
8137668 2588125 2064366 41918 2920957 2417261
7056968 3780399 401314 1178245 3232086 9840553
9191591 6734222 6877746 8468337 7945334 3941882
8934615 7079330 7658279 5436914 1832302 6469219
1876408 9965631 7881151 9360052 7126063 7023982
2590567 2157811 3921893 1488037 8538723 778075
9935064 5512503 827205 585848 439 1323970
8920953 7835591 2889129 566901 5420596 8520481
2044322 6319409 4656724 6307979 9888567 6516587
3837652 2700754 755823 5595147 8165510 2955326
4536109 7696916 6654335 3377332 8587678 1074274
5918659 7703554 8195498 6099670 8533273 2432831
3114677 8348766 7078890 6334308 6515960 3996711
3580090 1309507 4545034 9360670 7315730 806654
2367257 6282587 2269243 7405306 7650385 5837968
22252 4339916 7346992 7871878 6049739 2303523
4669635 5543621 9247912 1814854 4648241 7717042
324982 5944651 7786135 2223892 3193302 1539800
9437696 7503343 6184793 6759111 2015057 6856003
8410292 5175439 381186 5847681 1010074 2305091
8805031 8513353 53169 2357529 6077418 4193356
5085839 5242799 2299027 4775367 1664673 972339
4748799 1765235 6661265 6827991 9035687 1371078
3020518 143364 3089284 729443 7967609 147041
9653175 3263140 2324859 490989 9461585 874300
1922337 8821953 4533546 6942821 3009823 6134887
7663872 7967452 9867233 3592778 7138053 7950503
9240772 4662329 5838669 5212454 2010312 249821
194737 1582300 6139751 9010107 2827162 866710
9215806 8075587 545744 9906127 2704354 2814277
1868497 4594849 5781213 1424727 2853030 2842720
6438793 7805978 8755412 526378 9164119 1068234
1503845 9427739 3005310 5138781 1488670 3305280
4308372 4440721 1252828 2075038 296251 7879284
4734548 2912229 5994790 3666836 7727014 4934235
5589143 7757745 5263098 7052955 1724281 2543203
2169290 7816045 1809298 2995949 8773660 4204334
1494408 9668359 2418181 5071516 7506262 3399422
7861399 4077025 6586917 7240463 5597755 8263633
1561448 9793459 4298598 7901928 6690178 9940800
6847929 2771957 78963 3821177 4937234 1406374
5805136 4450889 7703458 462107 2969490 3672624
1495981 1312422 5667060 7048494 580629 627892
5461103 9663032 5405967 2595367 5805436 3649988
8347317 8348679 2159989 6999464 5491506 1930822
8244605 4267361 1125867 1868498 6148020 6001703
4125370 7673231 4731124 1011807 9266380 3055372
5695964 7399292 1107534 2914292 5744482 4285333
2596573 4512954 9212829 3670705 2440825 7027146
4534833 4252561 6966520 6428975 5473859 6588555
9246384 8805671 8959382 5772635 2217501 8702129
2546757 9627483 5164402 9665357 2923123 2907398
5896767 4449295 396651 2350594 6899403 8406144
2542453 5433025 2604197 7874656 4402891 978551
2717992 4573899 1826536 4098721 7333665 1895458
9035182 7696395 2199371 8142569 1765423 460708
4095989 9923328 5181790 2405405 367535 6116998
9120930 2931216 1589830 6305431 7773938 7991529
6630494 2184238 7353158 8560376 3886522 40834
3984357 1371728 4402780 7980830 3054643 7643601
6875592 8448035 2293817 3268944 630174 5226728
708026 7754197 2683872 9935943 8254604 6976074
3224353 137047 5065489 6487198 8753725 1471675
9388720 6412561 6799961 3835006 7468227 5149426
4542300 474806 3809873 2158537 4158211 393694
6057928 6115159 6868685 7538189 5529813 1919500
3823181 5851986 2301041 6363102 5597404 19740
5307656 6694550 3929633 377083 5336022 3749474
4975345 7497159 2618002 2931104 8592109 6642081
843640 3040585 979808 7144391 8726643 155367
1416855 8549489 3595986 2290177 3878015 2139445
107389 5686164 4607234 3145988 2664017 2901738
9170633 3025618 815156 6780220 8527350 773676
1219793 4165216 5138784 60398 7183191 6661052
7775691 3126823 7523049 226603 6694549 2489227
939692 6678789 7125342 2145674 4946246 7047915
6423754 3017479 2816535 1790187 269694 9649858
9142240 1829356 4833142 9716264 3760470 5566491
5826924 4063419 4513235 206131 5924597 4561427
5016583 1356457 1366297 6934933 4514486 751191
4616396 9880785 8991614 2118006 2206296 5985227
5776395 7024959 8079372 3767241 356466 5509871
7957141 9429605 3895522 5488926 918158 5353835
1827910 8059427 9366353 1956558 4399678 2631130
7975991 733560 754192 2563915 7129091 3589789
5681618 9488820 8502992 2065344 7173791 388908
658243 7024233 9623059 8847914 3939868 6735510
7487119 2059683 3706952 9003364 2248989 6494992
665905 9527656 438298 6012462 5107023 6455058
1384837 2659838 5481106 6360484 4142014 1472736
5231035 3212480 9895868 4489582 8085623 867645
7006878 5891797 2255814 3506613 4830682 3893924
5730775 2979995 4119559 2630842 4469439 2339995
8924177 8972627 8484570 4259199 1898010 7601434
3151490 9669156 4381796 2047934 680506 4513952
4907802 4297758 2882218 8150323 3616879 727387
6839642 2997536 3974060 2839306 1996486 6357192
4239178 7159291 4696973 6544373 281686 2127028
2335498 8753995 8190399 3141111 7436307 5169387
2988165 971835 1314470 2294433 1338092 8416466
6485849 4958943 5211291 7741861 8598811 532924
1011706 7580451 9363115 3392172 5791199 1471902
8365934 6084870 6976140 2127378 20021 4738719
2904460 6607116 9387469 2254767 9712436 1926510
6323553 1766690 6861451 7712831 5162158 2645043
9412917 4545208 1659444 5557593 6353457 7037543
1145901 6497317 8560479 4164049 5532667 2701234
2763912 8943326 2962795 6718496 4775176 1351437
8193246 860787 951814 6575750 9389972 4730975
9028997 4231081 5246507 3284780 1418307 6832120
3671473 3298875 2418293 6718072 3979254 1245990
9812458 2808341 9731412 9938597 981477 3522703
6178239 8740411 1074449 6686235 9490855 769110
8963714 9605056 6991514 5510013 9519584 4301371
1693228 2837166 5155236 6928468 6528596 2122375
1791036 7861120 5079009 1728359 492576 2233792
282941 6045840 4964071 1716804 6906037 1966834
1620024 8254648 9879309 7429110 397511 649561
3656526 2342762 4740226 4477396 4321065 1813251
9840605 8161459 3779290 8116922 5024843 1142088
6090754 2883990 6279745 7609037 8147561 3120357
8443694 4449880 8247835 8840656 6403293 3445014
5805038 7246910 2699018 5024679 3889989 1264935
4422061 4264117 2439655 4505674 3271942 4185833
7382148 7313639 3540054 3265758 1887753 2331116
8454502 2166018 1020996 3821983 5626049 4022047
5687089 4010986 107087 6758952 8985416 5947631
2401725 4815869 5939468 1295212 8672357 7074155
9114232 4815926 4271469 2514354 3694861 760725
8702433 1585080 9612047 2093911 226888 833922
9580302 5177936 2562126 5916718 386154 4237275
2424017 1983055 1620860 8676970 9337590 9879002
1157848 7663108 5278701 6492023 2103948 8456073
8246365 6086936 8641281 6465898 4151525 7071827
8059646 5940147 8471157 260271 5119550 4040969
4410000 3593178 3784098 9273165 7178650 3807480
3385504 6485006 4429714 1702193 8871194 6689302
5453295 437261 5478336 4392467 1356506 6031752
5482023 2210409 9481131 1155974 3847545 4139951
2192641 3114403 1026410 5490299 7857072 4446007
5766117 2163746 6863505 7579890 4266970 5744411
6094903 1884683 484458 1471221 3106519 5618941
4026358 6544172 7215742 1951979 1012603 3714264
1593490 3667179 4583641 2439404 4778247 2909140
4559838 3254026 9745633 9644147 7080524 4064246
2781070 7895204 8627934 9983707 5936075 6707448
9825796 7873405 6170291 9733924 8297563 9471822
5547294 4010802 9103890 3862189 7129615 7303372
6924208 240661 2101800 7312146 3896809 4189892
9862365 3326712 7385499 3954365 3020052 1012943
5998778 6450756 4804159 6420211 8690151 5211314
6991007 4042651 608097 508294 2126182 3139197
7543972 1859566 5369616 5111818 6892110 767444
3805250 697648 6124411 2442260 2719938 6839862
1962445 5468924 3998395 4438042 121341 2609362
9321949 5871431 4853353 5157347 3735146 1846806
4667663 9127082 5320651 3892575 6871182 3086964
6695275 6415914 8114479 8962603 9768173 2037242
8820276 4750547 6434602 6618054 149114 2322403
4888532 3556518 3730818 7964297 4457766 3221227
1212919 2552964 3921309 7998734 1186345 6254751
8285844 2386624 8124419 3522809 444154 7765027
5446793 9912675 3826466 3037447 5746984 6304024
8725382 2999842 5700750 1961152 5617765 5370794
6174760 2703894 5722316 2530949 268815 178628
8115988 6703366 4669315 2099424 2679656 4318217
9165654 8696540 5229568 1859727 676758 7381548
3912822 5297466 4306392 8669574 1171261 236439
8495937 1851085 7809533 7426794 9238914 1457924
7520476 9251766 6935198 8550515 1823974 8482450
532434 5754894 2117809 7945791 5406821 3740788
3095711 3347368 7233019 9508248 3871792 7050444
1074455 6865655 2323083 8319201 8048329 320299
1064401 7505185 1532633 5485877 4035012 8417729
2369095 689194 7464452 3211391 4578947 3427889
7383018 615138 6872565 6747118 1327293 4921863
5263739 5967031 9890644 565604 5573862 7823892
3003419 8987688 7979292 759088 6352339 2373259
9134840 9201274 1203436 6614899 7486113 4318789
6949817 5046556 1719881 3700079 5576696 4717627
6276336 9884320 8768420 3805129 2125229 3256654
177878 4327337 5538361 7401219 3055462 2081298
429654 498797 1931322 3708740 2482457 5047324
438437 1610006 4336855 5091192 4076550 5377673
2224452 768119 3129024 2553776 9797300 6280736
3201981 1563660 390334 5173017 4289268 5689542
9055471 9198290 6862458 4722638 581210 2025002
6834897 1733620 6145812 9122138 6185244 6987316
2387466 3241076 2564098 6672557 3261642 3966690
380772 1185143 5807769 3390747 1580676 1357110
127629 7624101 4530036 9257625 4199237 1491802
1690963 5256636 6209529 6241779 4653269 3284167
8184865 5715798 1028795 2311853 8256295 2342929
9231860 3102314 4582874 6141707 166309 6556224
3716637 6529424 8302017 6423644 4792245 3104125
9881773 5664724 7617613 5505348 4595008 2957108
7494965 7577272 7534382 4654010 7431174 928607
777787 6145687 8587807 9279931 8487691 7545843
2937895 8068919 2928847 3464839 4158887 8478362
6774235 3985921 7457792 7973812 5540987 7669813
3189784 5267319 464391 3105404 6360006 8988545
5666553 2679517 1120790 8071686 4816887 679023
4808547 4577849 5671139 3654267 5363920 4020622
7968416 4436706 8041732 756174 3485748 6723326
175277 6416933 1505836 9139251 8731112 609086
5499316 9521153 2036284 9864569 1464226 2163855
464216 7672383 9785681 9599262 3613377 5808174
6425053 4866208 3252031 2249824 8656292 9581037
2807222 3119968 8622001 3437170 5395 1104280
9628081 2433610 1781570 3741065 2930126 9943072
7482708 6527301 3948404 511703 2572370 5295734
8642738 4943977 3113623 3507284 3190051 7691537
4234941 8369154 823328 2233558 4331120 8619540
3471294 7925453 7760641 1924799 6332029 5611144
1987085 2062145 9515757 932003 236488 9030615
382284 6723150 4742256 9842608 2116553 7086075
1859769 5913349 2293838 7956297 3607085 3712314
6467413 9299937 9929917 930464 9202229 1636241
280951 7394522 8102489 3162030 269770 5004673
2182430 5557908 195272 8337260 8524618 510224
5779976 7710734 4707489 4083007 3125000 6466900
2949280 4392332 6252600 3737253 373788 8417771
6325702 5514996 4318367 4048327 5457385 7032092
5681226 1056621 2859916 7879516 651051 2841965
928126 7220253 6453379 9737583 7660177 6558645
6890803 3522509 7388731 1783613 2176321 5896350
9004824 2384405 6174936 3463017 7981183 4809896
5383640 6543698 7020734 9684718 6836328 4754774
686305 8134103 100522 3163179 2656033 7467997
7650307 7900459 7059682 1865524 3154881 5904746
13520 3211697 6732154 9693955 6846449 6851278
1029039 4542088 3338675 8422017 5043502 3072980
857155 2218209 3075437 8050020 2495875 4107353
5821230 1243408 383925 1698605 9051277 9526074
6458122 3727624 866476 9920734 4133306 4275861
8836667 7139300 9229524 270189 3449496 4769486
8077742 5689685 9697249 169455 8655678 2294239
1416099 2264288 3090600 7027542 2306023 437823
4392560 9600287 5404583 2952329 6044293 1911473
5520821 8314914 4160419 7206080 3235833 3118825
5984802 1108305 408782 9062813 9585349 7904202
3843456 586966 8768712 8305950 9972278 6806190
4410103 5651774 2587729 8089686 282506 6786989
6435473 9430579 1421600 428652 5528174 4533018
8871278 5884337 1095006 7318050 4749368 5134582
609067 871661 2453851 6578424 4184652 7547373
1885456 2353285 2678938 5186398 3184086 1719057
1669110 6086609 9628009 8598392 8542226 392519
9323744 7431135 8032408 7373429 770606 3805254
1697224 5556150 5580130 5875764 191535 3701012
6809196 6525405 5837597 3634130 7696882 9100616
4352339 7831679 1467121 5040355 6204229 7929220
4108051 1249074 6246493 9702542 8759541 9441564
4905009 272885 7342111 702486 7994306 7318233
7102174 3235638 101054 8648597 4881199 8628502
1967243 6009692 2161750 8977926 8377202 6658680
5881460 8034980 8389727 527393 4246053 710547
8925397 4283388 1226906 103187 3265378 9521531
7558760 1994682 6796608 6138566 970754 9918649
6358900 6106709 8531099 8519364 6531956 4461244
8999561 5703741 2950479 2838619 3073112 194536
5767470 5130124 2871872 9587812 3821082 724561
1051837 4377616 6026831 6631563 1777089 3710917
6091326 6998986 9970259 579522 1089836 2886517
1831893 5828676 5038938 2243100 2619025 2270492
8127581 7362095 1503023 3928483 1527831 8542311
7760068 6086778 1210276 1032370 4335717 8135253
6649659 7970948 8173599 6072047 5086729 6593138
3891818 9727336 4329620 4820181 2428037 9532969
4490984 8420038 4613905 63961 1006725 7244435
5155598 3524369 2511098 601379 1460231 6458986
9221537 7123353 2849784 7484520 8871495 5690311
2500641 5058956 2663269 1835006 3929863 3118888
4712918 5759845 741947 8445799 8351282 2891688
7940872 3307399 4934058 1970054 9437499 3107793
3928406 7696106 5080052 3965840 5876772 811347
5624154 6048279 6510716 1714612 6850510 7963375
3743354 6407297 855840 8639309 2319540 7369080
6869699 2655978 4490174 1495016 5351043 5246879
6502487 6709798 5173087 9619410 2660507 8152832
1524928 7251483 7685854 9741991 3556113 1175389
610258 8534800 9182184 1851922 6210851 7881584
6608172 2998305 8909335 2778572 4702444 1943984
2035847 9301563 987858 7564977 5100354 6781521
8617618 2433389 2345062 9833172 7463353 9166973
5638260 6004744 3387772 8357883 189683 9599027
277521 4001363 2851184 9680451 8029050 3784740
8186896 5017777 6445126 6608590 4886844 2352738
6337544 3723915 2007354 3229102 7583562 3358943
7164973 3959951 2151128 904333 1124373 1122724
8830326 777085 1071447 15211 6213661 206106
4493812 8250288 2808621 9310308 2501051 701081
9092800 2355396 1272513 7203118 9378081 82576
336394 2009027 7546545 9992324 3495628 3739437
7159618 2409157 8421182 28828 1192910 6229732
7447898 9373187 2876989 1728459 850124 7251964
2713293 8171684 8804116 6239020 2114778 6636556
9544116 7027236 1222864 1306272 4136302 5228165
2086430 9961855 4581870 2068552 567938 9115345
3576178 8838002 7281457 7332009 2855593 3804503
1784924 4464983 7057378 6578889 1862409 3127863
7824091 7364340 1505272 4020548 4489825 1206396
1278460 4097374 9894249 909988 448207 6468392
2516573 5853346 8272855 3193016 7942398 1231054
1647861 5379346 8805249 3761644 8152281 2012121
9970507 5381283 5316091 4999612 4454096 7649794
9579178 2965227 5164826 8095001 3482180 6771961
3722893 8065881 5472030 3375473 790092 6470564
9221095 2666190 8389795 813065 4815436 7002246
5531648 8591907 6522584 5826323 4931027 6483063
4322614 4062447 9212059 9493150 4050040 9108541
5890305 6278847 9643278 2244454 1330810 7482979
1303565 4421572 2371165 1500894 9470123 9876516
5759023 8272387 4589253 2334684 4540548 5486090
3622326 9157442 565847 8313844 9467964 5862189
1127209 3752854 8034199 8681763 3772387 9419733
7559901 4229742 4015840 6363489 7485168 4511244
6827286 6976641 1335379 906815 9509499 393864
4631081 4030753 9121783 6646068 67299 6658640
1893809 1987929 9521898 3725968 5870824 4892598
8542693 7576461 6810883 3781089 1117244 7577955
9448779 2621802 649184 2951431 3940992 5240380
5860675 9395534 787219 78009 5507398 7563907
4150711 2715510 9647942 171983 3682762 5437210
6740405 4481141 3685554 1375559 6787953 1784457
9897835 3833933 8358918 9123242 7820796 9908707
7700361 3046196 5859396 3757423 1458036 6887696
9744679 1679650 89761 3881402 785392 671765
5871420 1815800 6480530 1957991 9575257 3155314
5244656 8370709 3893698 1373672 7040683 6636103
3892401 8073220 5833849 8864726 3053596 107059
6881462 6737433 1574738 878512 2377647 2461202
1704510 393287 1257474 2760245 427304 2003112
5347449 2859003 3695749 3013789 5504139 4972153
5303927 7939844 4258675 5203603 3878586 9450086
6015008 6326689 6005513 9223293 9865022 3384815
1053847 879952 8626053 9982701 6999939 4047958
9097026 4992907 9438152 4019328 253480 9181970
1897840 2484410 7943405 1890585 6026222 4181680
2940353 878612 2569080 861696 3560799 5113752
5848383 1677858 2858847 2124652 4863503 6050958
6455688 2481217 528264 7872658 1706397 9547352
3377058 5364747 5859063 9647790 3916762 511231
5534000 1284598 7686364 5076705 3305763 1394175
1506681 4124423 300466 1823832 6282939 8986410
815735 192151 7319153 3512301 4134318 5322081
1189111 6972374 129404 3387194 7563639 7772262
8653705 4025181 778012 8396053 8513526 661474
8322617 3292563 6961849 2057849 5327695 2276200
7427388 771678 8372095 1464671 617970 739080
5750491 4631856 6198277 1541854 7056923 1514246
2228199 9864757 1230429 536981 8458679 6944387
381827 2146805 3720959 9914101 6422999 9280581
616163 3110628 5610896 9638991 3501215 2990376
2024560 8757885 4864456 5042952 6084913 3362639
6949986 9724439 6354404 9390323 7636702 2931783
1573985 7111850 6968258 9263766 6167853 8648769
9431045 7785635 4833884 17462 1676022 3180889
8555241 7513286 4348678 9091513 848508 7507342
5128184 6111499 1130641 3207901 9517293 8299037
6649790 7185246 3779843 7867789 3586995 8734239
589983 991504 4510102 789176 8340116 9311148
2312322 1352397 6942774 6962126 207946 5715579
8156492 2007098 7081863 1683566 6487711 8571627
9013961 7858472 8875931 8847061 4262138 1525202
1801142 8366083 7594557 8669221 2613976 8982607
4868926 1563255 4198639 6099644 9427478 684517
8670787 7766064 9173170 5037529 6779190 9496111
564568 8166058 5903553 5415061 5051408 7510195
1217173 4966223 697534 5208216 8853828 5728522
9858307 1742921 6729365 2984899 8988033 9974032
1716591 3643101 8738420 7960166 2093200 8644690
1516940 2056847 2579619 6397345 3012779 8721646
9398456 3976431 1079282 9379820 8282493 6096080
5621649 6386081 3314674 84361 7452048 7647752
8285072 9660709 2709427 8470117 6241336 7684557
3955152 5685887 8778031 9199137 3320938 3136089
757690 2604401 6072857 7258862 3898121 2994561
4930576 4819827 1953444 1975888 5809759 4877397
4649240 478487 3460428 633284 7363250 2601952
6659357 1632230 6191052 1090668 9675094 2432490
5935263 3046822 5815510 4895062 2442193 7326891
9943615 199319 655493 7943193 8622129 5678091
23222 8362786 2487959 320113 5153785 2632220
5694307 6309184 3850950 7832029 3820876 5762849
4224128 3321867 8322636 6176078 2539779 1688707
6945036 9667022 2929307 3640367 1323599 851298
7179050 35513 2377634 4626552 2032272 5610440
4221903 6706046 1856357 7782336 610061 9000463
113992 6339244 6478444 3558831 5396360 3365909
8581540 8103233 9225945 52661 670933 9120325
9004255 3767537 7659539 8966785 998156 8955107
2748784 6382855 7039187 1636661 3141062 5118271
254586 1067754 4276911 8240509 3610125 7114830
3906491 6441792 2711805 9322172 6062085 6200535
5210263 3386204 4270661 9563397 5058826 3220365
1625352 7126389 9364580 3257308 5622297 8264735
7950901 5255118 5707890 2901250 5033551 4227206
1961276 8477331 3198181 1360173 3304245 4328606
9088997 341030 4493107 2111115 6146170 4229140
6408519 9682082 7705452 1459003 3756522 7611951
4684446 3185387 1324029 3818821 11309 6014673
5753691 6997277 5445456 6012176 289608 8355007
1406940 1005241 1408240 8484599 7360895 7584754
3002354 3850089 81959 9942055 474399 4717795
8727257 9514236 980219 5135439 6848789 5940215
559283 6491897 1498595 8095938 8216803 1848164
2903177 8142455 8466021 7183508 5606482 6306967
8883149 3076821 51422 6138100 704175 5140928
2820899 7923919 2321186 120697 8456649 9906432
7529992 4742391 2710987 6606233 5091564 497072
5034453 618251 148487 9505241 5452893 3797710
6856411 3311001 2788437 9560076 5581422 9218440
9118732 5818845 8243607 3774992 1058905 7397578
4666373 2589157 8810060 5839290 2314539 8924870
3619028 438585 8035248 1592163 565945 3474412
9137177 6296943 3050890 7968948 2149054 4988230
6158479 9377907 7623927 6253711 9281688 7393173
2352491 3260823 2342496 3102745 1001965 2637803
1662824 3755000 3683485 5313408 1939859 2502406
1687011 9195163 8303711 1223617 5886213 5014308
5762461 5264248 2745056 9314024 422898 9284478
6167550 1149783 3669791 3255377 7616512 1680998
9773651 8412661 3307468 1416887 3486799 9053716
6582373 516282 9436619 5397445 9929338 6810945
9790927 3823768 4357084 548483 6281937 2953891
6684519 4934861 3491694 2609618 491250 4017440
4648117 3038466 2837924 3058018 6935195 9852182
8968012 8407447 6138487 2002487 5539757 3527198
9194938 270124 5708364 9249995 4641244 5369930
5577688 365016 5334909 5934110 9523097 6599130
4927394 5619066 4867846 715900 6570858 2681650
8189303 7164032 7921411 9290027 6768769 448332
6215791 3524354 3581087 9584437 6429433 1521890
672457 7788440 8284010 829885 1353545 6011812
7245527 7434523 293616 8121764 7031930 126233
8682530 8714007 3515369 6238794 8130623 1316129
4984335 8252112 1836589 3456837 3813183 8375725
5605787 9904910 3501355 5260031 3034204 1116890
1788842 5993251 3935583 3813019 5261652 1734656
8315119 4097508 4265520 8856033 3470372 9136334
2388033 67539 132102 7795177 607497 8054762
6932962 9976997 5393730 2264957 4600101 8177321
9685300 7215620 3975256 9908285 5224098 1448634
2510457 1985495 4400319 9176726 6332921 1038678
6190650 4869511 3452354 1780712 7923674 4033115
7050608 6128301 4781739 2700255 1068803 3745644
8243623 7810609 9297413 5446592 8327069 3057207
5723159 9523884 1393149 5758262 4127718 8046032
7759400 8406833 8873409 2816886 6345576 1484877
4736015 3211306 3734617 9093423 1604527 5737985
4602408 5152249 2053322 1360615 5214349 8471799
3395581 6985045 6146816 229612 1664662 7413489
2151220 7063864 3658426 1343112 3453567 6809036
9645528 432387 741793 5406321 4021312 9516841
5159705 4233722 9782725 3296861 7964240 7857496
11026 9150199 6206081 3559428 844184 3174819
1003884 4362543 4309535 2921349 2362680 7142672
1899215 7529788 6742171 1459920 665665 9281711
7826451 3392902 9757739 6925581 9447894 1172139
4996192 9196086 1130937 2536481 6200910 980627
8689074 98720 9020805 8289320 218585 2514462
1207407 8591792 6219680 483606 339227 9091024
2499500 6724178 8069707 3599120 3507106 6491524
2774669 3699784 3568056 501013 5470410 4571337
8099757 3085444 9702304 5033941 8563235 1648097
2043882 8467403 8161632 3328908 4232275 2263960
8121867 3609895 7311202 4227708 252512 2073873
3062031 7342844 3053675 666714 4426080 2723715
3102432 1397072 5688980 4639412 9761811 2501125
7412570 8188061 4628309 4449468 189562 7133141
2812157 6173465 28556 4571583 8439724 1871823
929391 9170592 2491903 5805746 5477252 9897210
9180322 8546961 3447271 1494182 7438981 8127566
1517662 7433042 8659363 6978589 1931509 7166163
5959116 7404469 8705592 5660506 5916337 6044213
7635651 3672399 3420332 178061 1415550 4079047
2045317 8490448 8903120 1181851 9737322 5255488
231812 7296686 5919819 5791769 5459090 1214850
9053853 5918388 749079 6500743 2931805 2756519
8473777 5833568 4241956 2862392 8612466 1035254
3166231 5268884 3254254 6447689 8170095 1804853
6476878 9002260 7131410 9368224 9448865 8948533
9224446 335810 7695720 3403875 6746777 4634822
1246343 167346 1945378 7490741 6606653 9997948
5295134 1134908 740593 663812 1704283 5581981
9837090 9182924 9877981 7867865 8015619 4468437
2001233 3784122 9126590 4114966 9314891 6456829
4083440 9685629 6469523 1800545 7276296 2595994
5060799 5069901 9086791 9607133 1616049 8445119
9089875 5675490 8662231 3256305 1152555 7035187
1064259 5813066 7297976 1549428 9531133 265940
9070552 1356580 2320191 3227282 1402641 2962654
5508231 7131377 852455 5488549 3407301 6921023
3528425 3494588 3858611 8144598 5603012 6634382
6495190 229957 7566875 1432861 8777989 2340129
5806205 8744927 2631566 2091403 3050706 3501824
9158852 2534011 154495 6203582 2729993 5919715
275803 1833516 3667259 6124136 4098901 4484671
7592663 3601326 2268188 1741208 9727880 7657967
3176575 2919660 210053 663594 5054237 9301176
2699065 7637690 2578591 9980061 7421077 2657714
331088 3416828 4080670 7350631 6329696 873289
6766528 7324842 764594 7938895 7868794 3769495
2967122 371053 6131055 3082203 3840197 5176662
71940 4064997 9017047 4973599 8914827 131045
3291770 8495257 7479773 853318 3504517 5092303
3341124 295741 4412439 1009545 5793048 682073
404001 242032 7271629 1394898 4974679 2403037
6893372 5237680 5050866 6440557 7696472 4683184
3170121 9616861 3797492 7401928 9908120 3356079
3640667 5357488 4502000 3949624 4058860 7834438
3393515 5913210 3820324 5672291 4597770 7573052
9357056 1957576 4578005 5448982 2678202 3598165
7905033 8677042 9090318 6614009 8080226 3677147
5080179 6851212 798785 2796589 7683197 3887656
1294810 5939195 387621 1056360 7368878 435559
6180073 6454376 6183171 9437191 8001382 9061468
8582713 1221080 639909 7477813 7083501 5738896
105179 7721139 6938658 199327 9496895 1231078
4265761 7026657 7277261 824853 8869445 7207648
7035653 596926 8230013 9932668 4377481 8658575
7185431 8300696 4588697 4142445 9268908 6223826
7414993 8467841 675659 28849 8031296 6859146
3037237 7602366 9767710 5059888 2691410 9962058
6948997 1095482 6442300 9156542 6790599 342220
3158297 5355220 7584931 8975523 2401537 7404456
831455 8650045 6843599 1981334 292381 8782805
1150198 5962733 8452230 714832 2784334 1029053
555419 4236911 8995361 418115 7787615 1267078
7439937 1975764 7905515 8267955 2983670 3281998
2216274 8028889 1510096 4246477 984148 3913688
8638894 8439469 6066303 3271202 9197393 9381251
15547 1055902 7309985 984905 3909690 6728677
1509828 6234164 8311148 5413246 8601122 2553687
1346859 2740182 7567604 6317852 1535586 425773
9498940 2563500 5666374 3561600 9765060 2263491
7272708 6903721 4978585 4538541 2075938 4344864
4962749 7284217 5039517 9614110 402568 6731713
3957093 6455031 8066073 1176838 6758127 6749505
4970850 6803027 9427767 8956409 2899617 8243965
6346084 2321041 6903883 5640530 3772262 6633893
3714876 6453946 1290842 5046493 3712196 7005969
1750091 6971286 4158226 3966284 450496 1316905
7514169 1732748 2337613 835891 2360759 5080554
2359699 8322101 5805373 8916868 8590750 2962032
2835724 8316299 4004103 6734619 8192456 9754896
7440981 9322218 3511954 8405624 5899233 3948621
5440870 8910599 2742835 1060104 9426746 9786840
2591278 1004566 6352530 8110861 1442239 1166869
5906352 5510193 9960281 1823328 3280831 5450160
828520 4798007 7863196 8328810 2210769 5395896
3001866 5015472 8778830 4403330 6525302 1128277
7804950 9108545 5833514 8388991 5395020 3450160
2337718 1299594 8895355 6018533 6325590 7586183
6609501 4724863 6874060 2837233 828266 2682263
9794614 5617652 6041387 8061794 7577103 1101226
6085425 7112060 6699830 7346938 8058238 4411273
1008009 8187948 4479263 5224252 305910 2333693
5333354 7517360 115173 6510121 9485609 1981236
6554805 4809987 8472417 277012 1719308 7485905
8521836 164632 4187205 6096567 4608715 907650
5086890 9743156 1531441 4732288 2303566 8282959
6750330 4990780 3241356 4484081 5010523 8137641
3106920 1385248 4418952 4540366 7503879 3310906
2567089 3284493 6132042 4060151 1506989 2767116
2628808 5808412 5392751 9213924 8825101 7893605
224068 4911442 3579232 3571612 137362 562754
802251 601065 5213794 1832213 9759790 4494829
8739879 2070724 9799463 334776 7170091 334060
3066953 3981470 2660753 876299 3529477 1324222
4775607 1026739 8236166 8764325 2103480 6495153
2890208 7536406 6165678 5347751 4260013 99080
4558408 9535307 1247885 3856197 3738114 6902813
8097111 734876 3524702 1637213 5320271 9436265
2967652 2294032 8638321 5058691 6146970 4843631
5232852 9347768 1381964 2255010 8796005 9110623
2326587 2037926 8497585 8718640 8942004 2223384
8329150 3392128 7810711 9700382 5776367 7634784
9086174 9210756 243355 5757939 2779188 2794600
7799519 3138394 5706467 8799901 5796672 9809447
7856832 7831516 1389435 1322047 114898 4912244
8717115 2303397 739302 2137262 1529609 1700188
8405227 9378470 1792871 1301317 3308062 1928143
1625554 3267269 6517664 1003537 5972516 6936214
4600276 9474912 6568580 8587364 4455491 5657610
3404155 3526686 6241253 8688137 861808 1110488
833949 7007103 3277229 2898466 983267 3472969
6895481 6948912 7681146 8543166 7352712 3400717
1001728 6498201 9830331 3778324 7174347 2529402
3291783 6853295 1859000 4453221 6721771 639985
8343664 129751 7847906 5081691 8733106 8002923
5458934 9717089 8516662 682383 467368 6300958
8650913 8727087 2284002 3044694 4108055 9023603
9255067 6057109 2122200 3167862 7585635 7957289
5827278 9625831 6352338 3711851 5396354 4008513
9251487 6380728 285332 2637243 4554801 853515
5625063 1813789 8215806 9678223 3084231 7635622
4884055 319344 6030833 3529373 5127410 8447259
245399 247088 2745239 2835396 5198153 664661
8517785 5175802 2544115 9890617 9254412 9107275
1650584 1747083 4320734 4508148 1430896 4086639
6015626 6013669 4172286 1430487 7419631 2294265
807797 9576844 2972877 4486578 8283807 7266290
1926455 2297905 4498420 7905078 3466451 5149266
1263273 6416090 1182575 9620670 4119458 9378999
8309399 5734446 2559376 9108531 8027638 1337147
3314887 375906 8888448 1944194 7513747 9113740
4274972 8814912 2827457 450973 2027599 5621308
7691784 4031206 6891994 5277825 7964162 6956507
4608854 3745506 8280632 9171468 3244875 5014805
2904064 6394955 1894211 4793287 3121087 1685185
9734888 1699266 1549206 1635729 1171691 7907901
8377842 9982261 4784158 5384679 3630105 4651538
2321809 812299 4388491 5561266 1928886 88251
2487004 3031574 7770284 5602869 4499676 4282132
3056514 4143418 7131030 3873642 9040129 1118791
7219529 9481685 5693824 1142271 716084 328332
4072102 6056054 2859515 8984092 6899982 7981900
2172348 9224174 115400 3629094 6849659 2432575
626314 7342797 4466068 1805959 2306283 89513
3914901 4132018 7199589 7267074 8579214 7028272
776870 4504200 942131 3665366 8165150 4148420
8957713 1179537 96214 4060158 1489164 5872832
7228736 3502911 6131591 9788383 3430521 5275501
4166731 9427420 7293759 4698454 3247327 1697331
6652722 5413569 7175402 5604311 7227370 6584065
3128743 6805027 7476839 5831242 8207221 2395782
7039769 8506981 1059024 5966979 4671380 5670122
2336360 6566156 5853633 8593236 4577223 8803371
3957921 4126517 701497 1924087 3100342 9151794
9734513 6078415 1256872 9244800 7012644 2751580
6973018 3353402 3952166 3512148 931414 4684136
8395992 1397493 5295689 3735809 2748614 4923539
4216477 8199752 4756040 1623637 2362094 6681170
5843698 8059486 836346 8372030 1646389 3100852
5882568 1204655 3704685 8325044 6096729 2128805
1138909 7794968 1494337 8307444 8993961 1317977
1717955 8824212 5634741 1169496 197243 3179729
3507681 222111 1377903 5777957 7707610 4900590
4395754 8110876 3716321 4575701 3401102 8953157
1915233 8600987 1707012 851314 7629580 9726759
979451 70947 5300764 3166883 2596899 4953645
3429202 5909032 9205790 3438062 9905681 3537882
1046429 4674201 7862242 7656617 4864348 1424277
1722948 104610 3497044 8804094 3929290 7985852
8412484 6563208 4393866 2541179 6392211 392973
9610965 866641 1194631 5907982 190045 126295
7878965 340797 7625212 6424258 2348755 1798578
5694799 957692 8205194 178439 3529272 8726900
1090915 4258616 3736638 282734 9128365 7524969
6229714 2175356 6141657 7314911 4754399 6033691
559778 888022 9516820 8812817 3827096 9039040
2343250 5138446 4484156 7735946 9777652 4523551
3799065 5298690 7755855 1698466 3109295 2971598
9780658 8234044 3033935 5666966 1450264 2133595
6656334 9328230 1738275 3669662 9678267 8014688
3984638 564053 5586398 1591520 5864480 1460732
2281757 6881981 7130595 9166153 7835189 8390826
4242744 3354969 4480963 9213087 6483668 3829675
9769113 4531248 9066061 3170058 7534253 6520355
2999755 4892811 9437758 7383225 2156482 4498866
7300765 8673588 5460178 6469467 3751307 9213598
8937152 2207544 9434209 6295122 9416708 6227313
5841002 614504 398854 4643109 1424221 8095295
7652631 7443246 2844561 7908600 3900548 5147019
8948627 814579 3029800 9066042 8591764 971668
2022974 4898532 4725498 2631729 1865388 9161601
2930647 7773276 9603661 5267365 275935 4276124
4395465 3473991 5114539 2838747 7329056 6919749
6121500 8356646 3468590 1342463 9730594 4713236
1654304 9392164 4773039 313159 7520839 2936727
6183798 9871109 3615780 8462541 4272148 4518176
1501814 3209273 8749115 1237253 1712461 3650944
8491633 2385266 7167311 8568437 3513135 426557
32479 6109880 3485523 6110050 2944542 235118
7503078 680510 5167938 12262 977424 2473224
4388561 2617488 252437 6666933 9083566 404825
660343 5932924 9201842 596363 1336932 4119782
8170633 4884246 6644185 9817645 2850829 7345327
7545924 3085867 5879029 4346482 280679 1410959
9451204 73747 6926567 3380662 959463 3591637
9350238 1489552 2231849 6275891 6848692 9094973
3398507 1824699 3301699 6762486 7908093 7580211
1224714 9436116 4772948 9365741 7939417 8060295
3590933 7685433 7829680 7822610 2466338 7891557
6594194 42078 2336809 8841477 7215729 9009819
3478257 7279681 4973461 5610204 1246124 9847380
1887933 1894741 8035554 7549211 6419137 1026130
4043628 783437 5177773 8298818 3121768 844562
6638011 85463 2134329 8866271 9789729 3274029
5761957 1527628 9023214 4340291 9681697 6806613
6758163 4557030 4608970 4291880 3284228 628412
2606749 5614510 8189992 4925567 7477807 6044675
24741 6041721 1266295 6803550 3778982 1682900
2713784 8295375 6920310 1492246 2203465 7130266
6875489 4611985 7489952 1699431 9848247 9718495
824165 7547641 2213044 1228941 791048 1862107
6417159 9751747 7499209 4549361 5692068 7507258
2654569 1712443 2607655 6089654 8841530 3748008
2007734 8958406 7748646 7340314 1626507 1386321
9886302 5265916 2353564 7478704 7416391 8672242
3138459 907318 5766262 8471496 4101402 9930166
3831631 8795799 5250672 9404188 386391 4027234
4183691 8164422 2603307 9413052 8837677 491022
4522611 785835 5770455 3741944 9691696 889841
1969849 3483851 5921134 826722 1342638 5525131
9508542 8938455 2335356 8826966 1410901 4784749
1740995 4183073 7611041 2677488 2258022 45730
8497335 2603546 8572015 3721411 3156623 3462084
8783014 473250 6428239 1862542 2956093 6630556
2901787 9396514 1215622 4876421 6501646 617550
4009031 3004908 7453161 9725541 9895645 1447936
1691878 5356724 6753520 7818557 7672057 4654603
2879980 1845122 8527812 5724724 5244609 7088150
2317825 8248438 327228 2459049 2043708 869387
9096892 7646000 5982362 5704799 5925178 2014386
3569127 6864573 7681426 6993490 8668457 9253113
2592568 8771794 2707900 7124079 2029532 7799898
6708563 964456 2801193 1773635 8982561 1110970
8102743 7177062 4151905 4127471 2558595 8253208
290321 1549982 961199 6583773 628649 2249645
5465573 5987078 9431546 4739133 4249429 807483
6973177 5886489 3176665 9274698 3132155 6472814
4380249 5193746 6218905 2527330 5750485 1079251
8068194 7323256 8663439 4871391 7602056 8748115
7862481 9441655 4305978 9428217 6703169 7118475
8291914 6008795 8143145 458255 1658505 6042454
8368351 1969429 6715026 1993710 4800458 3096071
7934305 8828045 4044907 7679090 9747221 7364848
2034303 7762991 5799496 9881948 8515579 3305392
3586206 594182 8385022 683430 6876652 4807774
6501504 7544959 9183320 6058189 982784 7123360
8329669 3921994 3535241 176450 4158978 3781056
4364224 6074484 2522797 5567367 6937085 8774010
4703208 183390 9694433 6941129 7393914 8940177
1318978 8409965 7493216 4837752 6872049 1064322
7657431 7684921 5092776 1907252 5492205 7255499
3912750 1876115 7845260 6921546 9349421 5825227
3829607 1857852 3604013 2018439 5517723 2441094
782595 8018838 3657097 9611011 5980221 6693262
5113340 9560375 151044 243143 4739210 2572818
9630144 3491917 7049945 2470918 2519019 6474057
8688279 2456972 582278 5267298 1654616 5060969
928750 7781662 833968 3869206 3111522 5536062
5336164 9300539 2892242 5052121 4055157 8853210
7407225 8046419 1704699 8399514 6793911 5931830
7104454 3669607 7136905 5272441 7291402 5857503
8775281 1358688 9338832 7129956 3330160 3060751
1858815 5515296 6364221 8596127 8682261 8198559
5859293 1244134 6448852 4614982 4906978 5438671
9680576 4578022 9436760 8196734 5063693 4472599
4769357 288765 5663060 4650448 8162843 7985009
7924064 5656308 490260 4976465 5093924 1752834
6197229 8206208 5970378 9831490 3193305 8539860
2488989 8811097 9364158 3506140 2540220 5549777
9482977 2489472 8762628 1698233 5591865 2713379
6420743 578546 6294994 4866233 2360598 3041395
7397691 7208367 7352452 8379212 672063 3025953
7708299 882828 6150209 4696018 8417752 6700770
9468293 9849085 1384717 896899 5707745 6252596
5108441 1263216 7748544 113282 5167471 5673371
9222380 6225831 64442 7776880 8555721 4515377
5457839 1330996 5845609 2928983 2433799 5984938
1187407 4109776 8139033 6338204 5797840 1657391
9399568 4786958 4071719 2061858 2229940 5742780
1328661 5523843 4870801 42398 9757791 1097381
5292850 7284408 2040896 1679081 9156831 4446232
2961510 9931418 2327107 1634831 9238179 7086756
855161 6539309 7415285 5399778 9709492 1597968
8113562 8770236 5465376 6091153 713714 380512
1601652 7160522 3995890 4321662 6448218 3031877
9644576 5415440 1573204 4748227 7636133 5149390
3944042 9508326 4952945 3692801 3376693 5866422
9330284 7764736 5548779 6984962 1206697 5690630
8327494 5928883 5814351 3272832 1928836 987554
5632005 9201696 6570694 1660383 77429 1996308
450341 8639848 3483199 9295229 1990255 3822738
5513552 6106933 8903176 2265894 1455736 201166
6645022 4420760 5393542 9598953 6760868 2948978
4831732 4616689 5953825 8305260 5994168 519335
7217526 6371743 3486604 585649 9116221 8434436
8578696 2283658 9430896 2956637 3242459 4736845
2383222 35055 5774480 1726040 1471410 5099763
6787454 6061599 4473147 5613185 6627809 7508075
5594011 6033052 2440828 3621715 6828650 5460739
6042482 2145081 2645679 2963864 2077702 5618511
336133 4927903 6990711 468739 3687198 9172077
770269 3688385 1178301 656697 7215731 6725812
7174497 3105691 3145279 854062 1517805 9932569
6046188 1604341 9743933 5978529 4991637 3083169
5993608 4956980 5455007 3970157 6914154 1097378
2091165 9419358 7957352 155968 1389907 6543506
8109051 6318715 2374401 5301069 4842916 2939424
6329774 4937314 8817321 5715015 6447218 3722958
2315460 5188420 627275 2713110 6917675 473361
5874578 4357604 9936265 3907542 4475131 8730217
3717069 6800112 6774231 80922 8565531 7796372
8768460 7018528 1715784 6601772 2745010 5199090
7558168 745118 6761424 6804509 9648755 54322
4265848 278592 8509762 1732049 1654697 1725733
470103 9378054 2501682 7483991 4281390 7032303
6607241 4201509 1843583 3644183 1584000 8042803
6165192 6248851 6371782 1020948 6946555 9428689
2007174 5713687 2443410 5428184 5154942 6172556
3711936 9070068 4708848 9881942 9641693 4196538
220454 1985020 5145415 5048498 9610818 9187477
5294689 1284469 2737138 4683481 9994531 8543500
3355507 3913984 9161118 8718621 639317 3399903
3682540 3244899 3332037 9081072 9724874 5941009
9282323 5041919 4223112 6329125 3772054 5211321
2323454 6725298 4559816 7647045 3423729 9598979
2897388 1116694 6638033 7184305 5726258 5662085
6691551 7323692 5719156 3899909 2072677 1240958
7011437 4993315 8430751 1308945 6199402 6396793
864500 1139381 2260145 9204405 5766174 4568899
4964364 8965563 7512414 7525816 2360026 3269232
3983684 5708461 490255 9562139 5821232 9522623
6761870 6498234 7518641 7669951 2389521 2401181
221853 5382413 2969241 2982154 9317687 8778738
6780570 1014509 525895 8163022 6782544 2284347
7338833 3692983 5350519 2069133 2219940 6760694
8149671 9165735 4963666 2449923 9916225 6364215
750702 7449298 9172083 8908128 4547075 9701167
8878152 3194548 8749860 9858963 8982552 383761
1599657 1982210 9647875 8733676 745246 1345517
2743336 5820662 8925916 8205908 2223305 2128249
4172103 4692736 4278294 757946 9520280 3223786
7437515 7771930 5466188 6605025 2231451 1868389
9606654 7872441 6467434 824728 9284870 3587996
3534486 7479869 4710430 4966758 469475 237729
7112818 9415994 8420488 3618149 9706586 4095563
7438298 2544794 5225993 7043834 4736024 9854338
5422873 8120205 3674267 5526074 2421448 1210622
4917573 4994632 9750759 7779486 9127021 2872804
4878082 1918608 6535791 5337920 4671421 4743435
7417818 9205345 4223260 4040564 3645128 104286
4803297 3819366 8065343 1370624 9166727 9686656
6642396 2562820 3136417 6613095 5401854 1164664
9913728 8008412 5058421 3499808 49185 5474843
486970 9333331 288973 5547684 8740066 7787977
7559771 2100377 7873373 482557 9626015 5530679
5631078 1382309 4475077 3569981 722776 8602082
3145278 3546948 5827904 64103 1137090 6564201
9736386 8264986 6516754 5371127 5424192 6663008
9685014 3918010 9156160 8748416 3553593 4311796
9815313 9255612 5079299 277366 3810853 7066349
1813282 6159838 2936804 7605738 982017 4019544
6689586 6343746 7285636 6456338 354529 6502236
9646938 422867 8196241 3724772 5811297 475080
1271223 2188644 6676185 1210365 797543 5708005
6374518 6882661 7828715 163281 3754668 1467164
3522782 2867912 9736094 8761555 8250820 4977252
3627396 2130648 7282969 2497209 8681540 9080446
9377371 3228675 3563480 2653923 9101477 3130726
6115554 6090541 3444314 4604219 9006142 1622209
390164 602917 5362295 7228798 1231219 4099355
6190829 6526305 2589077 5818472 2933556 7486616
6766142 885383 2172046 3218989 97375 3680649
3192110 8774014 3507103 7595738 1832993 7568867
2144525 3720595 7781184 4697989 4047726 7664127
8022849 8918563 3861770 8113884 8371391 7647903
9614956 6398597 899429 3183614 6306380 2155234
6491368 3558899 295119 6076863 5887781 8216094
958679 2896565 5993165 9763665 1412108 232128
8115105 2794425 8769923 7793427 5084273 7510624
6318170 1492839 2478578 4924949 7795622 4014992
3624846 8652257 2513991 4524143 3604032 3698777
2781219 8496 2467633 1351868 1104369 8274093
7273748 6067661 7832813 9565089 3739309 1151161
1670962 8259183 7506454 3629641 9998778 5576966
8877979 1821528 1314324 3388804 6865443 4813540
9676656 1566419 5763277 6280126 2452016 7235523
5702103 6434536 9292532 2294387 6982445 1403612
7764494 6763237 1690055 495829 519679 9016611
9677810 6753080 7753530 1327417 3253987 9536439
6508538 9995205 8653478 6937024 5646163 1782503
2384453 9392415 3143053 7654093 1675212 9537950
2510816 993621 3615644 597290 3862986 7304773
1858628 9376574 1276737 6102842 5865147 3235541
3886910 8382149 1301849 2297712 3710994 112362
7060009 8349238 8312431 6226837 9771588 2456811
8582044 8765078 788372 7510028 9909933 7590030
8260559 110400 5088024 2152105 7985013 9526057
5400967 9080520 2890094 448757 9468788 3877412
8259701 405696 4130057 5417937 3050114 7264013
480654 86741 5681421 3030691 594084 3325973
1225519 6283978 1222033 1158832 2015245 5097908
6516400 4348599 9466640 3686706 7842283 5754746
8147516 1734805 397136 1775791 6896745 4630473
7222268 6611252 8880450 4435018 7967136 9365892
8326754 3164107 5714964 3524358 7029374 9823192
1908609 5229868 9516316 1762051 926585 1701034
8304023 4242134 7065274 7792185 3932357 5120188
4410771 4572994 2563413 8375311 7270420 1315308
6866877 8704862 3189995 1050947 5808423 3982831
4445523 6790500 8316842 1856141 2832078 8851137
9382944 2992041 7319225 9643448 1778097 2612415
6238429 6385465 808219 8696101 3471768 2654610
7565199 9430082 2678895 3760261 24246 3394141
6802479 9951442 5893687 4399655 6657481 8324511
6633196 857662 9421444 5533484 7316527 4136085
3384192 6447882 1410055 8214136 8409241 940315
7800963 4767323 2794897 9950998 2136881 884954
507089 8170775 5233094 535384 3485747 6378340
1303936 685262 6766254 4922700 5053662 2880635
2957450 4983289 6334560 8994713 3010251 920434
3190970 704944 9068937 6672134 5311909 7023885
1244555 9351062 1020841 1738579 5959297 5256922
599244 6851481 7814561 5008732 3892566 8486705
3091417 6097811 7371914 3043104 4229548 6631265
7369830 8461491 1394220 8529419 5256686 3425951
4605754 8806249 1757071 1874463 6760027 1431937
1816017 3834954 2858865 8209208 9290829 4134685
5357499 9565356 4725965 1509331 4323456 8202181
5066074 7948717 1090723 7847855 5903296 6912440
3548519 147865 6475396 2437672 9302303 6850418
5629665 2715135 4094375 7594889 7132825 7153047
3499851 8724781 91453 6382624 3192715 57611
5627839 4882208 6806982 3237229 7685605 4664191
1905299 5860499 4138035 3192039 3463345 7307968
2335228 6757899 2902953 4844631 8325943 6612162
4956540 9378344 4532650 6008447 2579543 6575694
40309 7762609 2432531 7572917 8009480 5598675
8110727 8683450 4756002 1033111 2220015 1021087
105458 311290 2462260 1811205 532372 3441804
2712382 2437626 9251790 6786406 5259660 374925
4250094 8655219 398837 3479290 1426083 3814371
5524961 9619392 2302665 231287 3196919 9922995
2231659 4332382 7851019 8539360 5081311 4779894
2551966 1302117 4537884 1881865 4739173 8014652
4149901 3145335 8845971 1090845 3296064 141916
7323904 3253902 2502948 2057605 3322822 9354260
5199837 4631436 7257367 941631 5508150 2600622
8718422 9874170 7114371 2539265 9579545 6199989
5590785 4173022 7356315 4471895 4234440 3957543
5837041 2368229 3916046 2384185 9329389 8280748
4968399 4434115 6323327 2160748 2907383 9943016
7420046 174053 1009560 8496758 3339522 449874
7522527 1610335 5793966 1937261 3163443 4865003
900280 1610636 3565789 2645981 5500060 9123042
2785601 2852008 9019462 8545404 6220564 954593
5438214 2815651 5302047 8976618 5973231 1074035
6277295 6557673 6966787 7171354 5119218 9405492
5190429 7094027 833499 6906440 6949368 2624104
8163577 3899780 9204785 9051042 1483904 7718752
4714959 2322417 8934055 7200285 9375146 55374
923553 8874641 3953489 54966 3058544 523871
5147826 8545908 5637103 4719931 5659965 6605769
7898216 3728925 6491417 4160296 7455551 8406032
8289542 5879160 5902640 6395358 381827 2320784
1749807 6387171 1331747 7583294 4261659 3650813
2139980 9077010 7182527 6911412 6247801 6244576
5452003 5135463 4035483 309628 1758613 8403459
6987000 3443646 8239814 2599016 1152826 7754978
1227335 554662 4866865 528022 8910743 3495985
4152734 4528195 8492814 1632705 8305158 6671372
9192124 7564532 4284249 1986289 2579951 6582955
9423241 986803 7481124 246840 8708293 2320088
4370549 7979913 4120546 7499180 9408357 6938181
4080969 9150790 5234344 3576768 6355959 3706996
8783947 1611957 166267 3686541 2758677 1719605
7751762 3819298 6830304 7364110 1117504 4194081
4119210 5000710 863695 1656859 3175774 166023
273853 980494 1846368 2546777 6157472 930830
9375438 6653553 5119838 1554633 7551735 9154367
1437027 5615355 1208572 577252 3202341 967993
6416688 5736700 8228125 5761519 2495078 4888995
5489783 7006439 6862408 9926465 3379970 4407646
6074486 2424110 5975016 5068321 3302914 5375465
1860628 6237170 5454485 9235436 4311102 6105124
6599767 6197129 6267562 7675937 5927082 5502149
2985508 3541957 1798368 9895701 5240170 7439074
1937897 4512334 8485415 6957373 7056994 9151032
4068421 9448973 3273583 712191 5480147 5127624
3179351 6368706 2312440 5833107 8716624 6965171
5513507 7181251 1425598 2123001 9161752 6297948
8621432 7813846 1079356 1360258 6940956 9838012
2609277 6178784 7183940 8535941 3130424 8790580
6890049 4903254 9180175 6303452 5167015 4862128
2831540 5887575 716982 1139938 4496585 9558376
3189708 7152401 4825333 4833197 4382193 8058918
6013476 9814895 5350582 2187467 8335940 9243148
8071676 2708162 2508017 3435570 8102913 9301362
7943684 4643409 3238281 3521860 8943058 3813369
7784995 9210055 2014236 6563469 9291460 3274176
5580966 7481494 3317260 1520980 8170550 9788555
5012678 7776080 1796590 9125021 2522465 3315528
3439997 4702581 6567314 9937027 8231776 2458852
2354111 9395969 7784661 1415619 3196253 9853176
6320094 9667847 8209342 1011964 7048201 5172138
6044682 9450006 523435 2076406 6606501 854445
5925887 6550695 4537612 2719461 8422891 326832
7504772 8818663 2120943 9922752 81863 4240476
7246054 7847967 978279 9555384 4209357 9895490
5489514 4165346 4285241 3464084 5200885 8502702
1579213 4000714 727879 6624451 3080338 3072458
2792093 1363591 8096080 5712869 4011140 1681080
7921239 9634650 973077 7457829 3910847 4377589
7732232 6397341 9585984 3968865 3765909 9200233
4193859 6489298 5240649 627944 6586891 2441154
6569204 2461802 1349809 6034909 1140248 4422177
9598953 880320 5738324 9048484 7130659 8718271
6144396 1533185 3836827 9297198 1634144 4574706
8922412 8031685 254499 9907651 5731852 8803543
8916718 7610347 234805 1527645 2430592 6591040
7831809 2164149 4776699 5654925 9143664 1549337
331270 1886330 8494401 6550900 7858875 3030526
8639265 8683747 9266682 867712 7824469 2232723
5363406 4896660 4855154 665943 1705531 8555206
2186655 6661552 6729950 2546266 7118191 3529901
4187371 8071307 8449728 9147284 1216675 4966509
3941572 489470 2389520 2287489 8965927 9747814
6080304 2371511 172809 7223973 1268386 7048104
9536861 8049005 9785877 8002082 6164239 7533931
1735886 7165866 458617 6221493 3468270 2482112
4819386 7785004 4768138 4964500 2363529 9787568
4580797 9491980 7467072 4300172 6926140 7334999
9843202 3075916 5930733 5107340 4585638 9334019
8382396 4962681 5393166 9681846 3009404 9069185
3744023 6185288 1907067 915796 7411398 4050809
4507892 7720078 7021199 9907408 7468103 1180922
4979675 1115804 7982 385241 2643175 1776405
9581031 5236688 1122865 2450878 8158880 3088323
1603198 6628545 2580228 1124598 7839096 8505588
7088945 5137540 4775599 5698953 1220477 6178241
7880500 3665000 2080582 3416263 9792280 9206061
313800 9935793 5607813 4749810 127665 3469833
9326037 7997155 2319506 3616760 100814 7772716
7946320 1293145 8026408 8818744 9312598 782852
1470581 3383293 9880982 8515610 2818462 2330562
6405323 9280721 9895327 3829741 2504740 8978175
9695823 6164768 5444407 1916803 2137077 8223086
7480509 6853388 6500880 9110394 1798560 9841940
6186082 3472185 5036725 7002883 7752632 9927331
8151832 9061756 4352402 1297729 1945681 6408986
9325078 1798189 7117330 3277250 8344486 846943
3574506 5496296 5492415 3341331 3920937 3936045
2328308 6029516 9156067 9803321 1338234 2459209
4281971 2360186 1584733 39041 2329528 9346277
7293837 9402439 1528088 9967995 5677908 3442984
4625772 8398094 4219087 9035421 2591725 338888
1105756 4203259 8508901 5653937 5535887 6302264
4349525 2844751 9551248 1100679 4674574 1723116
771264 8348511 7723521 1893192 7015757 9585494
4824253 9286037 9468661 7771052 5983412 8942047
9318854 3606511 9818388 2049430 8715558 5522842
9716958 3292887 3437791 8817178 8697565 7134974
3950308 8628033 6824299 5282468 5689515 9484777
9795029 6193157 4727864 9804972 9196731 7329396
5719462 2732579 1382336 4633592 4211167 3305687
870227 3334703 8219846 9566854 6335083 1929376
6483876 2300095 4129192 4028405 1383720 1381687
8285324 1954085 9650946 588546 7942884 8387723
2761195 9541784 3596521 9983884 7976023 9790254
4214182 9513881 4409780 2488991 6329968 5982978
4140506 5083366 9081719 132103 7946951 5362861
8915128 4383453 2292950 4894922 8798591 3389420
5355584 5766624 4809436 3346177 1519647 7242645
7678449 5130915 4789695 2994612 1872396 4669382
9709166 886343 5358679 8429591 5352672 6821201
7519596 3994885 5970126 8146213 9887898 6300354
2299968 8153221 4007133 4288084 1673418 3559430
6094773 7866273 743193 207100 4628299 2209398
4980817 868005 7994234 7167134 4810541 1199052
1193282 1145894 3210970 4412336 422936 7060608
4182 485536 9030781 5471748 7375326 4803706
7419294 7209370 5878725 8509082 1046208 3366426
3235511 3390365 3457496 1230265 6899838 4006122
3926189 9502066 6258043 3149281 3448773 4484667
8826967 352462 9184343 4771073 6952930 8742004
3089383 7887632 7730284 6946525 4283902 1187882
4528648 623024 490947 5939486 2787806 7418928
6330672 6471735 9821796 4627807 3931622 1420176
7741556 9963017 4246055 9204847 486146 920870
802564 6854900 7036762 4546114 6644781 7022864
5619363 2648220 256439 7136721 5419698 3158576
5636141 6288986 9106462 2269613 6701616 6276814
3515175 7986703 6714260 8839114 6818608 6977038
4662870 4199159 6420839 7764167 7029517 6989913
4495948 3884536 7401485 6809414 6143961 7429001
4151120 9982534 3978243 3468083 320122 139585
7162489 9193951 1052036 6663220 8991666 7642636
2313713 5471942 3261400 7969241 5689672 2499442
4206609 1963449 36292 59723 9883243 2445621
602024 7855196 5618703 3266526 2640772 1535162
5757090 8826726 145025 1677461 8118493 6719082
2298570 47091 7666580 6574674 1676625 7624657
5925002 7999650 5207493 8778203 5450453 1557574
3728512 6526707 8194863 4902042 2602804 4180511
7392708 4091396 99290 1532622 2866058 2464926
4520882 3895963 6553178 9516873 906129 164939
7497610 636252 7353448 6542318 5670670 5642580
4832862 7631935 286824 2411635 4134721 1883593
7238127 1823820 2404742 4061128 9538013 6114065
3340299 855047 6223922 5964513 4284752 4027096
6619792 765947 7181033 5201653 2053791 7780662
1071479 6408128 7093520 5042554 1280592 4814201
4204126 7186194 856037 2552283 69180 4970869
3893687 4981073 9956675 8215696 4294495 1042237
60184 459754 4357949 439113 6176574 51081
3941017 1533096 6351500 3326352 9922525 4904722
8461547 9631208 5578143 2506161 1340156 7726592
4790072 2195573 543227 7590541 9857001 2351818
5258028 788015 785867 1253052 2070826 9303678
4070420 8404095 6471452 6138795 5141469 1594037
3422712 632365 231554 7042438 1101536 9747496
8462700 877773 7263669 5951314 4090735 437972
9392726 1387525 3640917 2230083 3425624 2098921
499010 2469642 602752 2006130 5181085 5388558
9265214 2687965 9462270 7047821 9255931 1518429
8433270 2322752 4489738 3984105 9083448 707790
7495037 7747633 1094036 795731 9127840 8979228
5088149 9306713 6697280 347895 1860325 683300
5662761 1840336 4978471 4372531 5639784 2671827
991284 1416581 5451280 4842995 7777224 8413571
285226 1414878 1621842 5745239 7518044 1767983
5948233 5408620 2304076 2933126 4735045 5677990
1004884 9703278 3341801 1623524 6917980 5874371
8691278 8917319 827639 8778969 1385060 7415594
6539958 4060739 6682967 1817911 2992821 7666867
5256509 2652042 9970409 2680465 510505 7712962
7357385 9342910 1788669 4929296 4399661 6451705
8379223 2729634 7105291 9300481 3367646 5936506
9330025 9367759 4498600 9576909 6151716 8859904
7585932 1506256 29817 4206247 9205281 3457305
5085015 4130321 2415799 4637209 7676617 2083003
5707580 8324419 9192773 5628839 4266138 7575070
4085701 3761982 4517658 4375933 399745 8655426
310303 7239476 693092 746460 2487886 3625061
3168266 5679599 6500325 1110505 5094532 9004248
7683144 3151138 137629 8331364 9844280 269340
4035906 3742014 5053017 5022287 3592900 5043226
6743733 3701186 5101620 6923530 5491208 2389734
4342246 3209998 1106511 1374391 3895944 1965804
2764212 4338554 1642435 8790737 1468943 1997017
5582677 4597075 3229887 188524 7945694 1115000
7437440 5754336 3917701 4248317 340027 6657731
3602409 5288015 3646576 5649866 4002727 8786699
8523440 6244735 188391 4110591 6768259 1884533
7897737 6308752 9255194 8171825 5567152 5505725
8626904 5245168 2273070 3055999 9439610 8995825
1813339 6555208 5755491 3986620 9486089 9736871
8472033 93928 2869971 4448779 7771982 8607928
8319227 7114345 335827 2855735 267297 5224207
1808626 1472086 7828815 1345353 2290787 1636942
1859806 9265615 187184 8411975 5621413 5094859
4384660 546409 5848404 4650750 3836526 7447518
3031208 4536820 6758646 451519 5638557 6674330
9014562 3448957 8536769 647265 9852597 8452806
5169898 5771169 4977871 7048862 1247373 7967524
1167009 467986 4264421 4118549 2126813 220474
9549687 60058 4472515 7775112 64119 7225573
2759523 3668477 3277819 2888308 9824526 5730476
8465561 1357106 5833528 1154484 2330790 8841829
3100172 1212541 9413017 1734377 3242077 9850244
116988 7335798 9299035 7880880 3483740 3368540
3183097 8912659 2410006 6538171 901831 5578499
2201815 1239450 3384838 1311196 7887741 6184120
5174987 2281589 5946642 9247394 8583300 9890266
2133995 12524 8137195 5422591 1018376 914272
807456 7815310 6817980 4622270 7658123 2728320
7926537 4878642 184736 9909278 9705211 911867
3320470 1927390 455275 255029 8952669 1091340
5456991 1788975 3324799 3228897 6559390 960487
3903601 869593 8752497 9408769 5746885 3471215
5231345 7760505 7894282 1495734 5730715 3086521
8760518 7579544 3581326 656517 3384658 3009098
5999383 5265708 2576377 5034774 5926924 6655910
9434991 1878965 1059855 7045855 9965600 9229400
7589472 7578559 1255919 5857493 718669 6788530
3975823 8517768 9131757 6713520 4677933 1944706
3017584 1824735 6196675 7368754 1494510 1373124
7510013 4800473 8404317 315701 7229513 1293681
8384109 8868827 4942669 2096586 9973778 3867920
2411360 8185490 7794904 8664881 3906261 8152155
1830601 2903025 6860875 6792796 6680694 4866889
3877341 9285863 587774 631671 2017190 4102188
459235 2066236 384454 9686731 9535841 5165126
825083 7273771 349045 9962237 7473383 1849842
1845860 1879237 8543990 5263836 4302160 6492443
4149801 4352702 7918474 8044519 5538152 8591485
4512248 717217 8119779 3537427 6438359 7943650
705906 7752438 6851636 840481 1637350 7907541
3483465 2724628 8649648 2629778 7839798 6632490
7803109 1868364 5429641 5011033 4946936 4801457
6322899 8613504 4983702 4095331 6481869 7664487
6183714 2414716 6528084 1792969 5174482 8818623
7045346 7287656 835411 2405395 9256330 9720945
4998205 1005379 241886 636449 1780371 1577531
7842794 1520022 6512904 1285983 241409 3669788
3161844 9501215 5770281 3318322 7214527 7824854
2959947 6610575 1270568 9187148 4656766 9222634
1379456 1690496 7550146 9831025 5584431 552141
5797078 5397713 2612033 5708695 12828 3941556
4559570 5686449 6833133 3406171 6252536 4961846
1151583 4897730 2173306 2858296 8631124 5673267
3048342 3727023 73128 3010557 9445448 2645755
8450377 5811056 6348612 1019251 9256993 89875
4027385 8011769 5935591 5960762 5488905 4843695
1057754 7453149 9488386 1828724 8758751 1528078
991721 9553775 358038 6308721 8035565 9759036
7049328 8521160 3059372 1876878 6782683 1857408
479013 2786521 5952265 9966278 7258317 4201771
7592944 3540319 6429456 6743258 9378786 8240767
9026255 5190821 9408825 7329610 1800541 1177974
6184880 1219617 4968271 8545050 2018835 9891673
2287716 2141656 7775491 6589575 3969923 735832
7030503 2150506 1229086 4078182 5481748 2702384
8891430 1091476 194831 5286615 4235779 5218432
5098621 4248463 174989 2117271 7282465 2844744
350211 9719717 6720618 1881397 5691998 5563065
6889136 1933963 767685 6060592 7678562 5116661
6426280 1003368 9570395 5693623 9712754 7228280
7011680 4948072 9709072 6706440 8438180 709065
983143 898265 6983837 9749839 3446428 7770372
9716684 170444 4859190 4930747 6239364 4250206
4015214 5149106 6458508 5666020 7189046 3547785
1934698 2830838 3412913 5078169 8860334 3232411
5648036 9404997 4535708 2946708 5105590 2334392
3135671 3643770 1281536 6011552 898253 4793732
8579228 7139297 8487534 2997313 6343908 7508118
257471 1495533 4764003 5320189 1678409 4563648
769771 1345660 7759026 6161286 4771741 5607342
7296152 5904973 2037930 3751426 4101802 4041431
3234663 6769975 5064853 2524797 1795075 2595594
2968669 8003662 4250852 1664775 7086792 49749
5060251 8937385 6486930 5904795 4820698 7364801
8468407 327847 7726588 9972059 2176937 3759930
4575366 6974385 8872028 5674194 8715400 4993280
2755802 4827801 3037494 4446102 9762650 9573932
2443264 7732673 9700458 2168409 2351519 3674747
312796 9104996 4258867 7709277 1101035 5834356
9120411 1391356 1084274 4673128 5283018 3773954
6314843 3262603 4593038 1304922 7949431 4820690
3723565 7294475 9288261 9257571 8908972 2258990
7012254 614148 9174735 6912997 3461531 7088024
7664343 6299997 7976327 4051840 9659262 3071940
9501063 6866088 5873349 3037672 6553782 7324043
3909005 8082673 9544782 9263540 8131259 6500046
4980894 1138341 9783242 4879767 8444844 5057044
4386485 1055225 196024 1999876 697022 486886
6659621 2207414 7929825 3996250 7008785 8983021
5797626 2263002 3603341 1521097 1803859 1083342
8947340 685893 740692 1964217 5348565 826298
2714207 7748714 2482888 2674689 1932102 2323189
7304782 2784575 7855153 2919283 9665355 8604037
2875916 7501186 6169065 5386462 6378051 4346367
9394218 9912755 1073888 561761 3465913 5868257
2896704 3459797 9334482 8699899 5932427 7758950
4316352 2422267 5706659 9369725 9285669 2948308
8003998 3984931 275312 5606635 6691467 4224210
1127867 2878343 2597646 4999303 8645181 4302673
4914277 3560877 4307842 6394324 2569999 5435810
9752410 2152445 4282801 6614631 9777984 8472305
2988707 8604883 6852147 96203 8602931 7243087
2897378 3506190 8215517 3220757 7382464 2393119
4071055 3787582 3221288 6849677 9433894 587569
3270610 7897401 4814615 5031808 3785622 2371549
3451108 7922027 9852268 270849 9617314 7133223
8665507 1389366 4206947 1803007 2617928 8086583
7372062 1031664 4275412 5354559 2101925 5138990
6087155 1693520 6178413 1914723 2323268 8782416
2214522 2902732 2718551 3695231 3344020 1880583
3657689 7956898 4819261 4480598 6645094 680903
7390819 2626528 3888876 1082294 4555249 5993097
8186171 2268048 1169653 5134704 9477615 8402230
6312156 7916051 5795475 9675625 8944652 2092101
6193136 1536385 5598758 1069851 8056327 6714581
4414672 4970276 8045345 2326364 8145317 4661030
3267322 2891463 4386569 3594508 7963740 9475396
1250114 5004861 7138270 185315 3728551 55220
7612762 7079817 3425117 4316320 7383074 5427969
6085107 3982064 9012245 2727159 8287462 5108709
5082144 6320967 4570201 7174294 6667621 9584973
7947752 5859807 4122731 6508623 1867382 6586151
4015661 2717647 9952311 6320078 8425510 3939791
4953831 6007820 7807833 5543538 3457089 976509
3289464 98351 7587201 2617376 6241256 4163252
5648785 540162 4604001 9277859 8512364 1642772
4905195 4075819 8337240 7553297 2237563 7868744
5932489 1104139 5212435 6838965 300659 4665426
5475657 9765028 5556553 5072454 7773328 2279641
7300875 9538606 2863878 3593692 3884830 6569269
1997771 5330375 9618550 9959478 859838 1327219
1982150 4737801 4205283 8309538 1414883 4349691
5602550 7400533 3770257 9939089 9611049 2352949
5764074 6450498 9797692 2921774 7141718 6476228
8606699 576330 2766834 2324359 1976984 8973757
8778894 1311502 190988 1767970 5555525 6907187
8250194 5973010 244301 3885216 4856815 5562857
460142 7166119 8350145 1206861 9469903 372794
8509384 7361786 9927557 510928 7829617 7434332
6771577 9075996 8188657 3142321 1352779 283507
8560384 9657790 2760816 5231526 9530643 103380
4158703 3834580 1845007 6863070 1688894 3638038
2108648 1878858 1593683 4234835 2461632 9975599
8126083 7399837 1106427 2394039 3814975 4615198
9046200 8267966 3481885 2756656 4996393 6479529
8718530 5107872 4620230 9960793 5324831 5199024
2802040 5228616 7635475 8246764 7048158 5635322
8527787 1646313 5672891 6289518 8402280 5950759
5840648 2536741 6614364 8213057 5016238 3952942
9177079 6166344 5842815 8145618 6185326 1262677
6621495 1402046 8838187 5365478 8144539 6581022
9017808 2147854 6554026 6394658 1432794 7233015
2340123 9879318 351678 5471105 3866252 2168661
8942306 2756681 9865686 7531125 6916007 2459651
9865164 505472 91633 667288 783714 9158486
9356209 4656421 9043290 6372798 1625268 5646112
6797134 3162308 3501774 9091868 7271710 6254425
9396732 9445990 1103947 9381349 5872933 5136920
3601264 3705974 2300092 3674153 9203312 3428644
1396991 9090369 4486039 6378536 5500314 7639067
6489388 8350519 1364140 7395540 7038449 6776372
8189725 5967325 8254049 4705566 8673970 703944
8666887 9850438 5484971 3611260 8134392 7470017
1355703 483815 4632538 4954713 7066024 7077739
6858394 5682055 5453109 5614645 4975806 2534898
1160072 418598 7661994 5862706 2602479 8921190
4890285 2001192 2407540 4327574 1191623 9905608
6882870 8895698 5032004 1596148 5007265 9352874
7943672 7785730 955977 7016021 5022832 5016499
3006528 1534675 1284495 4286401 537146 1356394
1323262 2575079 991518 5719150 3545493 8255371
3041949 2804180 7247958 6563781 8720975 6133200
5062477 7028129 9292191 4726930 8071843 8170326
2045734 5262246 674789 6100235 7670973 7190076
1578921 4144051 5395766 2645495 2856178 1067804
7636695 603884 1464046 1051145 3004311 8616543
8914089 1163719 5350204 6776633 8554198 2203084
2104915 1379891 9064754 4822776 1953544 7994703
5724307 8279597 3462832 3114169 2240666 5274900
681604 5223027 4904106 3801442 4140229 9401441
2859605 396454 9948002 6180153 8927085 8117091
4669154 4011331 4023817 675648 5812841 6908123
2820121 5269101 6708047 8471704 3995319 6291082
8125322 6756144 2190506 7401063 6921188 4576581
7604971 4522526 8363217 6189145 369540 7781284
3712437 5112647 7023490 5948762 3917028 8157743
2255082 5924761 2452805 947663 153622 7942213
3970885 5048658 2466755 6554708 294047 6971565
8566852 2209900 1227707 8613024 5676120 7384084
7210935 5458541 3475266 5371420 8575181 4404559
9753873 8480008 3641790 6242533 6963210 700194
9884633 6871358 1352073 8550303 6216621 8070557
3838276 7177659 6602522 4248293 3430177 1872529
2109825 1050263 4228478 1391652 7622293 8159640
6553576 5099413 9436527 9639405 8737827 8458486
4682477 6883662 7349580 8048246 1193789 1673614
4300422 7728352 8085448 1766560 6670074 3422689
5619491 16548 5993278 3157149 4774747 8498460
781562 2962641 2028363 1602737 3261594 7524918
176081 8362221 857714 5482149 9688956 1863797
1263667 245228 8133530 2893586 3867826 9332959
720977 5790030 5983869 4928908 9947871 5701825
3787080 343264 4380188 805788 5772160 7605744
2166362 3396426 324665 938066 8857843 5775186
6430122 3079740 3622067 9824661 7872164 2831568
815899 8818272 8039395 6221650 502893 6424846
5289158 2725905 6148722 6660319 2436172 8984717
2514591 5852653 3014770 6326538 7815656 2918329
3144729 9370292 2590060 3251970 3315787 6292529
1539131 325601 1387384 2358344 6463464 788085
5710891 896316 7917865 3152301 4113009 1129598
7662430 7565430 9840371 7955342 5516630 3046255
1457022 5506042 960254 1339948 8423474 3005189
2760415 103584 5264084 703737 6679931 8501872
241507 7563929 5502484 1746865 4682519 177291
5037461 2930814 6262441 5360636 949427 1539855
1066851 9362289 1739644 1885171 8664108 250226
3077958 5189387 3853662 9543804 1794947 7809744
5332275 199182 1902126 8382195 9597928 6359879
5524001 5007153 4216384 9415992 2910794 6549080
5627113 5915564 2882910 9663079 2917880 2585815
6783814 6096386 4556615 9420398 273097 9061185
1265544 875244 1439476 5013858 7625779 1490543
4648210 697703 5768981 7692740 6414590 4483336
8275165 6655265 3332886 9902561 9836635 5942273
7323471 1650858 6451495 5190564 6258057 2748543
7367315 3414878 2271506 1267846 2759989 5698561
3253129 5911876 9926085 2840940 7116651 8722683
4920402 510143 7381374 2725840 4767782 2213090
780098 7934373 9500973 8399573 1387914 6262614
9252929 6881253 6259751 8614341 2096927 8622238
2609690 6074979 4617187 8690932 7646542 4210900
9219037 3380364 7937713 70420 4439610 502714
4557251 5434224 9538614 4610202 4982158 9326491
8560899 4597630 6883076 4238404 4410466 8323683
3247570 8967741 2026964 6008891 2014916 5878736
9438810 4638787 3814949 1303846 231250 1041671
4105496 6229470 2863600 3170473 3506803 1387417
4275377 709678 3494763 8998259 3842322 5953689
6724000 4642727 1899094 6933259 53442 7499296
1739162 8371286 1664513 6293503 5443362 8678801
2183935 3210145 1365447 2058976 631609 9800823
6687764 3253405 5202973 8496942 504705 8752688
6462891 5390425 1090826 5495658 9963026 3700788
4828920 4249310 5125419 6073275 9284891 7372189
3979641 2505551 4585345 6315652 9564683 1859964
9377158 7811993 786107 4184798 986538 296658
21969 2216400 78068 3693940 2310494 588916
750715 8227057 4138022 3146406 470367 4663016
6408469 6243503 8408259 7963724 1464583 1194051
3553382 6110660 3925253 3993258 8079334 8126058
5215477 372112 3688721 3343009 9119784 2692711
7966580 2278092 4403887 794168 5473688 7746625
3622720 1134980 1938816 4536502 5322559 1057834
3234166 833235 2035183 9922328 9907182 3321179
3451704 1413433 6347410 9592056 631416 4875877
6371405 6028711 4137066 1952009 8478462 1938382
6900195 7407706 9107273 1445310 5179825 8192275
259129 5614301 769815 661633 4341004 329603
9255235 9016879 788101 2867419 759091 7246099
6090875 5293149 464929 367541 9891304 7706350
6345301 8374524 1646675 9528009 4422762 9444977
3609559 1670710 2656517 433 7636307 7914852
1950560 1788856 5653410 3842908 9663198 4292881
2551364 2790070 7072429 6017807 336820 1614537
4087776 3503985 5269619 6890966 5861134 3185312
1473452 6532653 7516401 1400922 5100008 6805301
6545599 731119 1191538 1324837 7052074 2670293
7673085 9254801 1380572 2873248 916858 8970234
1592688 2247966 5629950 6172048 7816177 7101233
633920 327494 8037703 32138 5440233 918776
4175357 6718592 5809576 9471204 8526981 1103654
398451 549638 6688848 8848109 7297309 8932078
3101342 1226526 5737996 4402135 8344721 1082019
233964 1214528 2587127 6299384 5298277 3613167
7555361 5301404 8716475 415168 767001 4772514
8767597 6513460 5290886 272761 7149479 333481
6860717 8201880 727820 276918 2474796 367220
2281386 2744579 4950657 6697872 3070706 6589650
1363236 6231785 1982772 6955684 9798173 4225704
8331649 7875973 1420314 2196408 1915843 3225576
2387178 9983282 9782636 1916334 80511 783848
3641191 2828580 4077047 5404515 7541418 142841
354198 9957046 8739731 2219907 4017997 2553698
8662510 857489 2230698 2126825 9051931 4535216
2789741 1811913 6715286 1065182 1941112 9273506
8913166 4664308 6286037 7502243 7889739 2491514
584584 365052 2664068 4166809 3056680 242125
2512603 5958721 8690366 1839931 6601485 9841127
5485972 6111742 3857975 8866616 3533898 1058353
994878 260352 931351 5247419 9126592 8268598
4068561 2576009 887468 4803540 6491348 2877109
3856803 2851955 2067306 6248217 1635323 3652944
9889630 4495700 7800809 1988572 9614221 3093209
5844849 949810 5210427 6874159 5579209 5829370
5415530 46549 1130410 5227683 6507365 7629386
1560162 5337164 1238460 4395469 98247 480670
9354657 7709062 9467373 5813257 7983127 3749530
7773820 9237755 4476419 205030 8976986 9038197
3257544 9006305 646131 7838141 9402569 8176782
3058171 7194402 6996800 5058098 9388009 6444798
1746699 8629120 6344589 4437919 4688054 6298158
2414484 5494160 4397453 7320138 2633915 1905158
3625836 31592 2966682 1460897 9100339 6341454
1352951 5210500 1069563 2092212 1970139 7501059
6983255 3722020 5934595 3061677 1337298 2903845
3483870 4296558 8321053 3022574 4066558 9354007
7404940 3335900 4549700 8178260 7790545 3482826
4640744 5937406 6372390 8740972 4212305 9370977
5210099 1597273 8094063 655346 3705147 4177509
5375235 9654487 6658980 8843530 7454664 966034
363563 9352806 4156862 1493608 3836267 8337356
3584105 603261 5965034 3612675 4055957 5764438
1791753 3174690 7419954 7586737 7451468 6032733
1128669 8242283 9509714 6563617 7851577 9740024
4809781 2828524 591411 4143543 7647338 4412071
2695026 8561409 5881236 3583666 7814697 8437738
9325963 3147135 2101138 8035033 5156866 3609043
3405943 1597424 7541316 2329624 8863592 530456
6757555 7788498 2203018 626247 7714861 9212380
1456319 3799945 1501229 4416838 6683826 1007742
7745944 9440562 2955922 1552963 917649 5494547
9883201 8208087 5359992 8982215 8260773 4304332
3931594 3093636 3085417 5900671 3157674 6254153
2198708 2480157 3964932 60954 7385988 9858840
2209052 2068778 846548 6668855 2127346 4014752
6936509 4909125 6463308 1093395 289088 5716304
653121 1852980 679774 2046768 2446422 655505
5170464 7775339 9527724 7898686 6694653 4621224
6126963 5555648 642270 5247075 2218129 4203669
7042810 7684990 2054573 3097082 9343911 8848871
4647998 3214346 6080740 1345240 2045705 3351648
7841023 2838198 2804547 7369112 5247549 1304694
5574378 151939 33734 3309426 4890490 9610648
331115 4310365 5374124 6225323 541892 6571698
3372481 1689434 2690995 2259639 4050584 2604098
3661730 7556038 2509069 1830903 7398769 9232076
4574765 3825223 5729634 6176076 57663 3856454
1816677 8757850 308098 9337576 9672696 2066190
4169935 3733384 2794499 2443925 2765966 5033545
3474746 8422675 2672453 9509041 7972759 356270
660652 5581384 8787614 200449 3707382 7691510
8795625 3743474 2753169 801657 8734661 1065267
3881013 4155038 4252702 1517670 4408646 1784041
6263600 4034904 2016737 624805 8089704 317200
9809598 1217805 4790071 7475523 8356157 8976094
6559622 5065723 5852463 5373363 5515424 4476278
5068840 1616228 5050468 2616587 541950 5929222
9313020 3368277 4998722 1729231 8562911 8610928
780842 1957075 4014028 888412 3245441 3937854
8339533 35847 7491680 8470413 390850 2489576
2901439 1320101 5387317 3777075 4242034 3668938
5212803 8507650 8639614 9776423 6448830 2792418
6733572 3647012 3492953 6087515 1311784 4721426
5318478 8080367 2654893 6179143 6694680 6399082
4962065 5671210 1820281 1914609 7033830 5479576
6984598 6598426 1225377 2560892 9715148 9221849
541905 5535944 9126242 1329784 6516428 55261
9971313 1004419 5508245 1221610 4154839 9598428
444900 2252018 8724062 2770253 3151935 2310483
9834682 6722295 4625421 8988235 8815009 8570824
1848656 3298194 1473820 3160038 2791824 9850403
1567040 4172680 3931864 4271104 5545610 5775839
5595183 3988693 1563938 2599632 6207829 5690261
890836 3740455 1516370 2221852 1469708 4781812
6755513 4214345 3446491 8914894 2726209 2992852
4596427 1553670 6720935 555418 9481127 3218234
8581441 6811275 8212594 5657842 9654569 9982159
5666564 6173795 6706407 2948223 7175070 9163241
746544 7235049 514465 8935159 8097398 5074554
7054453 9626803 1828485 6692007 6404524 8577479
6403911 2652146 1446471 939011 9674676 3991940
9054904 5039765 4507566 8345704 4018191 9396554
7477666 5232994 4085885 1534211 6555288 5295912
8075404 3807290 7039274 4283249 8168349 5491159
2478387 5661268 3456271 1646380 3500964 9854324
1389748 1889433 406750 9635114 9253930 7002423
8535687 4727553 6499118 2714467 3893318 2135305
4655675 2400840 3216858 1117911 1457493 2864404
988668 5520241 3071515 6532572 8616603 2597234
1538205 2120661 4483796 5955311 8460623 4013408
535668 7408523 1538800 4653241 6955956 2128758
8989804 7842552 5979063 7083462 2998523 1827735
8796793 5360936 9913971 4903969 9627574 5767509
2274301 1360476 4203775 591867 657711 7980723
6782809 4857175 3272829 7809515 8096909 7133268
2518626 2580376 6266929 2485710 2178799 6484794
596505 2433 5444884 1088099 2128106 3614941
6885341 3905206 2521717 1243780 7735778 3255667
2683263 6634235 2493087 8716287 3681009 7100147
9809633 9943801 6750811 3558076 7870432 2098780
8855929 1180288 9745642 8845794 4564835 418147
5560805 6311083 3182137 3429176 4307464 9625140
322625 1186201 9232369 588834 3706525 6752505
5459005 5539028 7121397 17162 5126252 1462674
4640181 3802339 8899366 9166781 2676076 2234997
9733982 7038428 2132000 3346103 2232170 947818
3869298 8039546 9340370 2103570 5682974 1424694
73529 9254086 2326771 2867946 8393661 2494808
7867778 9220799 6237275 9998306 8099071 2331403
4977383 8838766 6054035 8282968 4205613 762496
1518781 6394023 3635007 947139 3695193 7269036
7493140 6976521 8954031 8284550 6719535 5666979
7412134 3355435 9856054 5696702 9943632 5872166
9135903 1772234 5408678 6404558 1299003 3455277
5997722 9735676 8939357 9800596 8368720 3393403
4893783 5586330 3833932 8577874 584788 9288950
7789687 9126389 5558893 5057734 5374806 1417139
3540776 9583227 2501264 570295 2586172 4743635
2475349 9280681 8895133 181869 9147064 2433379
5353818 5114222 5095020 179730 4949417 3959517
8329679 7692543 8607801 5560627 3390767 1133204
1833047 8834259 2770646 567104 7907014 817242
313273 4078168 6397427 3991538 2863781 1715775
954012 5427426 7149503 4195721 7325247 9088039
4498269 4711914 6439265 1400552 3224056 5470566
4193930 7609957 4176972 1599375 6728055 7682263
2809338 7980148 6192460 1368059 8737247 3751913
1972988 1908245 1373666 8077891 9868596 5068896
6035951 1362279 2250440 3379244 9225717 9521991
6810013 4133957 367296 9519761 1062357 8678852
4693939 432495 5610202 7300080 6373173 297056
6640270 8713897 7350112 8715164 1182199 4883632
5523315 9585953 6690178 3397590 2222732 5417001
7714372 6420378 4843317 1370369 5364600 1861776
3220125 814685 8384240 4654980 4789361 2594098
7314966 3289577 6917791 7513607 6674120 8304752
8141710 4672907 5535071 1076610 1437620 1154698
7718783 7320786 180080 7366808 7855929 9639763
2831812 3412423 1911224 4950294 1805389 4641978
3835534 3323569 5067894 3748425 4079955 5558488
1912816 1985289 3924535 4756014 1400197 7892622
7965841 8009707 2911833 8385425 5255880 7549824
9881930 6637762 4982758 3688619 3651585 8043813
1681696 5853317 2958756 8744476 1823167 1376938
682873 2364672 1484187 2275812 3678072 3350550
3236857 4393284 592952 9976583 9163794 9452330
7230163 2962769 5920589 2287458 9400966 9846222
6727930 4446386 8156542 4361399 5068363 5167626
9659220 146915 9671984 7024080 2066729 8226638
2599732 3168339 162121 2547596 4073140 9035525
6408434 5690029 4331634 9561282 5148567 862595
6956872 9905347 7473968 5530427 6458455 688815
2123224 9394237 6452350 3112533 2016546 7376781
3220395 6321474 7296309 6316561 2616591 3531157
3678565 6212777 2326554 2366313 7376850 5995454
9290209 4682566 8889628 6885063 5879024 3710936
5514587 7166647 9297818 7293946 7404527 5163016
7693658 4128793 3688459 8983168 4900856 2672491
1774287 9487198 1151792 2785340 9327201 7751666
1739215 91873 3073438 800477 5882717 8935790
8536040 4590558 2528496 1478513 6240218 1775889
1799187 5238160 3515213 2741413 7597946 4849899
8078962 5926448 8916947 2133292 8622902 8487797
9842697 4695397 1311920 9654063 592026 7889652
4843661 6504868 5355365 1137962 5145848 5787151
637498 4714110 1283930 362028 8757906 2813968
2634519 6215145 7888575 1912570 7183981 9662695
9157278 9032874 1889252 6301893 4706378 3400752
8834719 9605923 1468970 4585640 957779 1187319
7623869 8881977 3998532 4638844 6634851 9735349
6420524 661225 92312 7728062 2103914 2883835
3565969 7716933 7168542 6102978 9498773 2407757
599221 7930127 7511415 1649225 496784 1559151
6000400 8541768 1798489 1954613 2303242 5539925
4318180 6051858 3756330 96610 2738158 9875928
8815435 7995675 9580293 8153226 5492045 6522755
9570382 1429216 6928959 9005416 2735924 6989444
6232209 2731740 107149 9061213 3986418 3027652
3675903 5974644 8385193 2439380 8638443 8093083
7936860 4465911 8357982 4552387 3409881 6052056
9127504 3469359 4978775 7292614 7287543 1503097
2827463 2445995 2438081 988660 2078842 9067568
4630192 6994983 5805844 4809044 5722404 9571501
5432775 5256967 2065439 728678 6420706 6763513
1490735 6376054 9357231 1487210 216365 1026134
8164773 5017995 8019334 876903 9877912 9266565
2010669 8939594 5444197 8604051 6233749 1540422
589570 2687243 3895802 9317624 7809188 1643460
2287238 3127815 8743507 8786481 9119612 8152914
3986616 8398825 7048652 8215261 5801879 911488
2145866 1340253 2229629 1411947 2823886 7060846
1048233 3753289 7117070 6539279 2798375 6782809
4127304 6828723 9023217 525016 139107 3733462
2867711 2173110 8566866 7713771 9199971 7088550
2282627 9378292 5898383 9866420 6890286 1479086
2217912 3795407 3137714 4532708 6458185 4893495
9310793 9177623 9863357 6834955 8269390 4055898
4526389 5747959 329440 1960697 4659176 2290888
9129696 3461599 8259718 3315190 5347550 3628769
2344622 4432094 2140281 5141079 9129320 3445594
1162463 1181813 6863002 5637984 4321366 9002967
3645095 9594595 370537 4129721 1214223 961484
3870105 6032756 3903719 4510968 3187381 3452012
6759109 321929 4719115 3607494 736723 3428687
3219368 8902722 8447857 9508944 2188086 2026090
2753214 4169713 48302 6417762 5672491 7087577
7192895 8888405 1426592 1326472 8315602 5064580
1920350 4999974 2247375 7298233 9445084 9314794
9725050 7833653 1244713 8688268 8381969 8807390
8726479 7554969 445089 3434315 2418615 5418644
555110 4136150 7406508 8344447 1376507 7044510
913181 7452342 360264 6816141 7318072 4298975
2025420 5432637 2006327 9654534 1687143 5736749
1181312 5921134 9457637 9133062 9783894 4354432
781377 4064945 5787744 1240912 7691283 8117522
6642488 3758579 6469790 6007947 771361 4179451
7658072 3575903 3623466 5202865 6385052 1992741
8954529 2908908 515581 6945737 6662848 2949332
6801063 9071944 5867825 4708339 2253003 6497480
5961007 1422047 4352255 3052076 7563070 7311562
1256766 9672269 9761059 2242742 173653 3559492
7829185 6017473 4661275 7826875 1996462 8111240
2113282 5978446 9536082 7464895 178533 6874986
3838851 3835639 7402096 2838411 4439848 8619338
2249697 1934148 1505576 9972309 46939 9349314
9827196 4605995 6012833 6311904 3946098 6712783
2231682 6711787 2735254 6956088 9116552 645375
8288056 8974187 7075482 7756584 2595057 6274556
6961398 8496112 1243514 7477268 9213224 3727430
9909465 8418354 5232420 1141721 9993044 8239505
2053916 7856875 5970533 5311961 7999679 7390466
2098407 5801378 2032348 2823299 5233213 3466745
4139732 6882763 4719087 6756721 4550355 5465661
1543856 4493112 9339090 5231019 3010911 1550827
8105799 2349927 5392771 2285402 6402438 5527744
1480362 1089961 6718742 4495748 4902172 1259676
4674841 2976095 974508 9685015 5658177 6793678
4242208 4138099 3262899 7776769 3337536 2330461
9008342 3152743 3867999 9766759 9597864 5499932
8900414 6822896 4845964 4419705 7206161 5649752
1997695 9813004 9398939 6504604 1342936 4143251
6748002 9643983 1980590 3459411 2081879 1574259
4491153 1858841 8834935 2545412 988811 8872811
8287928 329030 9012390 3062309 3277059 3249694
1659744 1713603 1492096 1218810 5595333 8079276
6413711 255136 5769933 5324755 7687319 5845172
7394738 7737604 2795163 9119647 1028766 3693553
349870 5548931 1070864 2293739 5275606 7739023
6664996 6355002 5834084 5973152 6131777 6877131
6637361 8935385 6535944 6149245 4844859 9629332
2651154 5529192 4048649 3901314 7045699 1826743
5804325 9166397 4171521 2989763 5150673 3251207
6077648 9168280 9300264 5318836 2712439 7728128
2178830 9366004 6437997 3753073 4553814 9240331
2245191 440558 4123358 8892802 8687393 8751934
9309227 1245493 2892744 3165830 6468492 5499573
9644904 6448556 8503231 9244120 6489413 6109209
3567501 3675232 1204328 2582877 9895504 6963496
7576866 1318525 6222946 8807816 3970414 5478854
3191335 8898080 975377 4808318 1656122 6605141
7703384 6911523 479003 5419586 3680536 3905180
358462 2911818 2699788 3800690 5673932 6263882
9224896 2934709 2876590 328787 185572 878581
8036002 9662314 545054 7159862 1315935 7368868
2528988 501410 7275078 7413890 9974494 7570411
4524196 4836585 4792433 1898090 1540735 9577890
5630205 8147914 9994696 7299148 2224414 6983685
4263708 3776176 5644592 9959063 9582920 1035705
2602263 2862547 8712508 96795 6772315 1993808
6060086 543522 5595587 3110134 2890598 3179125
6630102 2944571 2937324 5129376 9276494 837346
1471449 7326805 1393973 3298700 4698582 2037657
883885 736853 7437899 3561368 2896153 7539759
1724276 2569924 918489 6239373 4811627 7111946
8857902 4427400 8064269 2798624 5838003 997213
3982302 2520070 5257315 6815570 669046 9279842
4046361 9134331 4499682 4807245 8487613 2256114
9641731 9303562 8163965 6674851 9212910 6035462
4555908 2498717 7647368 8055828 1385858 320674
2260635 390728 8132944 5825377 6271473 4849093
2773076 8672825 1488802 396760 9316397 2178511
6780341 4068314 67806 8158056 9515007 3761821
3040076 6917030 4082310 8662375 6597641 5508064
8947980 2183051 5214489 2028807 8242715 3339285
3349844 5926473 1134212 4936641 4554934 278317
1146898 8220983 2862858 9650588 2034168 9814788
767312 9244971 9987165 5985454 9894509 5144595
5967655 6397851 2983710 3885546 5015752 4468827
6238363 3598260 3793087 2624879 6877396 4088421
9634603 744269 430109 8149516 7046916 3389924
1044298 1843700 9513380 9789489 7011158 1294023
898963 3389488 4882862 4267522 7895062 7352670
5520899 2962526 2288542 69894 6061152 1844864
355575 9464297 910721 6665384 8698278 956673
6485230 8522018 1343586 8774436 15984 1289899
9384679 2617796 2198055 6597240 4941155 8050808
5631215 6178165 9386693 1689687 2986583 1626263
9585965 1970841 5703198 6440417 7103980 3914870
1799878 9564709 4683116 8585245 7793941 7582618
2479202 4378914 3145422 8556706 3304259 8489139
9950436 2124527 3373503 3592963 4882842 5277266
5154615 8923658 8021371 4237734 4438678 9882986
2458170 8665887 6477714 9284457 7079419 6727436
5253475 44812 1418037 7428716 6974557 451274
6606782 799434 4823855 4615436 4118038 562241
4905386 7074509 2873906 897553 1739250 862056
8252760 5993002 7087998 425932 1285802 8180322
5893499 7562144 5126030 4800130 6127074 9128053
1104904 3194744 7299494 6417985 3303231 3259446
7071102 2521720 5149969 2922228 6986180 4083407
453410 539178 4805619 7459129 9332347 7364169
7009079 1560617 6926637 5615658 1031697 1086417
9639438 4827542 8759010 3237715 1535216 9412412
5325243 1806652 4672360 5695801 3510532 923293
3262746 8487401 3771278 9614460 3826451 9217530
5712086 5330531 9006821 3004590 9972521 746623
3374702 8434369 8229797 7761861 7791050 4566457
2201416 5489246 2163047 6213076 6778547 8475688
4500435 3833386 986503 5737556 7596985 5179528
9411047 4757608 7028646 3882326 4196383 844946
3592891 7394619 7734165 7709106 9903571 5701166
2079596 6634847 4855020 8012387 9863013 3100847
1182615 7563382 4015602 105902 3494385 8021285
8760246 7049670 1708854 5295589 5114024 9993064
8231027 9974530 7733546 3827293 3593543 5214912
3717976 9492376 4237986 7384850 4168969 396430
6832291 4492309 5585675 6461880 4133480 143699
3620667 6488048 3970373 7885655 4554941 33602
1163925 9305144 1263223 9007360 5122079 7146713
9136092 8297301 2280594 7741100 9478079 9929041
7967620 8252302 3041304 9640108 4294410 370637
8862861 3797764 3394412 3619171 3273611 9002076
2435610 2298366 2916189 1565154 1674921 8625976
6022691 345371 5419588 7699943 2663367 4288398
3951689 4710615 4370296 7091273 8248758 5871667
8115835 9091190 5014229 5656633 8494259 5881177
7102395 3980559 2193637 3599735 9022794 757176
6639189 7544753 6031533 2261146 6571750 2823713
4230523 7570937 6622380 3654618 1718409 9132707
4509452 267677 5588935 8752906 5688418 9583794
6000340 1771588 5549006 7522744 5503336 4182420
3987846 6778976 3804106 7035011 4462759 7694362
6432339 2422955 1322577 4662411 1060753 5118613
8256864 1690543 8138865 1546583 2860749 677820
9249287 4461217 7372781 5881521 1147181 8226582
292242 8349489 8292140 2609842 7599394 7251206
5208170 9116445 2041417 1849113 8273299 9792773
9019606 7195511 3108178 8928017 7222278 9295453
7810130 9847040 9206923 470321 496041 3997875
1444929 4453757 8910838 4871185 8273456 1042118
6809638 8106325 5631795 5577523 6742769 6113270
9402221 3822497 4823561 4071370 9454241 1944308
3077195 6407750 3417243 8346092 2526976 5665237
7569641 321270 7238938 8077328 8071390 1300140
9019659 9821921 7853447 4294265 1164912 3145637
8340367 336985 842988 999298 5039475 166974
4160978 3442082 452742 6994908 9525795 3399781
4471891 3738759 392799 7262614 7393125 4088290
580631 3098837 1926781 3245601 7301543 7952186
3803180 8732309 34934 4331654 6557864 6920847
8259822 5107956 2657584 1677923 5731003 9117256
1101320 2077897 1368275 3250269 4185114 9084893
5212494 574733 795474 3839157 3605436 4332631
907341 1757044 2428795 3765157 3713633 8066075
1218855 5094766 3035441 2890802 7196118 6307165
132040 9829323 6884218 3531895 8735086 4417839
742197 2793967 8007756 1275543 6161294 5315228
2720014 7330362 8913723 2841888 8033106 6726810
7156711 9964023 5126872 5702303 3424313 4800819
4492051 4494665 1394322 4591508 459068 636236
6081815 8210518 4881778 5061110 3118228 4355790
2200674 1680599 1839647 6377635 3096959 811468
6324874 9631798 5595750 7113567 1045142 6383271
9152352 8376967 7061659 6308630 5734090 7232095
1180292 4429737 6405010 2083398 9039843 4240420
3023517 6150688 2334899 7371519 5193728 7950776
433449 7658904 4212133 4557932 641213 6352506
4887163 779075 6867063 4315403 9377428 3792514
9205069 7378484 3449523 5011050 5439156 2082100
3574576 9773184 2476427 7649683 3880817 8688491
7950780 117276 2640756 7599226 3354118 6946271
8476569 8953354 4438070 7644974 6680117 3386237
2171138 4594420 7735754 709153 1421466 4955014
365031 6864888 5052308 2612495 2878329 1661359
790897 8012466 711532 252798 3796942 5420543
5474348 2783766 3778087 5523641 6607151 523937
3711750 7287937 7424957 9920791 5838834 424073
9354444 1560095 698366 63285 2839912 844735
4346346 2865423 8351718 7521412 7284651 7015928
3636183 5338284 7238946 979396 6808329 5341652
6234739 8223770 5156412 9017526 2170625 3896351
9608150 6647496 7987268 7211817 6997402 4133529
7530057 444240 1026054 4628234 3258051 1318234
962993 727611 5172553 9866796 5906452 931518
7068825 7952935 5499115 6762158 1887458 1268866
3284990 2732354 479608 2083305 3686052 7615064
5267661 336917 9389469 6802014 455134 6192416
2857466 7134529 5868021 4218189 9991355 6840411
5989874 9007948 2080233 5920712 16403 6080717
169098 6367942 2317317 4224893 1948701 4217690
8397235 2845991 4760038 6718401 3926826 4265048
3653921 5446751 6758187 3410989 9360572 2921133
1928765 4160978 272476 8980137 7009329 8771922
5063497 2850636 7961580 8658704 772284 2879509
9188633 7364277 2715950 4398890 1914207 7318110
5297746 1042768 8388215 5171778 8404779 7609143
1432378 6139065 3207702 1602973 564268 4544603
82223 2578884 9647376 9159099 3991947 5855425
5808240 1188961 9358612 3545394 9161396 9098065
6256110 9738531 2073707 1880528 7529768 6562549
1549097 9255030 3532544 9440077 8113242 8317804
4532918 6756986 5756199 2663333 7547758 870264
5564220 3460523 2286368 3416976 8576480 8193399
3232132 29533 3372330 6860524 8590649 725245
7959497 1752351 1881371 9290149 8915668 8666247
5535435 9551849 8609296 6645153 53875 1309237
1012058 642146 4465642 1329571 4626181 7234961
99226 3144907 3641202 8488348 7981174 5700872
6811697 2839133 1162051 3880308 8648395 7500235
3190218 4688572 664380 2807298 1480579 6360890
6436432 5242768 7841318 7089951 7127898 7995909
2260968 8919066 3406648 977130 2404917 7934333
3727757 1902561 5403351 6137368 6761298 5445742
7084043 9471149 3771177 6180499 2478452 6076534
7504196 1655127 903453 1109060 3454934 5365302
644856 8204759 9161566 8104751 4893139 9383413
9393643 3009274 6017009 5645292 6227379 9062108
2294224 5834567 434215 3227717 152551 6745834
2096883 7052850 7927274 5218638 5723255 2009430
2589713 255933 2764316 1764783 9585755 5472771
7092456 1151908 5464131 8041345 332273 4200158
8772766 5623005 7009421 6019938 6743725 3752023
9428733 1438751 3243769 4709069 3886274 6643884
5642318 4276478 1502575 4157618 9012176 6402084
7438028 5426218 2481504 7152136 5515037 4637205
6619096 7628859 3423519 544237 8552836 5075471
3597976 4252878 5502293 6234057 4454950 4529545
9736412 6076945 309124 4175250 5789904 4284503
8765660 7880644 6369658 6120431 6122465 5309276
3970195 2934837 2139731 9062046 603317 4906054
1718653 1620630 107967 2372216 9400842 9114866
328504 8884495 2885915 8168298 1111092 9633395
1141590 9408260 9821528 6973030 4421205 2935231
6092960 3262778 9636314 8197000 8386476 7634393
8267546 498664 1506393 8114242 6574042 5617998
2935739 4535929 3649561 596239 4515404 2834320
4421577 7364196 6676103 1194257 3846745 6905409
1398588 597362 6769552 6736263 4978840 6714204
5487748 6997165 8513632 9204500 2969086 7340538
5269740 3521652 3234154 2473574 4104669 8902177
7608473 2214262 2310452 7267916 5232558 6575163
5983833 545351 4892856 6987208 2551452 7057009
6259128 4898703 9416032 2730904 6798412 7789114
864841 1531283 5519824 4792188 2626493 9576877
7104366 3731239 1566843 6309022 5326498 993751
9600165 1948002 3259527 7773925 3585784 1632483
4594956 4130672 5364803 194388 752429 4433489
1821348 8500540 4445713 1456623 2945372 8070383
7924506 2538835 6723240 5445040 1608733 2573385
3382353 2816284 9587768 2733575 163550 1501319
5008320 9674811 5218852 3899104 7387042 603449
3797481 8485202 1312918 7783549 8135948 2667739
2424310 670452 778854 1086334 2970839 4125953
5131164 5647743 785867 3496459 8384516 2787663
4270511 4155125 339269 686141 4391572 769500
2044714 1861380 3967121 3863484 5186068 1077618
9214636 7922244 1113497 3842263 7659141 4460170
6757464 140956 4402886 4055500 3020729 938281
1794530 2296018 9845444 5461814 7602411 4515807
715451 1511860 1290294 2431189 9628592 3231916
264180 3111340 4093629 543418 5738834 6274568
8700618 8560826 5484383 9701236 1871697 5048595
3012455 1288900 7988601 6325697 6738995 8243559
8384776 215010 1134395 9400987 8891611 2095554
924055 6582899 4258968 9451314 3148032 3674208
9787323 6783447 8293651 7881581 3578083 4547801
366540 6214045 4402121 8128318 5354882 4459903
5453898 2093293 424320 4796849 2449359 6313511
6527205 4389754 4772865 3046734 4046412 9413582
2097521 863192 4219728 1998075 9619362 9155935
2015599 9249303 5412793 1810175 9913913 5088250
6754943 5130874 7710816 3440800 5959156 524949
3841437 256458 4860128 6674492 3947089 6798317
1671233 6127206 4133540 7945457 2924109 8758278
8901343 6740588 2737034 8880069 5784059 2714891
328072 8368465 6594682 5246186 6112718 6105578
9047110 3643722 2179380 5336070 8041905 7318484
8602695 3086404 8430597 4247915 9205296 3789954
4553453 5423028 6916102 7421411 326841 3492156
5022394 4070142 6325194 6654515 2908831 3173324
2351215 7874874 9346814 4995924 3112728 7590690
3930266 8595251 4143739 8754549 7627382 303366
4618936 6335162 8085301 6815055 9342762 9837704
327680 4653427 7535292 8947080 4326615 361030
5798788 2906660 8041623 3102526 223791 2042576
9780384 2392594 734891 9006056 2984855 167031
7971670 3606770 9973675 839907 317649 610045
9646215 5798903 7795646 6612736 2802474 3991678
5406855 8207339 4727380 6487489 6326834 8255403
5638032 3404135 3548258 8985783 9197136 206067
9549066 827739 8371459 2101163 8974165 5234787
9568475 5612880 3350307 7918269 8843385 5735991
9864028 9487773 4335778 6925246 9300865 8527711
2565384 9186052 104185 4049945 7695671 2016452
7315195 3292894 6065759 2479487 3368024 9580720
6618772 8985886 4409633 9767608 1290840 9489909
2238585 7545051 6824738 2560859 7044260 7189594
641371 7488585 9363953 8991388 6623460 6839061
3919625 8712785 4103269 5020546 6420399 11083
101882 5499121 3132068 6355007 4785967 5681270
9169027 7088988 2244855 3769587 1299497 9857499
1326358 96420 8196933 4845869 4686661 1755813
1702973 4525 2141791 2914590 3408573 207086
2652498 8323807 6669433 9226698 8559862 4655239
5477450 1598226 2565486 4398550 9665725 5791718
6357840 5883577 2759084 1143467 3391831 9955272
4944738 6871784 6189088 9506454 7665030 6527039
8642128 9073755 4026123 2347456 3317573 6415874
7869291 7187291 2090548 2924982 3702509 6462159
9011836 9942329 8529125 7589616 8292136 9701271
7292012 6927808 430695 2405214 8488028 8803084
8996728 559505 6612693 2186519 7969852 6536788
4017998 3146043 658777 142394 584569 9486106
629115 3129994 8280652 6149612 6529258 2478434
3701169 3432858 2181068 6296924 2131630 3449501
1426146 7355122 8579648 6487817 2214442 737222
6096344 6236913 585726 5223039 3350727 2758067
9803180 5682772 9217439 5553759 8906983 556465
5803382 8869442 9357760 9043018 6960501 5162142
1420618 1142399 398549 7952260 8704045 5055170
6622015 2699804 8427874 3163191 760372 614730
7957140 7530181 931601 9921555 4046049 4347655
8900380 5406076 9779266 5522584 6346431 846485
3260995 8147410 4525874 1624602 493542 3262187
4091741 2383127 394620 3417505 5067198 1072042
338672 8144084 7532868 5530556 8601023 650923
4330192 6639989 4922399 8602709 7596618 1376802
9624863 5881827 4823393 5010104 142638 1554424
5382875 5898033 4795968 9552063 4691265 556634
529295 4997413 2206261 5165687 9071450 8377245
220109 4539635 2462982 9859559 9582882 5901965
6814787 3369823 6805052 9128343 1192391 9706442
5924086 4658285 550791 3149072 1999739 4611714
8438794 9081637 2240488 8840196 8034630 9169164
6276073 786608 3452818 6976233 5001261 3603610
8444661 9164505 7568539 6545154 8382600 3056983
8913820 9765303 6298944 8921428 8195317 6772814
4749371 6254532 4705641 5089526 3627977 32979
5843 7380223 2997673 7594547 6726892 9989812
6136756 1379913 6505004 3293817 3583486 8796274
2449146 9838553 8368562 3201442 683681 2027886
2137902 9378932 6275685 7493807 4235252 2234435
8312769 9517366 886320 5467674 4090824 1780098
4463522 1186547 7158630 3419839 6970389 7621037
605936 850114 2437613 7578726 408397 7002687
6551978 5620002 6181817 7502670 6472281 8356763
8404251 1547929 5570850 2677755 2951623 4249045
3757293 2512035 3144971 763238 9281777 7209525
9103492 669081 7289089 4724906 8830295 2396938
1637643 9029307 2868163 747524 2595506 9833567
9590272 4559176 8970534 9272998 941828 8615249
6052617 810099 3045084 2529557 7063422 2542894
6209247 1785766 8234923 2909585 9662545 4458354
4476066 9842697 1568336 5228087 8475233 9739315
9713598 1827072 6789706 3784879 5865026 7442974
5488599 7656726 8952423 5737282 3087483 8392446
5278510 4484294 1570207 4529721 4710621 8471678
4164440 6573935 3605659 4746194 8515659 7044528
4162015 8728057 9366761 8409809 6271457 2752808
8265231 4362184 6083942 9231218 9559400 9114756
1825543 2267738 4945072 5602110 7040957 9406695
3590471 471965 8698283 9842476 7631075 5178251
2888146 9946345 5132076 3096657 1063646 1901298
6133656 4967403 3311413 9745178 9622864 7136969
8076213 7078789 1385268 6199615 7472050 8725298
2308504 6047292 4924893 2455450 2704177 2442882
3526606 8562330 9532977 4198964 1155723 8043693
8346244 4319538 1096982 4188510 5521662 6325112
7620731 5168573 3298538 4182644 3097562 4591997
5803343 2080364 2644874 7808102 7525896 9962168
8021426 7390856 2999914 9972985 7533972 1583783
253357 432696 7242167 2689194 9570051 2501315
2368320 1934692 3811680 5267719 1398933 5303325
6039987 3887703 1557126 5060156 8578883 2303476
5426759 8125860 2949729 332896 6652107 623813
9798008 5718503 1036434 9570809 6177537 3764867
5043779 8373259 6785565 9513199 3935153 5088966
9082944 4931537 5598522 797222 1814323 1162869
780316 535624 681430 7341548 1768115 3638193
8405041 2961269 8811972 696437 4546225 9408112
8634053 9920460 3780589 6618354 2891186 3851547
1464881 2797511 5757154 46813 223939 3025674
8517759 6526788 9952550 6468160 5977212 3647346
6704954 4629537 6311536 1786860 9552580 6116482
9942382 2456459 3950387 7398240 1165768 3216267
4952894 4347342 3827033 7377453 879145 4014692
1308377 2464589 2040350 1746974 9332340 9016812
5405715 733503 311684 7655756 8823788 5241327
3685643 1936881 6984057 5164625 3991482 9916687
3096575 6847193 367880 7664106 6675972 434726
9901160 4066640 1631742 2540887 5093918 5876597
9198640 1140306 5647642 5937857 5159783 3512623
1606996 4957979 5297196 7294724 6381144 8819076
5804797 2286626 3632670 8709060 3712597 9228886
6232210 9788269 355859 3910345 4280878 4031952
3646812 3644270 5788617 1605624 1845814 5265700
7385069 2864828 5639585 4435087 8457115 7683482
9593685 7747786 6777097 3471434 3557629 9033503
4619491 5801851 466048 1548803 1859308 4389346
6802056 1192100 354043 2402856 6308676 5305648
5520737 5288295 6859427 1615689 2291044 1515512
7724006 1371 3112164 31496 9909654 3516316
3179491 1369710 3829510 5949188 9115374 5964811
2451788 2760776 6230640 1322356 9290854 8479027
3565904 2098009 1784961 1399270 4803568 653714
4911656 4982213 6556151 333936 8914349 3168820
824054 7977995 5456741 5261585 5747428 3556257
5921338 4587994 5892196 6949731 8369312 489598
559835 852867 2076725 4389232 9951067 3547899
9075008 4198381 5997440 8380400 8049785 193035
9730550 6324735 5197803 2458450 5119840 4927441
6960165 2845554 2455360 660690 5125133 1137378
508069 7190203 7013348 2674383 5401017 4702860
2586831 6616172 3728696 1295363 839435 3950700
8576988 522424 5031146 3008251 1258928 4715968
7171379 2443654 9928210 5263706 5531034 9422692
8358453 3462887 9468154 964755 9989565 5523757
8034238 9899145 5727734 939346 3881162 2760863
6534551 6400624 8797363 1294580 5793569 1433612
6464338 8435187 5485300 1247103 3881461 4597415
9896294 3951913 1586626 7739392 3489311 2681478
1209168 5244363 1659169 7590655 4315930 1938129
5234705 1622075 6626606 8204939 3261125 940290
8222965 7637642 6641262 2270283 6473700 4858303
5918604 5876799 6650085 8494597 8799367 7095846
3937392 7111349 9581426 4870739 1068460 6037652
3937130 294845 6409834 3046255 9730178 8636799
1101693 8943895 2084694 6859234 6059874 4171493
4807005 8259398 5174062 4545010 3024137 6243819
7956153 7626011 7478213 6728322 1820787 7612511
6031393 2714571 6444995 4563322 3653263 7204580
2356703 363966 553615 588954 4267808 2966279
4530456 5176710 7907463 8004462 1168589 7529804
2773609 9059370 9816924 2478591 3687591 539969
1921784 9392382 4087211 3337606 6914585 3442448
8559438 7208807 8474058 8797322 7014861 7015607
2191804 6538371 5290632 4880114 4502530 5695907
3617877 4218051 3991589 2207782 14554 7847427
8336355 9951690 6457422 9948409 3954713 2761417
7795587 3552801 9026979 5905026 2641538 4260881
3117368 9019096 3449380 7111167 2029516 7059001
4492221 5733133 8161848 891856 5812658 4630218
2239172 7893494 4556839 4121017 8860714 9469540
6548379 9714002 9377827 6239784 5001251 6962895
6985026 8611029 3254094 5712640 1001735 3462059
7988627 6286778 3896832 1029750 1762745 5483434
2246526 6506710 2188535 6932588 7715561 4281420
9685578 7444498 4139032 1827204 7709237 6061218
8204578 3674570 4692087 9557439 9356646 2927536
4883053 6877584 4017845 6486485 126140 3418486
3804906 8779581 4731398 4699789 2903229 9525879
733385 1209421 6130749 9073405 1874490 2354003
7281005 9615790 1998440 5096407 6554206 7556752
2823862 5157821 901792 7192875 7508062 7327165
8769972 8431188 6930131 969296 6146697 4885161
1465588 5760040 6380569 8770048 3127682 8935979
9550021 4985789 4541269 4613152 1093819 6499815
9930469 9131172 1800079 2338083 2276434 9740856
929095 9786646 323378 6461092 3662623 4968319
2516694 6612031 1271518 7404233 5929817 4472041
2595748 9764088 5062723 1245587 7607816 6114449
5973433 8510956 6488108 3062460 5546385 1568416
3015483 8210710 4064002 4401976 7262406 8376889
5527085 6431888 6154753 7189274 40201 6360051
4561783 5004496 2097417 1412250 6253353 6515651
7664460 2145788 9055972 69227 2017403 1329730
1437092 8684881 1523356 5685630 6364649 3765477
3252748 7866634 4240260 8754961 3445608 5451912
904316 8114718 9349624 2894629 1877147 9497928
8317287 5406473 9723887 8702672 6683804 2603320
4017031 4561183 2257602 9972457 5397999 3400596
2512444 2946255 6193306 2734271 2964884 8577524
6853533 9841455 67238 2389276 3936526 2173566
2119790 5806822 1558887 6645505 507933 8138635
7166026 4769831 268640 9558043 1751940 6610929
1605843 2734419 2001077 8920035 1668598 1803466
1507874 3280291 2468634 839663 6242517 499352
9258606 8170044 5149833 772099 6041096 2035692
9430690 5928011 1469947 7550320 6582882 876982
1044432 7371526 4053250 4118967 2806430 628168
3131956 2954400 1194315 9582376 1128428 230465
6576447 7933497 8172856 8263771 881401 656235
9704932 1280126 9564305 1059534 7386898 2337888
2988802 6393926 8728735 8232947 127352 5823928
5140982 4055523 6151537 1124094 7875602 4297072
7750216 7388907 473860 1840465 7707707 3288116
9305037 9676229 7041616 4919368 4195652 8107598
3862836 1166918 5046609 813711 7845387 5302755
1312677 9984898 9984627 1715361 1130165 6412504
1899433 4899008 2827048 5370387 4441393 7072905
4078927 5452352 57894 3875783 513555 3492494
182375 7864466 3572418 6276188 1754497 7710669
5296271 8069433 2198273 621136 4370111 8960433
777319 4327270 6210135 848781 9811417 7890704
4312445 6034854 6258742 4061356 9941032 2808699
461067 3934649 5234835 9968711 840440 8743299
8049704 9987053 653363 1554114 631336 9980921
1730337 5036488 8230400 2273958 6419089 3060731
4214230 1278297 528897 3866614 4593067 114122
862769 3230146 5640934 2167189 9563338 4478701
7233752 6121019 7923433 763719 5815120 7819847
2475833 5327560 7228992 3454974 2571432 4383057
8307070 9223204 3695934 6229214 9118444 4774929
9660303 2038487 9615764 3198010 9847125 8662735
