8000
3712882 5081278 5707455 4458989 2405252 1311189
1652775 858406 828231 1575953 8091826 2543206
9862357 5371928 7542636 6496269 7708383 9898962
9473105 6741392 682675 753019 9324860 7342477
5462211 3086689 302253 5120938 8720830 4937946
5268318 485863 5013000 605941 9895483 8008982
6597742 5214299 4836043 1623917 8422884 890570
5072166 9018574 5185164 9782492 1299690 3509570
4658698 7932203 4629431 3924055 3558119 6759553
551839 2959862 5756417 8364978 8996778 9318563
1008935 6531837 2137576 5890284 6307635 7605962
7530206 9256416 5476444 9533653 9898527 2494083
5062918 7849187 8318508 9792104 5680852 306286
2157312 5679718 1786998 6792682 462239 788626
308515 1344263 6927743 8253446 54102 6935621
2252564 8232764 6217521 5517480 614982 1891047
8752994 9181882 2710938 7579201 2252286 2043274
8033125 5125045 8033676 2135347 8861136 5708931
8441044 759735 7279009 5450131 6207665 3317059
7531564 4216252 6069597 1348949 5581768 4963372
678219 9276759 9202313 8540823 7281088 1665762
6276562 9545438 7234205 6427461 1039109 6498970
7595347 4578110 3427432 9743724 8759557 5337194
2754949 8173167 2483126 1218812 9812401 9294366
9656611 6802433 2025098 2900461 7985915 6398729
5821449 7404044 3600113 7747566 6900982 2975527
2840960 9492302 7843956 6367913 5858784 9315698
8474725 2013583 9720626 780039 7854783 1629555
9889626 7787840 5456695 732402 8593999 7408600
2480245 9459406 9464357 9907947 8884211 478655
9640663 3376101 1559522 835476 606011 3635064
2898856 9847781 7677127 451905 6902763 9267255
7493237 6387035 2314383 3167427 2744086 7798818
9573740 8876572 8947649 395543 3010835 198074
942033 5089046 8810045 6191512 5267320 7441575
3511169 2933012 608090 7365301 6727249 2482683
7756176 7639249 1407571 6085561 7881182 8007002
3952427 9437721 885076 6189440 3239164 2206963
5094217 9312818 6715320 1665538 334207 7639
1531005 9245120 365265 1361447 9893442 5516964
4825019 6707344 4580460 235551 6940735 3969751
8659164 127936 9659786 9831699 5411251 5104836
6391246 3488178 995390 940647 6443116 3573113
9312998 4752593 1849882 6603081 1097295 5954502
726255 1845631 2598805 600451 5834296 7482129
2117417 6394728 7745807 5890606 1260542 1173837
3426542 3716875 2496985 6915325 7530275 3111228
2547177 5262517 3901566 1610483 5274291 6846028
9012248 590357 2802003 6792152 2048449 5140848
3667082 8221938 5610049 8625958 9509296 5095104
1370945 8058713 4293640 2177656 7714282 9016522
7359029 500640 2227636 9821552 7514105 2726241
1076127 2397672 7222317 8738653 4055903 5834777
2052935 9115771 6571339 5752776 1588202 5243938
4680126 5325265 4346279 2604958 2223523 3038603
5563788 4800583 4207578 7401881 5544379 9471562
8817588 369521 7548235 4885044 4251454 4773651
4618392 9190695 3076252 75762 5716024 9650776
7918531 4928429 4166035 9775271 6573022 393524
8523765 5618169 6470510 9049701 7497530 2389016
4670243 4754071 8277116 9189032 4257764 2713521
8518662 3674246 6853292 7750754 9921065 3686381
8286542 7167891 4864317 1797688 1134383 2397506
2167686 4604363 9609240 4695502 4686427 7295094
8872568 5788516 8227561 3814054 8878116 9926210
3001052 9767886 2871991 5159218 214800 9497383
6496534 5429359 4932931 362730 1557100 2041778
2797483 167776 5007363 479653 1488729 9405131
5529207 6726076 4483785 4073003 6882015 2893166
2779775 9974740 67643 982022 316464 8469247
4485960 4704608 4796129 6927082 4749702 153178
814390 3127323 6953090 5366934 5301153 5705023
7464575 1804955 3047263 7567462 1898018 4518651
2287731 8392915 4299786 8822429 8284846 2152039
5442424 8928049 2885871 9978824 2379442 240060
9429739 5514512 5112895 6463684 5876770 6852491
7245648 5870401 5418073 4854184 9665262 8361406
2452041 162273 1424923 8778761 6608428 5077059
9845903 5212313 8076722 5548992 8694290 1923548
4169460 5663530 6419761 2644089 1484657 5821653
7267307 835565 747880 6713030 5937194 9786640
592128 1000891 5928184 6194771 321813 6027617
9100577 7433546 8727652 5938380 6370388 8122573
727116 6663663 2319620 7808811 132921 7167129
2163338 3880746 6820221 3189346 2294223 213240
432730 4601558 4385743 9596420 7586877 8829697
7613525 5739011 4225078 1638282 8186633 5607537
9148875 3651131 4890499 2049104 6448415 1260743
3195896 8231080 9293141 8297188 1916973 4820994
3502032 9458495 702644 3580751 4549692 2056447
2966418 7402781 8706668 5714943 5762041 5720255
1641874 9504156 9846669 9897955 8324854 631377
3897494 9088833 8477030 6712083 8659936 6481789
2276630 114233 7432331 5559478 9993450 4063142
920099 2135541 2684584 9564748 6094388 8128381
8127052 4032774 1189318 2168631 8671863 783851
6900868 3433931 7889090 9170244 407229 6944258
1414073 3297941 9906226 8661763 4399694 2828140
6343964 6789948 798558 4220854 1304121 4435458
4624116 7406940 7409331 4643525 4794844 3626499
3035670 2077125 3409768 1718288 1770902 4292080
9442058 1728863 416969 7693178 9811215 5226005
8592699 3106386 9707004 488072 4145404 6695508
4156916 2258335 7735847 9856444 3220784 9304439
7329822 3906198 2728653 6753860 7544514 1264923
3374520 2257343 8639086 4262590 6134573 8330104
3534489 9695785 1527039 5614145 9219705 2670830
2411170 8650786 6978733 5572553 5628154 8197735
4728454 4136043 3261536 713822 486609 2536509
5890651 3179225 8856340 4105329 4388465 7864703
1563426 2688198 4184348 9152046 4318657 7553871
6586918 4330109 6971812 1376899 6953582 4449618
5168469 8542770 3038630 5065017 7445273 4569998
2325706 1757269 8278044 4530918 2025406 3408470
8003386 2660697 1770733 6102577 8371938 2955348
9473763 9429160 5307319 3662335 4050718 6531506
8486481 3259124 4332128 9424861 8985634 1298044
1225922 3351554 7182460 8811917 5545353 1943839
9497879 825634 5733952 4286342 1779622 2631196
9586659 7032508 662792 775877 1148659 1657960
5783138 484341 5958170 4016463 1903136 7524422
9142299 1506133 4492051 6507123 6578535 4186149
237870 2900844 2771634 6979999 3304995 8673851
6226009 9191469 7115343 9826894 6604698 7546303
7221396 5187421 7649538 2676123 4075676 7018210
5868714 7710604 2110464 2674168 3641723 8501293
5339874 7209458 1448418 9658038 9669618 4039220
7451787 2990755 4247099 1547802 4048471 8878777
9859561 2606660 3727513 1988940 4549867 1957190
4542616 5956243 3879642 8411866 6795067 6715714
9874883 6466175 7430457 7473841 638408 8867931
2075684 7563702 9259121 4270341 1640125 6095536
7225432 6567971 9521850 3076123 2375107 3613942
3299204 5673593 1138949 8770760 2816561 1469015
3290696 3879773 3160736 153274 8131551 7685479
4621650 6928007 414391 4732703 9783155 3203442
6608762 9977945 2352347 5379168 9472118 6484769
9619656 5589220 966535 7631977 4763508 7981896
2435339 1466492 3581136 265700 5112662 1121474
5576765 1104123 3649613 5961441 4183144 6758634
5707194 1922409 9432150 1573641 9648690 4712118
5681145 2492729 6784816 6318408 6467360 2397161
1261595 7920036 6201474 4654180 9151104 7227341
502480 5658719 9116265 5178839 7717935 6665058
4104343 4355950 1815344 9292916 9155938 8679031
9553829 647321 5794800 5593712 9671973 7549708
7052618 8046014 5940529 6254416 1950831 2270778
1197080 6116931 4999131 1183974 9004104 7192626
4920000 922585 1953019 6422272 5458961 8524425
7642368 528355 4204474 2767091 7469297 5292740
2896773 6388228 3336790 8105784 6764578 5820039
6602360 5667882 8248062 8651765 7601561 1105089
1286811 4248063 3707887 6845486 3981758 1601003
1665926 2920369 5351845 4622718 4372915 8233353
6726012 3131556 5188359 7270375 7951344 9143617
3345234 4285526 576716 647789 3357643 5562603
8933988 3091296 9352352 9179092 4581614 3336222
8944563 6268234 3321023 847929 5135461 1210897
4816538 796881 6546596 2603470 1101164 4548928
9940894 8274055 2015312 5103437 1379772 3633022
631679 9331985 7716538 9104444 5306530 3316034
528372 639021 890420 8145284 7911498 890462
2248651 2486834 8338754 2015622 5678154 8104681
4912329 5878082 7996095 3977462 2453836 7154462
2597021 741764 3184362 6027787 706894 5083587
3547290 3830551 1711523 5719329 8547412 5249628
5619684 9840119 961703 4989 319557 4496439
320477 6671254 2885383 5656133 354818 8614330
6210173 7925271 2595901 3910631 191107 5501690
5636926 6654217 6878148 562075 6507423 4564766
131672 4500584 9932127 5806832 4597994 4080947
9178939 6529321 3939421 3089125 6395938 5838035
7142977 4907340 5558525 3499656 3656984 5782582
4269079 6940887 386945 4570031 9817614 2781622
2487686 9636658 3639443 6209833 82403 1893195
8371480 5057608 3332695 6396937 9873316 5818972
4564312 4513645 2073259 8804435 6477194 3825497
4674908 3121047 1529333 6757865 6767654 5283766
9943165 2137270 2997232 1095565 6292996 9566536
4177821 5561640 4682970 7150504 3319145 4961335
441503 2969105 6446918 2046226 4717645 1338329
2505339 746040 5034024 9739553 8935344 9143339
3709323 5464643 463692 6561448 9895123 6696566
1252289 5729820 2869003 8355677 6266668 7945132
8895962 7275914 8764612 3766159 2219115 4311675
1136001 7413807 1194499 7111923 8362932 3508088
7378578 2628681 8403402 191003 4252526 6021614
249742 203611 3201925 3853892 7386242 828353
9102843 7616373 5666516 7986404 5898214 7589324
2092332 2085826 6702437 8501785 3150263 7441730
2573717 8739180 8526924 722348 8603551 1521536
7948840 6597399 7101710 6955603 9182869 7266441
8293163 1061285 1477294 6847388 8105935 6063056
4743206 5042070 9889672 7936258 4663315 4602742
8645158 3149596 1515593 3605174 5019591 6277106
6805651 8876792 9478417 961672 7617285 5513345
7494690 9527393 1600060 1680389 5905052 788843
3726642 2147240 8433503 8400074 9693241 4836928
6112030 5244943 3979891 639381 3758578 8108193
7552058 4637458 4075865 3924182 2077189 5453955
5943 4343665 1577807 824604 149952 306076
7788024 7331491 3443999 5963948 9352698 8578541
4462996 3062817 9137018 9100828 4209616 2516074
6169238 245083 3456355 6678664 7493144 9774648
2297215 6166269 5118214 1370224 3409614 2979827
1437480 3570507 7450204 6146104 1674446 1561386
9211035 2902038 1997287 8127427 612050 2361749
1392928 148081 5892244 5401349 6176385 695761
8971175 8451229 427842 1559790 7754944 1832105
1997600 3327278 6850521 1803159 8527389 3983683
5187862 6417799 3921877 464172 4526468 5782191
1128336 8316891 1388370 7575631 9889793 1307578
518787 8041811 9633032 1094605 5285735 7345062
3882403 6895865 9989884 4422452 2399049 4958385
2551984 9877689 5815563 5618098 4148504 8347168
4710864 7407876 4374649 8013604 2939564 4194251
8439872 928756 5621613 110053 4273013 7859493
9307390 1395543 8561435 9120264 1041003 9713132
2199072 902995 8041542 9505459 7920755 1631523
3993798 765409 4018749 8963492 7912188 4648778
9966627 5510237 4168387 3041202 2864766 2481916
6932928 2505182 5102246 5438781 2654732 4356979
1723449 3772350 2622852 2130390 5115062 1003505
6396949 3431720 8836686 6102430 3419026 3245509
305625 5205405 9487120 2743125 4019805 2174155
175501 9476380 3016568 972834 143425 8762775
3691106 6266187 8530777 6079519 2187335 8535820
4610885 6760291 8248262 3684563 7782010 4148405
9008671 1863408 5650346 3015244 2566543 4480467
5812092 3864196 2091211 922878 2735577 7659361
2994795 4189803 8485376 2928091 5263279 3178352
1340411 750614 3628925 3860076 8439284 8848874
2472728 317429 1244384 300865 1491545 6658735
4997246 6621061 7423395 5338715 3734453 2156397
6523808 7160257 6909836 8536100 5160741 6279228
6671563 2768228 3530610 871416 3084723 7997532
50444 1682794 1497011 5069909 2344152 7031395
519480 5148595 3424124 6801472 542515 2249113
3236083 5511227 2372651 5432476 5925631 6114516
235965 7656080 455349 6328979 6404283 8103022
6268515 2804310 5589873 7349696 7188512 5671055
5318264 1601312 7232706 3246852 250420 9808750
5161723 9927337 4276908 392000 4819235 8585858
8732272 9722335 6617742 4660723 5300017 9649514
3906576 1239087 6842596 7416093 635450 5428642
7542182 3721464 5278511 3393989 8801393 9539841
1441521 3169783 7960082 7753068 1483207 8941202
5016406 9989230 5260806 2563901 270752 5998294
1837607 9843965 2836844 1869491 7596706 6681947
1485280 1607792 7504293 5940359 3443119 5949424
8828459 7902170 965862 1804063 5704670 6528956
4530239 1767734 1125943 4737067 8950478 1649451
625775 979204 8239127 7676539 9644316 5310786
4388707 1342675 968335 844302 5578486 791485
2591797 5672690 6124758 8596564 1908709 7193601
2035548 5501162 9726664 2010657 8924609 3581037
7975340 3212342 4284560 8731850 8033662 8503017
4872350 7100540 893487 1187393 1243715 6617502
8442819 3808740 1963475 2193506 1551651 2100443
4981089 7984156 2323683 174377 9212265 31979
404197 5933675 9859025 3932342 2701518 3449315
1922787 8615117 2054594 4658090 9701198 6431973
1026226 5656856 3309013 2465317 5971951 8477946
9897998 1404404 4428974 9507255 153744 8099968
5230125 9842041 3949510 7626220 7029568 940453
1257353 7800963 4000077 4252580 8327652 2099987
8643991 940008 4399021 7444171 9264605 2628597
4562907 3784728 4107542 5531501 1167279 5894794
8791429 2515771 2012204 3845737 276378 7807861
5603004 896942 5779930 1759057 8702216 2859477
9499804 4296566 1585549 1114141 3400736 1900235
2431896 6773646 7329204 1209026 3821325 5031943
4078925 2453826 2139798 1800377 4944347 6369016
3992426 9698623 8674762 8054715 8834790 4513796
8928248 7411616 7524584 6192215 8649575 7430710
6320056 6884934 2237792 1539544 7944366 4968039
1043048 3448766 383992 2207306 3099605 4393633
8565590 7582403 8694445 6980261 9766811 7822552
5668062 3802627 5952594 9410914 7766631 9003592
4184714 1445089 5461775 7071752 2185892 5989119
4375650 6239681 8124071 9898493 4888969 6936391
2794151 2539381 4509460 7171759 757328 1495581
5985023 1785119 6599018 4281129 9489124 1252387
5819351 1947987 7644804 9702032 524153 4846947
1478116 6909142 9118302 3234199 7354829 6499277
9506263 3971295 1262873 4394872 7831656 6859924
6269561 8667097 2693433 1758054 4186110 7227430
3313091 8496303 3045298 4457012 3425890 5981512
2404574 9903585 1955964 4209388 1252401 237905
8344314 4673618 5715527 3277123 8420376 7979826
7818088 9559951 5184551 8010183 7665495 6786033
232707 1590151 3953463 9739094 8011567 822027
8558953 4061296 7761876 417374 6388940 2027849
1801648 7021103 3483252 3136790 829625 7451243
4543313 5296875 2718893 1024967 6050557 3158038
1144396 2992438 246720 4713607 3939965 4626158
2042878 5302908 830807 6259265 4224304 1835738
2028049 2665479 1892018 1133936 5650434 7191105
2476028 7926940 8284677 3687678 1475474 1399272
4496574 4681297 8730326 7733308 3466869 2368620
4067140 9207739 5539593 795424 8594698 5019129
575306 3845346 121331 3135718 8374495 1086032
1197042 5542383 2796798 1647513 1108741 8164145
5559225 3409376 9646440 5527788 8548939 8123616
4873360 7456718 1516963 8847447 217033 9258667
5895831 4309570 1836038 8462187 2192125 5016565
6296144 1232624 4070781 6872889 558629 1805087
7069773 9340310 9552445 7198645 2490635 5933091
8602474 2849060 3572556 566181 2174082 57493
2722179 8539351 658800 7415976 5922064 1137979
3502165 1727859 3628313 862663 7239886 4064924
9249993 2734855 3350258 7780233 5351368 9876117
4093363 8686336 2850746 7841352 8458014 9208628
8571171 7674715 4966082 5583872 244973 7367972
5686111 5329650 2135487 1778545 5740007 3652773
4357764 8880168 5310560 2932801 3370723 8830770
8176774 6207110 2100423 5487520 7948651 9755780
2582832 822240 7497691 3696439 6472817 3487746
7206746 4880826 81337 1450171 8844805 8247348
6171897 7918293 1482885 6260340 5176552 1910235
1929436 7471448 6994847 9697485 3422469 6471200
4565557 1160562 5315613 4019976 9664578 2250904
7108205 3083651 9726063 5210301 3001039 9422733
9870281 1989671 8856833 8647741 4571798 859180
3571436 2907593 35363 7063211 6760904 5452429
7347884 1916433 1030557 190188 3558083 477203
2760932 2885347 7399771 1026490 9130882 5312255
8172133 3186770 5216247 7830432 4341966 5761153
8521284 961595 4917253 2060152 6390059 3186880
3053402 3281695 2899649 6135666 6126049 514876
6435837 7502345 4399657 9863183 6672091 7748145
1220346 6918017 9525567 9248860 2449369 115692
2022961 8843791 2858789 3544578 475607 1385028
5642933 5741003 8565626 4274209 8541927 5799308
535175 5287731 5526374 7843677 7136786 276388
7577554 6625266 6759297 6884895 4590652 1628536
912597 8308950 6514678 7468102 6610085 7423949
6235586 9272424 8512226 4801560 37190 7546267
328090 9508823 2806088 1514621 492733 385045
1949249 2161628 8960417 8600348 9328007 1384360
2221770 3376669 9781231 9249179 1671305 5824103
3356394 5138066 4253138 1230252 2631980 2166657
4870349 8174830 9130918 1141677 8038622 9269503
7287082 5733615 5250541 7980106 7515586 7627962
7470300 6062933 6132532 6374252 4935645 2429024
2668119 2312248 8980942 5130318 5246331 3233416
7642718 6986407 7601118 2688123 1445165 4899123
3293129 9097837 6876843 639430 6644271 2317902
1254127 807572 4123005 9690914 1313266 3594392
6133818 4241664 5861082 2153268 1778878 5608372
9691570 6982142 202421 1824114 8562133 319731
3185714 9740031 2928498 5897501 3498959 1052215
1668385 4598959 4288449 351417 4686977 8417748
751118 6830869 9418662 3814629 5120125 4128073
8306018 2977204 998982 5386550 8996499 1004667
7372333 5489449 5207528 1992745 2996552 4463023
4696702 1469015 535703 6557111 7453716 6904239
9389404 5356625 7308613 3070790 8022529 6714306
9305943 5782401 9554686 7443333 1402149 4948009
6189710 5876941 1862016 6074347 3518095 5584929
9320749 7799164 743531 1923831 8525167 8009509
5844686 9675639 1602406 9825425 5654714 3217962
7882045 4194007 9377152 2514422 4425225 9763499
6819460 5235228 4954675 4284675 6080606 3214098
1449980 9928999 4087299 259518 5803034 7119611
2601007 8622355 7950919 4950774 7236361 9654552
6160707 7465572 6831457 9299103 7226103 8346889
5111900 9480517 127686 6336724 9561288 7208142
5570856 3675288 1451715 2098516 9254886 8282866
630253 5036074 1718557 7529433 473850 8596167
3922210 5585168 3872604 4482795 7224418 7032359
5267042 2931270 6957646 9722600 6353714 6959652
2932042 7520357 8009125 6607785 9172775 6600088
3086411 5113256 367711 6879157 4688662 2127746
5667896 502490 9367468 9668052 4320521 2200287
7935994 8631274 6991721 8235289 5376893 1640935
4474285 629105 2256099 3095327 1069682 6630018
250495 5848256 7321573 4492062 9166474 1734529
273741 4022468 5863299 5118468 4443021 5360594
8228456 7043052 896506 1744857 8814898 6721927
7664891 5598989 8610748 4757358 1786606 7722440
9967930 4696752 2143463 6368190 2133500 8543669
4343989 9991084 4043573 3737692 6628661 8840405
4806173 1175833 1336015 7632938 9394311 298053
6336988 2817526 4188252 1631127 6833 8333840
744429 2729427 1814206 5534171 5430435 5470692
8019269 5493137 4061649 9599132 4524131 4469721
9591065 3905551 1888967 7319629 774479 4451937
1317020 4490763 414391 2056100 6938684 7639065
5385911 31952 6204678 8312695 8420370 8969079
3534188 8336803 4689919 3809623 5623761 9404073
6729463 8809817 4560648 8572881 5718423 1135524
4778756 5207041 6651701 6866293 8041872 5488759
8409085 9017359 2043046 9736315 314106 5516069
7919448 8688329 5790743 4175140 148259 5398482
9266014 9706573 7072766 5092570 6064943 6187328
9779802 5781442 8281790 2484894 590165 1964661
9891288 2744139 8772340 9278867 7277344 1731643
987364 8519618 1990080 715918 9903610 9403011
6926032 3797873 8022696 9173850 5890174 6935432
3613330 2554323 8661557 9162166 9306866 6011849
4062757 9686186 9142097 464373 7086491 2260430
7206969 5924191 8427193 78385 9845026 7569967
6743728 8640581 1410984 4059100 3187776 1628641
3408402 8550096 9802963 7669755 8166537 2267070
8164631 605952 9891267 1346358 8871564 8035842
3303103 729121 3437272 2760491 5216109 7591158
2589545 522990 1433126 9729650 3508948 3979418
975817 6847647 3952846 452729 2430121 7249593
5524447 9554230 9366546 7032916 5753763 756770
6208885 6393002 1519648 6875026 2299742 6480539
2369162 5860611 7052627 391351 6775281 9115904
4132694 3983237 3424472 3819826 1469554 2664785
195514 3678751 5041147 5823544 6693937 1318889
8314223 7711901 8175830 2641674 5821911 9317333
8669296 6270187 4975357 2680502 6551605 8823106
6071509 5714519 8223248 4952587 7360488 7648337
6926791 584466 72365 4836941 6320035 8446884
3825121 1704620 8084675 6701760 6837401 2075012
5715622 385341 9699065 200759 8560803 4587840
8304708 9727487 38700 7735293 1722055 505094
4140546 1452191 7431631 4601365 7748317 5755035
4441537 5242927 6318263 7392810 8896753 6109471
1246523 3477281 1391865 9728946 8816553 4117291
1232658 1967535 9432786 2900345 6964880 6166264
9124041 5870749 7153715 3635407 6647879 7633000
7609637 9191497 8862411 9567271 696394 4867844
1015252 9223755 3956302 2329640 2260223 1594473
5756748 8322811 1488587 3589593 8954235 5083521
3195974 8575762 910934 5921408 6502635 9754519
1072308 1240201 4487310 1265367 5477323 1877568
8601319 806129 8595048 8685263 9783173 9705255
7247059 1679252 2780886 6524021 8713693 9592797
160988 8903017 9707312 7838312 7143597 8642069
4677676 5534448 6916513 2070194 439432 8072116
6722065 1688228 2688862 9107891 8494963 9456193
380533 9749885 3746432 2078734 3728321 1454093
2999425 7071485 8539638 1783332 6342534 7274983
2302634 6671953 9862069 1318136 5760420 7599618
47207 3233995 4096604 5845241 6587691 9942875
4961054 6531124 366696 522931 1963197 8094945
7016393 8139168 3184288 3324693 6143488 8963808
5846365 8082254 5174695 8253218 4838886 72111
102430 2894343 9191914 9641530 9767560 3767479
8210047 5403928 5927808 5089244 9060684 5260967
5359589 4535291 3162193 3803557 7117680 7197197
1087396 2476494 5108287 444693 4766939 8203365
4090695 8977941 528464 898260 5471771 7678165
2424922 1793988 8395109 4024492 5742811 3693347
750961 5319524 6763564 6599217 2312883 6559268
2167137 1927148 9078484 7923320 7965103 1608197
5801614 2042807 964574 7977498 7165822 2362391
4963824 9657737 8127404 988548 5550834 789618
3239014 7311786 9932156 8249642 2664321 7266696
6865858 1335097 8792480 9468845 3052596 1798155
433633 4488179 163611 8549018 8277556 2839790
9124881 6167374 1012838 8920267 5096646 3428964
6713591 4447423 4628165 6032717 9060668 6085073
5565943 9762412 9768689 5973945 3360202 5001096
6627111 3917494 9262826 1811787 1057461 6630005
2815717 6332768 8990211 9166418 7543865 2677642
2198780 6414805 1380181 5287614 1863666 9383460
9776780 4318747 2215140 6503192 1536050 8216898
2638530 833141 2274429 2707406 3902902 3290183
2029466 4459687 1127977 5162514 1921906 4360061
3576963 7313093 5109912 4382832 6104550 8763877
4438752 7547173 6903558 1950523 3833936 2645862
4704891 278329 7898746 385229 6197164 9041455
2785955 123919 2381444 1045928 9173257 224320
4355576 108310 2429866 5700028 7136951 3084177
1549665 7036265 4492898 7020120 1710650 4550572
4273547 5393948 8214196 3451263 2064440 3988877
1313340 688006 6999205 9628566 8002515 3624573
5391436 1644237 8262523 2086521 2376558 1797987
1978616 2531035 8139835 4885592 27255 5996240
6334010 8738723 410221 3819380 400857 6797670
8152964 7684770 8567678 3348173 6111681 803215
827258 9334692 8059478 8392566 9732588 8485251
3225115 4727009 2105794 8805293 308591 5492714
4821653 9463143 4659707 2694910 5041503 9179615
6410737 9387954 5366692 2217956 7117252 3325716
3578656 7493959 287149 201534 1475602 317744
5056894 2043263 5532555 7459308 1259263 3041866
3738508 3586050 2798446 9654584 1660477 5300246
3890445 7528717 8430132 4917506 8997726 937713
2137963 5458053 2643267 9388063 6937436 6723727
5436523 8609301 2217439 4733762 4813910 2238628
8198101 3023580 3251407 1788050 3748399 8265328
9960158 7362345 8203880 1617840 8956402 1455453
6381168 6756152 7727477 66446 8327510 9588535
4895584 8661149 8496232 9349435 8063571 6017549
7674477 5668830 5105827 8808828 2022785 2649962
824426 9004746 8772139 559817 1456483 8636896
2048839 2102395 3780318 164804 4957347 1635381
2733833 520122 6501651 1187813 3006895 181284
8996249 5370076 281790 2628904 9838178 6152760
3742396 8848666 4960009 7233857 4113572 8079568
3159500 1151330 5339560 5553918 793414 9951655
2683313 5821350 5299669 9090580 8017607 6225115
5808217 4730779 3703802 6860851 6615601 7543448
9515898 6486663 2661935 4924543 9812579 6652708
2368171 8195521 9166568 2619379 6817421 2607816
3676887 4814981 7988822 5700749 7005303 3806017
6295820 7179915 9726707 6549995 8504500 7185544
4881614 9905668 7352469 4056675 6820687 5107398
2448958 6881544 2233064 7416560 7717959 7626909
5417633 8234957 1338751 8686852 3185746 2597892
785086 63934 9003928 2691852 5413693 3202625
8236292 107467 7725476 9897784 565031 9435685
7816740 2965902 7982163 5476390 42928 9906910
9300239 8311495 1374834 4059170 170421 9935877
374751 6260326 7097022 361913 283115 8770346
2467265 7608968 3994169 7128815 5764909 8440565
8181615 2189762 4491975 4149843 5820382 6713219
7381922 2551173 6316513 2797379 9599819 4752056
9644745 9941243 8192028 1431841 9386612 4874250
1223058 6725916 9893513 9068051 2317100 9153367
6105603 7874379 9824351 8955130 7430519 2956063
5441516 687925 7200993 9541597 7294774 7853166
5414935 5150395 2491112 4661614 6677248 7619247
3619363 7577372 6660506 2344966 717167 341872
578317 1035424 8222355 9119918 5905757 9038992
8547052 9113563 9872661 5338607 8044240 7946003
6888867 8426792 5120654 3360450 7355862 8911894
7551062 103148 2646468 338862 6016905 4236217
2383137 6561443 48668 2274265 5448687 4739727
2492860 3760637 7157211 9482479 8376812 6395094
4733707 6321598 4782168 8162000 994545 8181210
7980504 76327 7106155 4545108 7772747 8250456
2498593 258913 221510 7748612 4793903 614019
7695404 239454 5018518 3986137 6736780 9344313
8990324 6272787 3664876 5132933 2845746 4283602
788792 7406388 49979 8725559 8626742 1034263
4129726 9389061 9108602 4465257 2358357 5940578
7130061 7838028 8788695 1798212 9775671 5189774
4518217 4744248 8966734 6543191 1787074 8137358
1376575 747569 9584818 5437854 9171676 4721758
4516334 2847571 7230580 2822552 3756316 366358
8200476 3773033 1632171 9187246 3618885 5404841
1505416 3230147 7881096 9077940 6856076 8898751
555618 7192112 6497115 8475101 614716 8101498
5316868 4245600 5619313 1912620 7348984 7879172
1449445 8691871 217385 4386844 9948922 9510786
8709998 4307509 4081712 8422337 3597735 6002637
3557602 5330970 1125362 3561892 5037774 8556927
256261 2298634 3891493 686066 4882236 1979564
8224642 6041232 2232855 9129082 7505683 9510715
4747044 6287856 6424049 3752998 7737801 4927014
5187455 7118572 3281224 8370309 367942 2548566
4817038 2133280 3594377 494477 4917499 5283745
6976135 1754975 9207826 7062386 1656358 5050349
3987678 763378 3809634 8237821 6162201 3907690
7277931 9580915 6801825 4570996 3675292 7309879
9578588 9804604 7593169 6198348 8374437 7919202
5275703 1885951 1930692 1342926 5869028 2748955
8385187 7730164 1123733 6949109 2152946 5750708
302889 7684658 4631497 1373699 9765319 6974423
1117379 6949634 956370 9373534 1092378 787026
5746741 246041 8457988 6284497 915889 5112894
7690576 777786 3380538 1288623 1786683 9770407
3119657 2644752 4894350 1060679 9852634 8432037
2783956 328821 7427969 1051117 4268107 5990633
2678381 8204889 39284 618746 5080968 1424802
6962831 5902169 793573 1143666 5596184 5622986
4290966 2100689 6814275 6010838 9258533 1375159
2370169 9014265 5897975 4861090 8254042 7120567
2080072 56700 7097000 2524333 6589577 763557
3359057 4695624 5977934 2467355 3606116 2710999
5073610 7071830 5696818 1955735 4325792 5884513
8976833 1975990 7048567 9271363 6769712 7751945
1617762 6773117 1070288 6052809 8680947 5253841
92658 7817291 9950847 2918716 8538673 5024268
4327802 4438498 9312591 30016 7784609 900560
9645051 1823611 8494573 4103275 937228 2186703
5678341 414433 4688473 13461 5884256 6278051
72000 2808708 3286987 9345055 906571 9816460
9693269 7306247 6014677 724093 2374696 5788824
2760152 2154893 8533156 672549 7627933 9887294
6571922 8946817 4191381 6148006 9626312 4946100
9257371 7514486 5835889 8883584 374467 8266514
565367 79197 1933035 3672795 2846716 5729964
1737281 4982747 3531926 9496131 336746 478361
4885883 8920958 9448915 2705748 1343122 8782334
3653546 5005792 2786500 4801179 3441539 6937438
2086670 3923993 3182396 8340886 87683 3392084
3980570 809684 6931780 7748163 158725 2295499
3855789 9087357 9308177 2803192 8935267 2645185
6355367 7075790 8610070 3713019 1262123 705353
5497185 6551623 6171364 7053554 5230038 5368674
5480013 5764188 6637658 4995596 1586124 8922722
2547567 3396394 4895064 139842 5515560 9527062
3546581 7137720 8762233 7153415 8849959 2255765
9474157 850353 6070524 141314 8445812 6365748
8327367 8373651 2661869 2477043 2843700 3536059
7220720 6927016 5579645 1563105 2268149 4394536
5657841 8860192 7501232 385454 255624 5538872
7750121 6215525 1560230 9083008 166437 4124403
1943120 8343769 7701664 3915599 7579397 4379684
9298150 5338699 7318376 271909 6668229 3212473
6260852 70524 552693 1359004 2919122 8588544
3947416 1983476 4869570 4367696 1495574 9989766
4754532 9088702 594728 531651 2391192 2230287
4805517 9244359 8207213 8537466 533923 4499931
5834395 3305120 9347619 1199961 2264955 6929450
7076160 5385931 2191962 4288758 4124602 185100
4986179 6391117 3296403 2971686 5135591 8182961
9254832 7575423 6848195 7711897 9161066 8490694
3784955 8766498 2947506 5088089 5466392 7423870
5005260 7723386 9536600 6052762 5524608 9614001
9240925 2747455 9718520 7940120 7291535 6109642
7797804 465774 4964100 409628 5545472 6000075
8933883 1833831 4108767 24251 9282633 2958499
7651735 8122498 4144054 856924 7415005 3498456
3981944 1988071 9919539 4768092 9283497 6401216
648500 8933416 866508 3682401 3730760 2388136
8464441 1314712 283887 738552 9914093 8695291
3526594 3375327 3221025 6947430 6154205 3632560
3315102 4981009 8440752 6578100 8401026 7402110
5469946 8384000 5332449 6220064 3958176 5303464
6190103 3029711 1182276 8562884 9761128 6612056
5133567 5251481 8103070 1720631 1559810 7967921
2674612 6913183 8208405 5448762 7330329 4039678
277430 7034513 5833866 6286978 1452989 4302488
7960463 4070399 532389 3464398 8212455 5346760
7055686 2244376 7356536 4980422 4548448 6884381
7513015 4963710 3614199 6608969 1813863 902723
5529489 1594470 3421199 472831 3903488 1487843
9193705 21183 1053671 1292771 5942633 6923662
9469598 9903125 1576721 6879787 602420 5690728
6079666 1669169 7039026 2756310 4664945 9315433
611385 7694189 2364734 1324023 7935747 2366619
425479 3668461 5220650 4931142 757488 9858519
881289 7487632 166910 9044546 4270692 8191272
4293088 5762915 6301743 432873 5510824 4645323
5307660 633227 4361289 7923470 529303 144693
3863697 2773178 6929525 4105765 9861446 6209298
9123108 7869681 2085435 8687051 867292 2274172
1703011 4538455 9145636 1718202 5998497 3114788
5523817 7035120 7398476 8847753 8463221 8902029
3013689 178511 2183365 7719411 6016363 7302520
8005329 2502008 3139158 5075956 1067445 7984309
2928993 6775524 7626186 3957612 9921437 6401011
6105836 5606037 4895623 4027571 8729861 972368
5499686 3589457 4634729 1246501 2399652 3494182
2746217 5015943 4309957 8027495 1092075 9682934
4025933 1403697 1853317 4782915 681721 8365283
9135014 6627055 3471010 1161326 8789209 9222973
5488601 1566205 7113683 997464 2741917 2857184
4006406 8986118 1448649 1210996 2219724 2426905
2667790 6758828 102355 9644975 2329739 6051502
3674352 4901497 5683448 7943251 9931678 8517740
4547693 1322921 4924316 6530339 4892556 2102806
7501358 4338360 4800248 5411755 5757899 833447
6380499 1748752 2274025 1452772 4021089 2105957
8234285 2814936 9183972 9426411 2115125 3922892
8262928 9490038 4297316 7419507 7486973 3887711
3539525 7545350 1634527 8595942 6449770 1418996
7932868 7476066 4093561 9345843 3709638 7881363
7626657 7256034 1000928 9268908 3264475 580986
3777476 2221579 880408 3577491 9708966 7116741
9333767 5121282 9207795 1001423 8267411 5402518
7805490 81850 6851386 912536 1872230 8212549
9198920 7784556 5298981 855029 3519904 6545022
8012395 8888442 9105297 1302608 1799754 4859090
2921964 8994019 6225563 3716330 3642031 5265393
3007303 9962034 7836383 4517785 9262175 1328488
2211200 6931444 9208655 8691043 1540352 3627788
1029977 6714120 5383804 2788379 69988 5479918
5282004 2922446 8701675 4335386 5565096 820524
8011444 8031158 3321527 4348705 8079459 9273392
9176955 4089159 6439818 1585992 7905233 1910195
376165 4681134 8522381 3970493 8643829 6588459
7336366 9321351 7348089 5477509 272631 5085633
9475285 133584 8924031 745644 8434326 719584
6563718 8671917 4396938 7015859 6506341 1231017
8006960 7862494 8851985 9935263 9514088 7451193
7187969 9443984 8808887 3473608 2412214 5388853
6957537 1311510 4278617 2113215 6999019 6243744
3472434 2533935 7758526 8235894 4873419 7945874
349360 8431310 5654833 5720233 5022274 9233316
7513257 3360305 8174793 7291364 5963532 781334
7736474 7401103 9807263 9896896 8289539 828647
6276746 6001677 7721370 3535177 3788106 7122815
6440967 4450503 1672898 8153193 3543425 3972406
3472490 9771066 2989075 906111 9585902 1082777
1796359 1467736 4421710 9575571 5960351 9051908
7214059 9666173 5347978 3497282 4376741 9597915
6436481 3575538 4244395 6929879 1959148 8871742
224504 6814182 4643204 8532018 9279266 571770
7560418 9360063 9816880 4202387 3818873 6192465
7792259 6830363 7815201 8724485 8100537 6821803
6406937 6701175 41326 8669461 6321117 4121932
1774836 2943685 73762 2074982 1716712 9967886
9728010 6542611 7811918 4117333 681606 2771719
6439573 3264340 2188469 3849939 2015153 6600287
9235028 3011672 5847300 9155512 5705023 7546378
1782714 7711995 5475001 7422592 522941 5257972
8830416 1555042 493065 521271 6757182 6335580
498007 5485435 7643351 9848993 4474377 7276261
8380547 3674925 6148756 5043481 2284911 4836196
4633333 2556997 4686022 3441038 9434433 3309445
8274632 2619324 7238662 2527384 292268 4004716
4492885 2305417 6019669 2553945 5286917 9126564
2278654 5918301 6507158 5852889 3351931 6529717
8956935 9386034 8537294 8571038 774965 2030097
1397622 6739233 5427084 638804 2789259 7965944
571950 5389377 2120608 7183619 2246639 4137858
9096918 7970623 5193167 3638634 5356108 2168960
1256592 5826602 8388008 7022191 2764826 6366609
8329038 8780444 9205065 8156304 4484102 48398
4772150 9703594 1844358 5208564 1129762 3553035
8577632 3854080 9516157 8053725 1981994 9897540
7005956 5095034 3671662 2369300 6755970 5381308
1336550 5318301 4029926 6368334 7314446 4948363
3642089 4375430 3974406 9060474 2309766 4008815
8760878 2415646 905274 2072209 2411468 2543044
2293499 3888354 6840861 1640132 5061002 1502027
2652802 3202866 3844607 8490468 16235 7669792
2694946 5959738 2024473 3823757 6819754 9165801
6018472 8403816 2389147 6895995 1566475 6754331
9578628 9517158 1544314 5507342 9292846 9566348
8992266 4933746 2683566 1128618 75801 2867616
8540447 9696417 257299 2527899 3715531 4111579
1103755 5151620 4359195 6304614 6365527 6350028
1984341 4937121 5595892 1739472 6053737 4007651
153897 5397503 2321878 86529 2061503 5543843
9957713 7145460 3910019 4278259 9498202 5082488
4986225 1566328 5883936 9156857 5283309 7123336
8908502 3490573 4688285 8277568 5792240 6414854
2395136 3274014 3151630 5194285 3523000 4355725
3970456 7252793 8880008 8675914 974720 4678298
545737 8453918 7634914 4713455 2570185 6570070
201560 6825496 5653418 9276706 1318388 4799198
466091 2827483 9653811 8472555 2830969 2563164
9319366 1876329 9605262 5907024 7691392 8787488
2392212 4763427 3622459 9554294 307802 2245408
6202480 6310311 591608 1205638 8611120 6829391
9488422 4195047 920387 8118214 8076007 8966743
761436 3118430 1955626 8352432 4728194 695517
4701913 5497900 4421823 6316844 9356547 9098391
5073035 4638713 762525 8847425 2321242 7806758
2947610 647265 6517693 3408009 3074226 5008077
4207590 9260452 4216362 2824420 8984133 8635922
1642777 1201152 3800321 638519 5145587 4572962
6831861 4039780 35233 2926942 4852380 4809902
7823584 9885635 6953763 1493216 6132603 3972407
6066865 640996 1873804 3113628 5170603 7428741
2449050 7353426 44203 6947549 4144842 5467741
6479154 1877493 6513766 5785901 4674067 8155395
5298070 4434516 9493125 6189562 2015563 8281462
7771525 20668 5794885 1707791 5584424 3188590
8054314 2714373 3127849 243955 6757554 8343137
6762117 8529148 6030548 6371579 8189469 7792161
4528758 9884312 9894937 4567491 6447788 2974887
8296135 2037683 5211568 8798367 6195145 1698087
4479282 9877302 8625432 3592342 5342103 5149935
1633856 741258 1769001 6855613 8893234 1430468
2339891 6235198 5119938 8170629 9023783 6144918
2124847 8926491 6245046 1700963 1660803 2131251
8386524 3204033 3572879 2819997 3411655 3546741
7977021 9255947 6519228 1429762 5764672 6880251
9717705 3169774 3187044 880613 4737722 7448210
6023160 7673145 991078 8464469 2227599 212589
7854949 125505 3013900 9066649 6673520 7268654
5453040 2778318 8216498 6494181 5205818 2138069
1577055 8813858 7329602 8222260 8878591 9637287
4911240 910129 470525 8239686 8452924 5854008
2957873 1244234 4188768 8796836 5677803 3987658
1140172 9922054 976434 3360290 4965048 3286150
532840 8910372 2582427 9250573 5976722 2986354
8663752 3223524 7963955 1048975 9303557 5923864
118607 7800899 8794554 1353790 3553229 1317470
9742063 9615262 1672581 7159891 6108775 5429285
3079886 6656203 7100515 4228840 5354008 5283764
1161635 8216765 3848809 4043452 7689419 9968218
7054860 5660667 4933407 7484171 9575934 5229400
7890053 1908898 1940676 8264904 8678228 7876903
5193103 9786382 6368825 9658963 3618226 5349786
1613568 3372949 2801596 7153141 6170686 9320518
5885838 4434912 7869516 2680191 9887340 1086792
2075054 6075154 111480 8826335 4298930 7892562
6384062 2257891 39328 6443181 9269838 4199877
3488609 4814982 7977974 9223612 9035736 5567625
8914939 1502671 4598538 8499023 2429884 4316470
7166622 9901719 9489980 5612889 1598333 5141021
7359883 5209861 2021558 853884 6189849 2603074
7765422 6366768 5487452 8476262 3274901 1360335
5310458 5170387 4103110 8601719 3664531 1355703
1342543 6662225 5399175 2301890 3765252 8384668
6488253 3576030 3645270 5795010 1659713 4397210
8402581 771173 659558 4898306 9083297 4059976
2178319 2634725 8625132 5374900 1458189 2668968
80173 438676 8227770 3238202 3188565 7259497
213359 8564903 6237187 8134276 4270345 4936107
9741846 5057993 1444609 3636889 4365630 2613819
8957804 1970412 4707055 1090241 73681 2503727
700777 412151 6087089 43134 6423399 1029806
2730571 5967642 5204036 2730207 2221717 3326575
156898 3250051 387465 6385772 5581650 3094809
8160023 268304 6500827 5723450 5156459 4025304
2615367 8541429 8269095 6011313 6417096 9487776
7961912 8989931 364994 5724042 2537425 2776413
1172407 170225 2141503 5207381 5403705 8302703
9732071 7011639 2836276 8118033 3479990 1115579
2226354 2572031 6388762 1612245 2930218 9805377
6002899 4977327 5255692 2061785 7427766 7881970
2760711 6719258 9550545 5716259 4768294 3231785
2961581 4432856 712625 7611051 5213365 5411425
953306 2952641 4864598 8198124 5991378 8144820
1189027 4497333 5061439 7153516 3784958 3845065
3099014 6349666 6059713 559617 9721142 7560098
7520721 9110622 2742458 4259533 2446670 8684447
8752157 4015812 2243344 9604491 5156452 9047134
402953 4615302 7358666 977336 658939 9977577
4940778 7804775 8985948 7110871 872757 2930433
2820530 5607194 2934299 5705480 2617244 8418627
7172071 2401963 4711713 3152527 90330 6102742
2668966 6693773 505971 6180151 9445966 1975566
5901475 1584536 9340881 6014304 6750562 9169656
6486399 2121678 5690727 6082136 5618838 1916367
8574150 409849 8237864 9812025 1439002 6839475
5750147 3046677 1398568 3824717 2432419 2754488
4335421 7250426 4524972 1255923 8308369 3965166
9471605 8760626 8358808 7010381 1209396 9288221
3589551 6806225 8856632 3764643 9219080 495566
2727899 1089935 6783125 2795345 4578376 9680480
7864878 2856941 5254770 3666495 430003 6399289
576998 2076758 9152116 6586393 1678883 9500136
4644683 5230476 3813308 1725561 6610530 6858212
3557558 1563768 9200452 8949642 6222473 4632776
7982842 1985504 3827596 903001 1096817 1342483
5971363 1540075 2672049 4844491 3391045 5451428
8710395 5805110 8330623 1959519 6433383 9132638
136104 7003158 5127342 9356496 9119959 3988604
6682257 1002338 4479405 9924913 9237787 3014608
480027 8915235 6634467 621994 5683652 8444498
2571693 9673996 979940 7809633 615029 138807
6828086 9800191 1839431 8361880 3015166 805420
8527588 1598039 5130384 67814 8813537 9219315
9505434 8626346 2865545 9838991 4220744 94479
6863078 6046450 2302288 9657440 4364463 4475809
8816960 8088401 121457 9886124 9387826 6759387
8152697 2326471 6388128 4988534 2528409 9319767
2149173 8320377 7987172 3673985 1397324 7639748
7884224 412213 101697 7415152 1116560 7057306
5578953 2732701 5453251 885461 946555 4568579
7836519 7170645 5435728 7363621 9544919 4926765
683963 8641464 2210213 8370997 1915116 6487066
2831186 4516899 6097936 3545777 7689817 5900367
2107306 3189093 4649126 4662540 1773216 3952250
4374111 1401808 6971841 3064150 4307171 6655124
1306135 7267236 1379916 1819549 7152015 5357763
3884039 4785551 8775457 3060407 2990021 2755860
5429534 9513227 8497097 3614631 4583966 6599660
959369 2033175 5042883 9552884 8778154 7757461
9919453 3173979 5397429 1483478 2989510 8143111
7954923 7619812 4334293 5555088 7064861 4647879
5107149 1011636 7364884 740172 9661738 2904266
7124909 9046899 199071 1893265 9233005 2259989
5455152 759479 6817842 372180 2104781 2273995
1612240 1753250 8489081 3622454 1900096 3978035
9960334 2400561 1796041 632345 5105483 5370209
8421567 9874446 2448365 3849217 8507482 3572329
9234776 219196 2371436 2138617 2427975 9731254
7558390 8026187 3940973 3137440 6028325 2230030
1325269 7582743 5515031 2060297 3942847 5311611
6158798 1484694 9111540 3386848 779838 7261177
1108224 6492564 3941416 4828862 3471698 9358559
9811623 1605935 2251997 3245512 1137404 1885584
9902558 9473623 9325275 8757826 6064064 3873909
37062 6822893 6372235 9566010 9307075 7522740
9855177 6361269 5931598 7136753 7690419 7022787
4460789 5847928 9439358 5110259 1030392 5935411
5789838 2729528 4554488 4582414 3325816 4422390
9978033 8079757 6445338 3629447 2157738 4469224
5986336 7400971 5420630 5237630 3349786 3956944
888941 1542214 7185488 6418676 4973684 7110429
3426960 2674870 3915516 5229209 8784723 5289476
2446226 4792299 8443230 3389863 2967988 3334536
9319420 5454647 3497077 1949845 9587976 1227318
1077401 6225730 4203531 1462374 1150417 289447
1602157 9223158 2498141 5482413 4221317 9488178
8749922 9371161 7755843 7444059 1155454 650946
506873 4748824 9295034 1155862 1183221 7365439
6025993 2596472 4432982 2086093 5918209 7895138
459867 8939095 1954237 5958169 5341275 8747953
2906898 1964586 1524452 3626068 3627052 9561564
2791334 6963812 570981 8955051 4639941 3596827
5578692 1875361 4299193 2846131 1442971 4839152
1932284 9921538 5042509 6838091 5436380 8553945
5856465 9516063 3304949 4603003 5022546 5282222
7533941 2791752 4029885 9007889 4537161 9190867
9126493 6880805 1121771 9733469 8364528 4219408
6794458 7070942 7956531 836154 6507401 4042848
3595945 7613736 7496124 7115084 4025885 5419736
3705444 6068806 6528206 2970507 7769603 4110988
6256615 8188330 1941266 5288759 1421110 1848188
9566941 6570802 7338199 5108325 3719637 4562166
3717380 2198814 1557010 823101 43633 8365438
597413 5020310 3008662 9262100 1007058 7408810
7786097 418856 8765867 8610149 5302445 8468354
2662661 6155986 9111201 7010783 3476854 176197
2278141 1505698 5649831 6108343 1269213 9936598
6704648 8487620 3894099 2933957 3397703 1827071
3862725 2882342 6025173 8162767 2373093 2749293
1102326 6994514 7181272 4532456 7502661 1002253
3082320 956792 1268356 8869845 2445663 7563650
5450964 6706597 8721959 1380813 8544959 8537934
2715606 4489070 3751096 3072063 2557452 2519437
3514711 4852140 7021152 6938795 4747423 2420102
2443181 4499893 3782893 6361908 5908457 6482340
2994924 7745685 4003037 4647577 3026022 312421
8668241 7834803 6041956 6330448 7482993 6691106
3105111 2481912 4337383 7487238 5447161 7884022
8998196 8030262 4437062 4661834 1017745 2650521
3981101 6143524 6209368 8848253 6426663 7945769
3780757 9089055 798140 2239619 8385889 799274
4534897 8068028 1463048 3438675 4403822 4722648
6477481 7184262 7369147 330046 3833684 2265511
8082719 4955943 9052732 5898870 7363712 7878194
2045277 8333089 6727939 1352516 666476 6882497
4103052 9819987 1408140 8096187 2549691 8393937
5892966 865492 4096022 3538109 2952341 7379133
6420973 5559520 3626439 9714413 8184353 3833482
5281373 3651054 2309840 3943857 765534 1470719
8893036 7881886 1725342 2919945 194341 52800
4071334 3182380 7401551 4580551 9335623 4583834
3314508 8381293 4634571 8975209 4437079 2968191
8169488 4544610 2003602 1673599 9477897 1804192
4251755 2330864 148735 2894457 6071142 7015421
4572656 159194 9054453 9937420 9203150 4667804
6668594 2973021 671150 4043222 9466775 9769960
9977581 1840422 6223896 9042604 6399904 9803060
9198911 6306163 9213975 9341648 5774369 6220924
9467117 7219437 8403989 9921150 8668190 7863477
9904064 1176876 7111238 386129 7894 9176428
5529381 3377088 9178143 9966766 2306615 1464058
2297040 4126265 5077834 2233642 1696018 7637474
5580295 5209150 5930959 345675 3695545 9764978
7801446 5231007 4384825 2833529 470303 1983712
6263815 6747443 4304830 2807673 4139157 8289898
2658721 9591451 1832528 7047468 3513223 3022816
624916 9232145 3999548 7749916 7044608 1648103
1143089 7233475 5523419 766515 4340854 3459040
1932518 9558389 7481331 7346259 2584683 4776886
4791602 2695852 2906784 7194430 3702950 5559171
7159227 9489367 9987108 6787936 9574920 2104566
5804945 8532827 1695926 2908142 9720758 4463399
5765430 51529 8186399 2736722 1690439 3236828
6460293 5497300 2406589 845790 875155 4580768
808566 5312462 7006768 7055642 2255865 817370
116032 3430486 5529194 8440376 590689 7555240
1660994 4355152 7658554 3418852 4961569 5808027
1763113 9024375 9837630 3017931 1580829 2533153
6590486 2054879 1005412 9669956 734137 8205649
3152582 6313436 8614212 5406340 5979369 4262458
5097798 8749303 6276961 878556 2792110 6290272
8934204 7325053 9460840 631159 1075727 7335287
5578273 3041440 535731 6598561 9082677 1850779
4743137 7790635 3731632 4473614 465155 200985
9811958 446075 2696349 7323545 5287794 4277252
8941028 6254654 8375782 3396096 8321054 6212265
9531065 884557 6232265 3547358 4083726 4255775
3072312 5959327 979151 3670125 4091683 7692696
7669918 6554020 7230759 6763433 663202 8188734
530825 624183 8284148 6075976 1066598 2346034
3593922 1610659 2037259 5183587 1690131 4821073
8959504 2182177 4720385 4323465 7067496 8198120
5618513 1195778 3706908 9475857 1401301 4505827
9221833 6141832 6354392 5003652 9653626 8733773
7046493 2177594 5591451 187048 2865270 7696871
7928117 3455089 9817959 3886231 9953435 2473067
2218516 7888724 4269196 6158078 4710620 1909505
2972310 3346452 9486524 9032638 1144919 9467424
4481826 1054968 9222881 3778320 6854142 4924765
5991642 8590270 1957032 3303486 8137094 9512536
9229621 8772456 9316906 7023514 6395348 3612406
8380161 1732282 1242342 1233841 7257341 3512576
236631 3063755 1431211 4444886 2031341 6307174
9247248 8013854 1032675 6124027 5705221 1810302
8473989 4149797 6600947 4893193 7894588 1363165
516034 8915030 9751630 4756660 6928457 5938164
2592599 5948796 6951104 5874118 652477 9412637
8225081 3247985 3797626 5710304 3541688 3790387
3493553 1546755 6558928 5649858 4056237 123239
8479860 3105593 3067234 7506603 8549525 2245551
7011459 3486967 3837693 9879177 717806 8342311
3760946 5479970 6135297 5493047 1852287 6082545
9356069 3373130 7361376 1620037 7898946 2457235
8012675 2763684 608108 2810560 1399640 6347833
4804236 4866175 4858792 9628390 6276799 3822863
2870929 5085995 7399271 4705553 8862659 7165510
5574944 8345903 2530178 5455315 1949358 8061717
7655089 8000506 9694468 476383 6293788 683107
2761863 6859823 5206647 609998 9493928 5785840
1637442 4200898 2087326 7489860 5074940 5851631
3483518 4132555 9203171 2312434 2622117 6766291
8683274 4650516 4510470 195866 6045093 9553042
9927057 2557359 814326 2546390 5155471 3399133
6653364 4327853 8572386 4175684 6866527 9416976
8616215 2260931 5592067 1613430 3068110 4661760
5078183 8085083 3270962 6678547 1971797 7816802
8858546 5342654 5378389 2928176 1793108 1643272
6172636 2565996 814729 5653605 682941 6936568
4971513 9091052 9045427 8688193 836495 747087
7279244 9307833 7266028 9786194 3696218 361186
1174224 7069843 1582406 9848710 5117682 7960009
6282079 3248509 585562 2997524 3687843 9812816
8020744 3725188 2534745 6929114 8003048 4300530
8602246 2962610 1577989 8655499 6641917 3977057
5616332 6389990 7248588 2523875 9399302 2663963
550773 9072351 1646436 5017203 1753952 4723265
60866 6323925 7448314 2854719 9371525 7434432
6351005 1973988 5403208 9232611 667448 7111306
8212342 350130 1304785 2965497 1183947 733608
8783196 2518724 427925 7605348 4232378 8727691
711420 3758203 3849206 7921599 2446750 4615492
8166379 3003541 1971235 7811479 6868248 1679122
6852216 5747526 3591084 4143557 2304494 4667928
8573849 6383720 5722542 137281 4311533 9049172
1359177 7585275 7888403 912828 6234006 9235227
4295339 2455517 2091547 8720622 2143299 5613322
3585225 8429405 9527238 787716 1066232 7663906
5140070 400862 3481882 9625663 6113281 5436421
7142523 4639639 214230 5759997 9031498 7848658
3005149 574139 9446670 4800033 6562422 4861474
6727088 7253551 6769535 2736008 3516140 4412730
9587575 8131593 3604227 7977762 558331 3875088
5140690 7786133 5317488 8058635 4997210 3910671
5567290 1733514 1471994 2451982 3770304 1594366
9020996 8535341 3424019 4242888 5715472 1569160
6166651 8785191 1866983 4665763 4060627 3812681
894371 2404062 6884721 9069152 38087 7981687
1832193 9164761 4081307 6339142 619307 1245365
2531170 4946514 5576928 5535999 9232743 4828908
3389480 4275106 3483246 5175168 3715011 4980798
988710 5344686 2416121 2035067 1811110 1773140
2008104 474927 3725505 1504807 7164263 2593148
7025949 6498138 1695426 3490306 619789 4605543
7513058 2681854 7916034 2178653 1711718 768957
5992231 630652 9552447 7038075 1276282 9785521
329434 5719202 8689050 1903923 8080441 4693401
5565566 9797125 7353650 2308167 4331037 144380
7519859 1026363 7782251 2983779 8510050 2734605
3133482 9899174 3655316 8877702 7662110 1033157
7064764 8810057 3632967 1647163 6042835 1180458
2220692 4970029 9198644 3939984 1175372 1445061
3904097 5122025 8417696 7002024 7924739 822663
7251893 5204891 8350816 7771654 4658793 685355
2986706 3008452 2120602 6817842 3904593 1377107
6130204 1451732 8057092 7655892 4839159 9270384
1060434 3918403 3754289 6173191 87474 9361007
945735 3579875 9850990 6337189 9079682 3388024
4316908 6131457 1974435 2832653 1625809 2457218
2682341 9293109 4151263 2947611 8660456 3034383
9059856 5402850 1065436 7821537 7809779 9723640
3387968 6248204 282866 9147312 5941590 4006336
7068373 1078701 5117416 8989808 6825919 1078917
834365 6649516 3928769 8732577 2500934 7773135
9402672 3297551 9825922 5599873 4973551 5546049
5119120 8112822 5257946 719906 7113335 4684624
8295571 3124198 5770096 127350 2949221 2831477
3105157 5169595 189866 7968098 5764279 547108
7339802 3692532 2467190 3072345 2113246 2010940
9105613 327278 2901916 3292300 8418864 4512228
9897717 7788095 1274652 4736816 4028192 7828768
8748390 6348467 3965365 432791 694237 3701721
5308821 707014 3700295 1097292 5627419 7331338
7583268 1434573 7533271 9278814 8260071 1281019
3078859 2046774 5999575 3247006 1614292 6786056
1782708 5003270 4705333 1257867 229633 5161126
1556824 8368341 1141403 2361098 9219708 9415812
6581742 6907010 2998294 8765469 7763524 1406232
8310644 8008321 4699858 5570577 5709032 6984291
6978956 618902 9528023 9993632 1657957 1981417
1829192 5501383 4734174 7179308 8650083 5690967
8996388 4050954 477381 8539169 9540468 7259078
6189935 5222170 2214864 8117459 2697072 1353061
8282725 4313390 4283250 4593343 4936361 3605971
2086197 6212130 9294238 7721041 4278910 9610730
5633102 1563191 6710383 9159985 531906 3718325
4681637 9402433 8256926 7307327 9769080 3712569
928850 9771474 8467853 7440780 9380642 486861
4769427 8861497 7921830 8174961 1710907 7344567
7698167 7235849 565022 1128203 5093110 2437952
6396729 1275346 9772043 866650 2906066 7977276
548694 7029950 4690263 8496539 3435822 3294638
3096134 975398 4544309 570680 3664492 5164886
5138118 4645417 6831488 8807376 2951614 5417413
1688899 7458140 9852284 9365816 1461817 3296057
3153302 3553433 4309323 5818974 910597 8493734
3940526 62200 6865407 490576 6892085 2350692
5796597 6272887 5425675 4627192 5078826 735509
2800257 7127486 3571356 5400135 5990085 447693
5606463 7589352 8323732 4354630 9177750 5447926
8124992 1182878 5568132 1394206 5343236 9882388
8985315 7277160 64800 6050575 6630153 3602292
8299478 4647541 7753332 4480796 3010778 6678726
9991737 7061707 2379313 9116774 6565559 4334331
9724700 7753167 7563348 3861629 212510 3321245
170002 9585896 884449 1417481 2365584 5709207
6782560 4402391 929651 5543287 5641876 7801666
670708 6749682 497332 9969064 7100656 1342543
2694360 1125667 4578574 1645005 4362892 2116043
3068612 9008217 4617319 1233801 1669506 7590068
2319039 5123685 7064650 6743555 5880572 7044257
2717843 6881997 2281957 2044125 7698236 8608387
5749074 4448450 1419831 4577647 8446066 9815876
3836998 9755636 652511 6220805 1167268 9086842
8742670 8524996 5223004 8768406 8348869 3357366
1091887 5548759 2732884 3339583 3224247 518191
737015 3927153 869109 3453075 7251220 218659
9060585 650235 3427431 5970187 5895930 9914441
696211 8490964 562151 4801442 7396802 1913869
6937556 6098233 3956416 7977808 8000884 7355576
1821253 3949437 8533127 8924591 952237 2149477
5875502 2409491 1224202 901640 3840632 4518913
8946767 383923 2504415 433852 7160220 517033
5659410 2772483 2629065 5308562 8072194 9857905
2795215 6290444 8151956 819015 6402026 7126014
6561774 2759207 5926268 3513533 1631822 3301783
1685531 135994 9697998 1277954 94684 3486438
8690238 9794571 4650332 6043237 5854675 7012879
9409454 6503704 8938013 3439383 2318397 5228401
4726510 6512690 5877242 8675221 6129375 4661792
3997520 5056487 6007465 4098188 4339865 1081424
8592644 5433233 8752101 9202631 8748320 7024226
819034 4381456 2677798 9142627 6618323 8277622
5207573 6751977 435769 1139077 1409560 9898321
8188001 3122391 440810 697867 8787022 5119131
7424540 3010310 4006618 5036206 7280433 5038197
7478972 4592050 5454706 3568907 7450593 421441
8260778 206822 7755383 1913786 2620348 7936940
2550602 5583882 9894366 7599620 3467648 9377398
4226023 2858443 3646926 6109144 5910187 1217474
640614 7894777 6646210 3632969 1778090 5738010
3017607 5782828 7101022 7639601 1663654 2026273
2822915 1638665 9301384 14327 2878298 1202738
2142937 6274214 502042 2503869 8147265 3203139
5224764 9824920 9542661 4629220 810182 4421990
1391270 1369828 8681862 4237232 2928293 9555815
3775230 4627808 8428732 2017373 8896179 6837520
835918 4911000 3920228 7868092 4776704 1828982
76013 4211696 9980144 2444188 3966206 9635973
715432 8136744 9747511 3443071 8408204 1953170
6195348 8388387 4972645 2679031 6248330 293825
3344411 8585683 8710372 9745568 6239096 8250490
2774005 125564 7378034 3664521 1667950 3236264
9282911 7356672 5048215 7713679 4553206 6598486
4441845 8947082 7403622 9045889 3521800 4791548
9808304 332159 6219603 6475561 5822025 507791
1864874 8156886 8662669 3626402 4523681 6191021
3118610 330445 7972599 1729654 9670182 3840642
2257938 7050910 6468793 6511247 4160159 1051532
6904954 8481668 3835181 8374159 8237186 7301248
2890203 4298522 5063883 3918823 9937264 5906936
2030886 6298444 4303538 6870243 1799646 3511064
4573595 5656508 2832990 8857194 4595069 4222761
8625886 2712191 9276899 3562979 6787950 6470889
8322754 3297057 6172000 5168071 9570606 7340356
6672610 3490715 9919700 1361420 736199 225159
1127137 9199786 393180 2065663 9698767 3371738
9537103 5387694 5251263 2957729 1937651 8503650
8218541 8047760 3886599 9612419 9748272 5524994
8024349 9327223 7510571 8592994 5596068 6640207
9734936 6862815 6727837 6963181 197633 8308930
3591364 3212174 4920309 2607831 7730056 5395282
3829580 6560223 3013424 5905161 4025876 1400255
1219625 5365025 1359405 7668349 6949529 1522845
3453757 7060190 3742443 4394705 3337071 1408975
2714587 2534143 3603717 3752973 2330727 2835951
6643901 2573922 5190061 6942332 9366365 8725477
3583341 5610710 317704 8491316 5782839 3188048
2511570 2119188 5301347 6110316 7373368 231043
5280802 2066586 9913286 5204991 3509424 3137443
4566487 9196658 9875102 3511333 9893244 5195913
1791564 76607 4229496 177472 9261259 1451953
6210194 4277293 5998660 2633927 4085008 1338819
1205141 4962440 1277351 554395 1883135 1217883
6107628 6604271 5160775 3372674 8472170 264140
2922665 1438909 9064497 2052617 2375845 169706
8850374 72007 5717465 5121791 6699752 5706231
8958552 2334098 2857928 3849393 9900122 3096074
4232382 2646874 7981578 8574466 3999849 8546984
1860092 4012091 7313522 8657219 7403705 3288973
35137 8418890 1604436 3965355 7254806 7822350
2387456 4157576 1901447 5828953 3783552 4013001
5621353 6083350 8262688 5571119 1595843 9549037
8359955 2258234 6704149 2064700 9140291 5825296
2282562 4348198 7439060 517513 192525 8363753
2856184 193155 2668301 2428492 5086653 8280861
4101794 4993196 5079291 5035578 1461937 5742545
1194627 8403429 8863321 3968577 2953113 7916499
284296 6288972 2416248 7764484 297264 5145470
6584824 7970436 9278598 5779140 1682793 2906607
383289 1869943 3965050 3537693 2972768 3590396
1344699 3192861 996696 9981826 1469324 6602646
4469746 3324376 796297 961603 870072 736862
6961974 8313985 1395085 9522561 233216 3903552
5947505 5091699 9895891 7522831 5843668 7116216
9002263 8322654 3310402 2172683 4652288 9591993
1777495 7656934 5430660 5272925 2623877 9760251
6919802 302469 4819648 5813602 3294738 6972887
4349172 5623220 7100363 8541736 8817166 3368808
1511521 860728 1636726 61497 7590188 7881069
3694505 3821868 7349193 3880480 979563 3146670
3292244 2297062 8672088 1204304 9184108 3213138
5306202 1689049 5690107 1634833 2602758 9930747
9083904 133903 1796960 2923004 3173658 220447
15852 460526 9505487 9941594 661161 3791559
7955266 1715997 66745 7549590 1578419 8802009
2411058 3039321 9322906 1672977 2521357 997676
8300798 3144868 6439112 3887225 3235533 7128117
7678700 9876688 8257970 1705979 977592 7456285
6084108 771501 648209 7128746 3864627 519036
3641182 3350649 1635900 4880528 3249037 7468110
3146392 7756611 110629 6888097 9223775 9563436
607840 7410927 7612545 799284 4622205 28790
3781334 6128627 7224993 2377370 2262893 784473
5533589 6249287 738404 2610460 1465482 806918
8153799 5282312 9174694 8803869 8031794 9170708
9361776 3420269 9895831 8971002 740832 5478922
7017487 790602 652912 8694533 1098138 3566665
9843740 5284824 6149295 619419 3347411 7736000
3294043 1263812 1087756 851426 9346939 6999749
6729705 535932 6291129 9303711 8734298 3941462
388742 1803971 9379132 8441837 1437508 1201935
132959 4810331 5387795 1746070 5359882 1472290
131560 6839056 5151148 7171739 2766720 6180658
4657622 7534380 1934900 1438694 5509826 6767981
8082951 8510349 4073330 2896081 2241296 204899
9187793 7713776 2056304 6711450 8305790 9294167
4187532 1401903 3847316 4947360 486460 8537080
2348204 1547972 5903930 9615466 719865 2507883
1848601 9557966 7769212 110471 4646088 1199918
2006561 8950048 6294144 2611150 358885 2927158
7128604 7236877 2569035 5182895 2558277 7646105
9415985 3420110 8533265 5856981 2984206 1364816
2333341 9710261 7047919 3397820 9090489 3961854
864051 8467484 7790484 1565447 1047479 2683330
2435687 9077321 3067688 856386 4704888 9355742
3000022 1576382 1043017 920157 7818755 3249582
5968044 7165309 8989694 8257824 199480 7299754
3974617 5991620 6573760 6404395 7777129 4935826
4151998 8608740 9859558 2332290 1747099 1891400
5136673 5563157 6189397 9885704 2747208 3480956
4578417 8559599 8715221 9177523 2856958 1407824
321799 1413184 1891506 3798336 7429775 1925180
4972159 2606226 8268004 490729 7590829 5055859
6109570 6031291 1300192 8131861 6704387 6096147
9496183 667731 9829283 9151616 5783483 2255597
7060184 6082340 4418100 5508738 3679407 1639881
8584533 4797094 3134661 5165935 6082595 6363944
3044320 353662 1178965 7934378 7360131 9140872
3623396 4645944 7972327 1133538 3776134 6715916
2180763 6446555 1855211 2619073 9681339 2189226
1578541 1170182 5629700 9635908 6738151 1347435
7507079 9463421 8926819 6628122 1906196 2793735
1921197 943634 9948696 4936247 5087541 6350725
4917182 1561805 3307600 688410 5528220 1137539
4283270 5926646 2306205 7702184 3327975 7232851
9784670 5965459 5115754 945435 3587394 4912413
734244 3408411 3615510 9831529 427298 7896709
214053 6995274 2739748 5178592 9212340 2832500
6767220 7244515 1359014 5504485 7701891 8119533
8881625 890130 5641962 4492161 5352638 811505
9041230 9804894 6135446 1693967 6843451 5940736
7677981 975762 7356239 5036282 4202003 1679129
2735215 5085653 1134507 5410890 474357 8532946
8397790 9104677 6714305 9473705 934964 6083459
5873837 4280185 8263568 6996221 2063809 2697264
9270450 6242082 8055773 2804004 790299 622403
1761263 8520086 151822 6799012 7500611 8236578
5476260 1730937 3042512 9679885 2769269 2616238
6985026 3470735 415772 7109016 6094370 6247960
4097199 9567524 8869930 51986 5820129 2563266
7677167 681760 8911952 4658974 5765832 7959920
3623355 9931210 4295353 512103 3649626 1954271
8381123 1598778 1604066 8477727 3997444 9204027
3040947 6193952 1510915 5647330 11194 8593074
2281492 2161434 147711 1807813 8706805 1222774
1752473 1709276 2699956 7588555 9121844 6818850
9324625 817285 5965105 5082591 6056529 2838059
8320884 6472923 9821108 8461501 8727892 4495592
4643893 5619471 5570079 9665902 7011039 9626177
1052351 2029837 670565 318878 2377482 3604397
7812208 1815542 1224405 3072578 8759629 1940349
9254315 792568 2476934 4785215 9153102 3180159
3238922 7958355 137422 8672856 7326445 3538270
8771965 3819990 3433541 5652119 7163919 3087333
5652695 2086570 4698237 3073778 6536204 7092006
6148285 9005746 8439802 2360707 7270382 4240987
1613654 5248306 7713294 7880758 9207185 7935324
2018657 9858677 6466369 2389920 6426980 9052683
9488754 2379495 4703391 7132294 1546912 8557492
170855 2160089 4651622 8137071 7419883 6673058
7242112 6180536 4256364 5384927 8636930 147355
4740356 878214 687973 5896435 7059201 2078139
5824976 891207 4612804 5498217 3633461 7305242
6620964 3262774 5659590 5645554 3585023 4156708
2388615 9015990 7458833 9882310 2189851 5110293
9589365 3476582 7828422 1040235 638646 3026649
3678960 6633730 1221746 6319013 7649564 5548766
8364709 3592319 5320293 2625251 1307317 655705
3944687 4672638 8526627 7346380 1516106 4157108
1013468 1596558 2595512 99655 2996312 9620939
2688521 4858045 8688363 5577680 6307069 3582619
4249717 4784741 252561 1586155 1819257 6999731
6083495 301951 5613210 110823 7280844 9992703
8836415 9763363 7708672 6803128 5937623 7517213
6583665 2242985 1960475 3671313 26767 9042087
431137 3579304 3637417 1600806 3630491 2791518
6860402 2787029 7285250 1737674 8375534 6522576
403143 2358531 2853381 1526895 1262884 1214155
8543898 902644 4315714 2602808 1263239 3232949
1912267 5885393 8920422 1171150 8994014 4064084
1622143 578403 4757973 1210473 1155018 8239952
3362314 4482688 6671460 2821691 3250421 4493814
2707453 7098741 1387828 1186096 6399985 3579091
4663832 5056769 980100 746320 5127415 9124123
4726373 7828328 2316065 404467 9688539 7745098
3871096 5689252 3793014 3221165 115530 7797131
1764603 9192669 1203513 4613428 8164581 6780196
4542695 5722207 7652223 9821899 9895354 4164498
1845120 726171 9485407 5341330 6507318 3937245
3083984 875822 5450988 5633850 6484100 3326689
5923887 2957846 4794148 8926361 8950595 7561168
700799 9486288 6983210 3590697 9421493 7207315
2375577 50403 6892188 4199904 6203625 9405207
1471899 4904474 7932973 8151566 8559347 8962368
8259690 8529765 9181934 9855769 137180 9239708
2346143 6130752 2708569 7876824 8689541 5206735
1986047 5616333 6771612 91054 9121100 409066
7181288 8254423 1304678 2278091 2965753 6456914
7045057 8884080 4672197 6045780 4161950 1579626
5393716 7772320 4398499 5831779 666671 420829
8379234 845029 9349107 7743502 1244553 3290740
4498746 4498753 1360862 1685452 2213856 587291
2633595 1380845 5783373 7523907 970278 304923
7657690 5981598 5564012 2725019 2810712 1253100
4567510 6300362 1968802 1128943 2483108 917220
808235 6154267 4949661 6350782 1711820 8276070
1059958 9437785 7009869 8013937 7779345 8466999
5096052 5359604 6670223 4084905 3412184 2781105
5796252 7869808 6802041 4093575 8174089 4685072
4856816 5654214 8034317 8096007 3175991 4944190
1321938 3369803 2015645 443641 877217 6059589
5637630 6282812 9669025 7507303 6463948 1532492
3295053 9643753 8202253 7097013 7628966 7451108
4582876 482605 2888177 9187696 5332691 4613299
4115179 6714660 7980178 264588 1493966 6057605
241753 2963951 6261794 2065679 6691999 4409542
6451354 4652411 4482387 610634 8447275 7129372
3112079 8288948 1405859 5269548 798522 8530336
6482819 7759803 8025248 583208 3513130 2693385
2056012 2134241 8037112 7402345 6328461 4162557
8079410 5373041 4788846 3611419 7265550 3499997
5270698 1229374 2951753 3792710 645658 2976555
2968721 3972242 2035330 5758805 6075616 7043742
3207439 8845630 5916137 9449842 3781769 3734162
8032357 9658544 9450820 3568408 9666 4557757
6372430 9049008 8323949 319830 2531223 3074234
2340525 9500660 1023398 7905862 9998850 9569147
5578582 2690108 7114144 5048692 7614487 9540888
658055 6297207 6058624 993369 4194906 7482831
8246419 8629568 1591271 1054684 5579062 7607005
4049176 1702289 1219708 8393996 7420280 1596650
4652605 2648891 1441018 8961095 3418280 6574956
6020343 5301577 8846780 6346989 3871260 1091660
6620017 2983664 2044057 9909932 2910353 3712459
8499133 5379060 4854101 841118 2073410 3901655
1482962 1285841 3921597 3416393 3856685 8296561
8349439 7184585 5269828 5517493 396087 4965595
8099869 1696959 2878926 9483667 4973025 8893329
8636051 1899429 4758308 499611 4434666 2595397
5562947 4139243 8791935 7507249 9894863 2041219
6742549 3811486 575480 7539362 7478133 2132439
2653359 2603950 1444891 550218 7997550 6686674
5821832 1102523 2587576 7078461 1810063 1213393
833532 9015465 406035 5960772 2205067 173981
9143347 983351 6851174 1326199 7853445 9717441
9504625 842190 7289722 3228608 8774944 6584600
4390115 560507 4218826 746487 6830308 2369074
7448437 8085832 3901879 8071634 4677778 3332142
7821 8484485 2329180 7578541 6673716 879397
1635184 781776 1606419 401499 8396015 6494782
5281264 1327159 4750504 1727449 1045593 7155359
9396951 2593224 2327578 6002976 2688346 1249556
6994567 87044 2185156 8036960 8512334 4119234
6272102 1071713 6305572 3519031 1318378 9368960
7388261 1926083 4168474 6410325 1593423 7993168
4978181 3988615 2164491 7724043 5465222 5503149
7618570 5720987 7040239 6746519 8674682 2084554
1004563 4004844 5796138 1079624 583974 6586671
8694240 3598224 2269441 7487184 4129397 7324301
189209 1762233 8780 5381544 4339188 9119509
2986885 2986625 999800 4334410 1024795 8699731
9085064 9270524 4621822 6682007 418389 2791346
7078995 9525582 2397030 4221018 2514467 7313534
3572821 6308636 1342109 7581802 7716084 7995198
5723726 7490996 9859218 4840190 7534833 3702989
5494369 2237025 1381799 7920730 3759634 5688056
1084753 6670153 2980049 7096407 1994560 1313450
1964849 2012233 3179834 9478095 408189 4603814
4927270 5968191 9247765 2695246 1808722 8030552
7777399 5405083 5270541 3004602 8610684 3533798
8840512 4244873 1735690 918833 1187638 8181364
1409547 9158265 5765948 6708973 3136264 5844314
4333484 6476414 4314076 28659 5616953 5703850
4815363 6245631 7082807 5255403 9912919 1566641
4455223 2799122 428302 3351246 143330 8354551
417515 8080151 8059468 9446251 8255894 7749686
9577759 1046015 824595 4998470 8068547 1249923
8837866 8218297 2831927 3403450 8361762 5332308
3716476 7748740 9788129 9566690 8189238 2365053
6450990 3585109 4331954 169048 6463609 8388515
7753061 8058301 9014934 7411396 6291458 5056113
7784846 4887232 8220519 6564389 450899 4570937
4879255 9816893 8177084 5832883 6417536 1694622
8734714 1051773 4437360 5095993 9634770 2394590
8566421 850824 9890912 5694415 2995260 4670785
3417731 9408711 4582406 2436079 7245408 10246
2234989 1426470 1926838 7775813 5618604 3474529
7111789 7152086 7297840 5217192 4687435 8372344
4187969 618107 7167572 2637332 1434333 5411836
3951155 2657068 8423530 6620344 8844975 5440633
5165201 2090430 1891972 3549733 3146658 1042188
9988530 2443175 2571484 8166838 3597894 4991066
9767783 958901 5433168 962831 7984203 2482684
5096749 3349228 6163389 1518567 1506446 2377153
7503213 780399 7974377 9170570 8484924 4588340
1586715 5614644 2581494 6486204 2610612 3528173
1582556 3562056 4005427 6255651 5228661 2244259
5800860 6021131 7020212 2176506 2869548 475432
9978667 2988324 4672864 5940845 1523595 5495746
9277244 3646633 583984 9514819 6046519 2366258
3067811 817960 3958250 7983144 6580122 7983250
2409571 3281578 8348289 1904995 9380274 4422147
8477256 8841098 8120566 3919129 5717707 5485315
5356940 5326707 7910850 7498945 9191903 5496600
9915476 5645869 4091048 7085748 7208960 8963978
2944189 2067737 7515537 1639168 3187840 4410701
8286008 7817715 9441008 9036962 9766934 9587969
2127143 8073672 3608049 250717 7463589 2682497
7375179 5358114 7928925 5098669 4157878 719812
4455407 5568866 1626057 8461650 8067667 934252
3892201 5323822 6072618 9384310 8960805 7312536
6906609 6838087 5653257 3709865 5633120 7899991
6044306 6319978 5559772 8322881 5371801 1118230
1888550 9664759 8182280 1408551 9710568 1850846
1035053 7845520 7909858 6795724 7183761 7618973
2784644 9824358 9750047 8506755 5144760 4443112
3515351 2742833 9112866 6295513 3344107 625501
7029239 3665314 9724993 28933 9054362 7837900
5160040 6132526 197064 507826 6573100 8402908
2751972 2483649 5613253 4221771 8349257 1115285
9402678 110885 9654326 8034284 925220 5808762
8149943 7537550 1175217 1116659 4807529 2628968
2005364 5593037 6320652 7556779 4379312 6045254
2125852 1006119 8791157 71957 1635684 1051234
7421909 2276818 3251257 1347139 5754783 2661111
8829858 9293579 4393576 7997581 6892835 3233221
971174 8994954 2740094 3916230 1878989 1516811
6662683 4043380 1324996 7568096 8502461 980063
2082256 5195192 8104336 9567999 2095918 7343137
2324127 9330720 8475201 8603092 612375 8648401
2557504 6802804 1782766 8514105 2286801 5513950
8235392 4007783 8700201 3087430 6585604 5384357
3305160 8209622 9127129 7274346 3409273 7592303
9726238 9853813 3774356 2271194 9264883 559590
4556774 9261859 7197660 7050438 5673453 7562114
4758020 2368082 8382579 4091692 1358725 5076185
9734044 8148578 1756578 5811046 9332703 4494678
2279861 8994825 8609588 2719978 6262839 3886296
8216008 5049781 5921446 882897 8876854 758561
4874045 286310 7537921 1223176 3957330 3024942
8316289 1184954 8334329 1138087 8329410 4217522
7001777 9213467 6850896 4050944 7540301 5260695
5835724 3915191 521109 9279678 9991333 270057
1950002 1836795 2999020 3311364 8834430 623671
1640668 3875122 3491228 7624017 9217647 1072415
7538263 8510868 4191247 8731636 7494757 8147749
6160348 1141774 665415 4392066 5718201 7049371
7035400 4165063 7509480 660750 5047173 4961662
237452 5594366 294976 7267864 9273173 2120534
25922 5004924 2350524 7710658 9497418 4454288
726293 9377759 9995820 5778480 6512680 9029432
1069448 7104088 6420434 2373360 3119329 8849559
9604641 7557936 6118594 5949648 6275963 4669366
3114191 979917 8827949 8529566 7386565 3623280
777438 270399 9237695 2070712 8705713 2489832
5797224 8449690 1644355 6211127 3665772 6340441
7053550 1256919 7652383 8480048 9591302 7943084
8541228 7864091 2475037 1445417 7663222 1715237
6001940 4076273 8728960 7681158 4596466 8517500
5626339 2196727 1991194 6372539 5001042 6242281
9791736 8998735 8398374 3930602 6576135 4669638
7205203 3393514 3892163 9778153 8896097 5019044
7016982 4634143 1388615 884864 9988337 9522473
1148242 9332021 2607176 7522458 6068772 4629440
3760871 8116066 3853223 3126854 584788 1469045
4349246 681011 6255876 1410101 8688311 592566
9544710 4610626 1287956 7805399 4240213 4269708
7823073 6223786 5180175 3709916 664175 9962323
7128885 4741474 2208389 2468720 5224297 5669021
3635104 2269278 2929963 3768934 169730 8460068
816414 4078349 2808726 2423117 5428906 8215086
8763167 5606880 5945832 796048 1340153 5377711
8234517 3342843 5091807 8337467 9699384 9844986
9449264 50955 7451891 3890900 5997969 5843313
9260656 1880526 5456714 586855 7774996 6419032
7662603 5775776 4440895 2827887 6988984 161864
1460982 5399955 794879 6965089 4946748 5057294
4016491 6332836 3401321 6830677 4234202 1881453
577213 5297637 2569893 3084977 4319669 118775
1008177 6925514 8080379 6965412 3162461 3548380
2758372 8176311 7831883 9526799 3133445 5564377
936816 5406630 6353859 4929943 6876485 4299429
9050106 2484175 5104206 2394597 9874409 9665133
2441992 2429978 7646323 3575260 9642 2477359
3849138 4577626 1456106 4322119 1819709 63470
2081484 4495569 2237493 7246499 4206716 6770436
7225410 4489692 3199391 7836943 5893861 8827572
5527593 5647269 8421151 8270464 4034870 1835494
5014569 8613580 7051105 8415246 4523420 732483
5902056 9183111 8166669 5354523 5677660 8555818
4108271 6614696 3586920 6290389 2848459 2380915
2061935 1803607 8277458 8333769 5169186 5384717
6465741 4605048 6536117 8818751 8047667 4362372
4056208 5578674 542755 9620611 9307550 3206129
3012365 3666237 9972148 1505010 1344442 5023605
8603767 1870886 8812031 4643572 3728671 9279164
5240651 9237204 2798810 6040235 6208529 2231262
3558036 6680799 3444393 1666388 1949504 9918372
4196365 7083305 1135444 3804296 1298315 98986
8013062 4487660 7307145 380790 3278024 9182221
2408767 556924 459165 3253853 9730002 3298299
6572685 1822169 876376 7256953 3578099 8810462
1563562 8015972 9370144 8311493 6062574 2626751
9761735 1345977 1716733 53776 7308644 4261137
3888160 4799471 572570 8713045 6630509 9241011
1972019 4859861 5959180 3616589 3631468 5651604
1772097 304183 6950797 146094 5093702 127334
9041995 6939412 3505205 2324981 2240733 3282342
728841 9701569 8425085 4680393 619055 1932047
7465487 2354990 3248279 6198028 9365692 4930530
2725728 7859640 5191660 1635364 5284934 8718238
2851282 7946973 4384504 3718539 6539395 5758391
5675954 9615641 6252274 1589398 1011781 369232
755931 1563178 2558737 7290228 7984203 6928939
815926 7291625 4240805 4027133 6151101 1276478
2403325 5574069 938491 2020266 7420365 7234061
4935674 7406630 1654478 4786967 9473699 4293760
8897838 7010302 3162174 2666694 9004439 1003413
5679772 5876089 1343208 2879047 5442096 7802513
2371793 5435500 9875437 8262720 819438 7993308
4477432 8824148 1795871 3108025 1315214 965326
4819900 3655687 2195276 9018212 6653723 3605151
8714753 5968964 2089478 8264976 8392389 973901
3766765 8149232 8287185 3237392 8347360 275011
9933269 9524277 131972 3135977 9648473 1984864
7358624 6672953 6587192 3661169 309534 649551
2497888 5789813 5695087 2196848 7846793 5348752
8808136 6661560 9222365 7738057 4164293 9473132
5713034 4106816 7043111 8901536 4495955 2670205
9706123 1240040 476788 1520859 3174755 1790936
833353 1683922 4007214 210412 1659587 9980770
7017958 5053584 5659429 1439927 5767087 2602576
5278813 1569916 302438 2938432 4429255 1685800
1052646 2195212 5359984 658839 7422942 5541656
4941752 8457088 2176997 3916986 3955045 9069494
172762 977029 2615057 3904150 1363494 6162871
1341538 8597724 5001972 9241595 720098 9110708
3813703 4273107 8339728 4440535 3622722 2926039
2367766 6767691 6810784 8790987 468213 979543
6430952 174513 4260980 8465557 5268659 3202499
7803772 3100972 1098538 6589934 1267164 4790058
9987518 1374663 206422 4139567 1596894 5831531
6683828 1811051 1475113 6249275 6845136 3149835
7201927 501217 4834366 9250958 1549219 7187354
2258710 1381775 508815 1635514 7473198 1188980
1901890 2875981 3329064 1799472 1437822 7619126
8012169 7223768 3005942 3549670 4453016 2248058
2719616 8228199 5170796 979253 2107159 8657161
9504429 181676 3329377 1111144 1263629 4767442
8368133 8552814 1551752 3911184 4331224 9885389
4281242 8352004 3901465 9017441 2237676 8720913
2502466 4884355 373229 3855987 8237105 9621368
143893 3652257 6048200 2586307 6531341 3321020
2016558 1279456 9274616 1851653 2131084 7291521
7859603 790746 1612351 8561622 3431339 2885008
6067373 4100985 2892543 3120552 9268427 6101011
8346593 3702175 5990522 6449883 8476786 7222803
8283932 5648441 1944570 3708009 967251 7611372
8719241 5781826 2021472 8230732 1894626 3051767
610773 2429588 6220919 6609943 1157838 1446930
7108561 3940844 1453016 7488221 7788614 4136119
6728824 7023340 4383829 9947188 4239713 2829166
7330497 5566674 2802670 2051813 3567721 6482643
5346950 4151594 9823494 4000979 9842380 7649513
863535 7836640 2206359 9840775 2509779 6838838
9880092 1736649 2544337 4543592 9341321 4535941
5769786 795711 7859827 7808450 6979184 3943911
3227542 8772053 1542112 9192306 900235 6327951
249097 8558960 8861867 9738276 1262993 7006244
1623435 3107582 4098464 3803503 6624685 9951973
1929760 6888048 4513560 7544990 67096 2503063
284828 2786904 6225353 8266728 6282026 2772009
8622815 7538499 7172409 5879583 773436 1070327
6107400 1671228 6936405 5878408 9591678 3950819
7976971 141815 473656 5538093 2920157 6233739
437477 1966283 4171026 7907854 5878690 91135
9430350 5682551 8704956 9039049 8907477 8113330
102598 1982369 2276933 6089858 1115460 3724493
9833834 5743851 2334145 3028137 7696103 4953456
3015567 6051352 7296370 562741 9568019 9925280
2029406 4746735 9866747 9991614 7829250 4315743
8600983 714960 1659809 7081273 6449233 5090884
2365370 7068351 2763751 8823074 5775810 7609308
1673886 1887113 9026355 6749163 5704258 7176305
3899593 7409340 4270179 9217569 4892287 9827338
2794765 8867609 6114532 8779676 7009642 4160742
8246583 110984 4153118 7961190 7488874 400499
2064683 2752561 9294618 7243260 662766 627752
2189705 4192492 275542 9687061 8888855 7680906
898925 5280243 9042477 2690442 6092020 419910
45563 9383413 5822673 1832470 4286508 7581623
8976352 3585694 58708 8603009 576491 5664826
3456190 3712696 4398238 8625855 4684479 2951696
7881686 6656332 6746573 3642427 7027864 699794
9551796 3107703 9978754 8433626 7880750 1729399
5118264 5556140 4018963 3733207 7915626 8105460
4577826 232212 8466053 1712994 8266908 7077072
569043 3586696 3616000 4610716 6230871 5176158
3282667 2273070 595763 6090780 4808756 9435688
3673337 6403135 2355549 5122879 2280674 1178804
7602869 542725 5704943 8329309 3484744 5020351
1645862 9722982 5797069 6292777 4048029 4452266
4485643 6168691 8389424 9669500 3073384 3441167
7083794 4941080 6876832 4802595 5150959 5607680
1133635 9027483 747384 4583275 59870 1512490
5749911 9454946 7951538 7287248 4110125 7724182
1372129 2239734 101951 8595649 2964853 6507888
9379089 6989889 8225041 6143496 1605137 8640064
1046263 4003836 3329751 8914381 8039085 7339594
4301972 2800274 5391766 97262 7195673 4457260
4272966 7062587 9663111 4284578 542866 4593082
6500728 7198394 2058566 665241 8297370 833649
3339216 8488144 1976226 368943 5423505 8161069
7382639 4990138 7422345 2107320 3537011 6056034
8182738 6835529 1415861 611944 2985276 1309851
2332415 1274866 5044060 5644690 4322682 5902265
6844776 5094510 6447023 3631959 9642768 4406743
6581498 381022 5706465 2496101 5575165 9550940
5363367 3933028 7376768 7230697 2714623 2205535
7034915 2165646 3525576 3607077 6101840 3707336
3177220 5888784 4213117 748714 8332826 7022503
5789589 7694525 4165462 6073961 3524166 328995
1714046 3750680 5347369 3015602 5525821 3155988
349568 5686636 1260364 1864921 5248576 9052248
3933082 5101718 8560243 2838525 8609775 2157036
2376688 3237699 8992670 2739686 454738 3753984
193625 5832783 2048196 8683962 6706512 7880639
5385478 9289405 408861 7047772 5516650 8963943
6858165 4019312 6639825 369587 3257509 415203
2446971 1312298 640207 5160869 6815632 3231107
8462260 2951063 9084750 2008426 3697272 286467
1336325 8974359 3295941 1593385 2821976 9693037
1107792 1665605 8980124 3379725 6479443 5959170
8643386 6885309 9585067 9596300 5980360 4590463
5517210 2007101 9980190 8577466 292714 9142440
3113777 5032756 9017151 8817088 221701 3755449
8795889 3377051 5592133 122394 5711447 6542291
5668001 5264780 1197335 6946787 9261795 1591903
1435079 9067246 4832854 4681036 6517482 9930322
3646040 8865960 6970703 4494287 6491215 1690171
306277 2758858 8681644 4153501 8479607 7789219
675886 2290704 1443903 5224674 4583835 3102391
367037 8520992 1173862 3042776 3928298 715580
3393127 8570423 2745306 8388286 7142387 1225468
4309585 8432741 8515274 9086829 5171048 1355741
6784745 4301602 6885836 3901962 9816117 2952589
7860646 1514500 6785172 3408115 6270900 6971090
147999 6210404 4483410 1730463 4313998 7996489
8756459 603263 4937661 6255123 1101159 7920791
8944865 1917990 5616470 7456176 9843916 46866
9273945 1589057 7119656 88162 8439929 282233
6216555 6465075 8704875 8221272 5182130 2413797
3930407 9985011 2299522 5774215 8240287 931983
6742057 2579121 4118742 518784 330369 4567784
6418079 529622 3200442 8965044 4957097 7898126
7336118 404469 1670584 6738305 4134170 4681843
9851434 59837 7770475 4201177 5513907 7848923
9291614 535187 5421133 2523864 2324715 1116148
5621268 3170649 3677702 4684487 714119 7264794
5928124 8755160 1258688 2551871 3670082 7910306
7081790 7251510 1507977 806748 885154 4777661
743213 7192101 5850840 7617679 5922781 8180449
3161508 2540879 7065214 6269818 1227170 9795182
9146651 3894215 8204907 2084294 3343776 1786447
4220423 2651630 9690349 4405790 810181 5379009
3423155 7299562 6389755 9860168 7119386 8262397
6340945 8484865 9650032 643472 1780650 5132613
5265307 8003589 7247868 5497252 1522979 8173239
199580 9658305 7527990 1463505 3405220 9775866
9705399 4997496 3907734 9721530 6586324 8233523
5087311 6337423 6381920 471831 4194524 8623218
1790694 3301339 5421492 8802816 9928872 2742305
145149 8503178 2113565 3072293 6818986 5340186
4538579 8723170 1128651 1517109 4206209 1151875
7851019 1959649 3894342 6613889 154768 2121890
4354662 6619415 1898540 1416509 5556160 5443227
8750692 4793476 3809065 8624650 3706558 8221639
2751747 1396763 9729433 4785684 1318356 4902041
7662301 6633105 8178510 8567547 5182950 7863153
7104871 3570201 2131213 5230044 2620811 2234874
4728875 5176805 3146571 3299602 4448153 3309456
843764 8728640 2947017 6670338 4321601 2025510
1531121 5913929 5016612 2907012 8765362 2809446
1422442 3065334 641293 8992300 8951587 3521663
3943379 5787115 1436464 4035386 4311637 1985959
3312013 3520648 2172664 1574190 3895774 8529752
5075068 9452144 6948609 6419977 3941920 2589716
1955023 991963 2311504 6152999 7036425 9269021
2846541 4197859 4804839 9321766 3807602 9555477
1593581 5736574 6225217 9624907 9356222 8661038
1872991 6808377 4417002 961058 3358324 800952
9852846 9956931 2018154 6486860 7831943 9313218
5860837 5002465 9123413 8051576 7037277 7959624
1210158 7790380 8750689 2167443 1188845 113778
7181120 3990246 9713045 2617186 9980608 8159199
2304534 5450160 95921 8287570 4546985 7133543
8172713 993964 7633638 1510551 6300153 7079494
7250867 6359681 6365915 5491620 3460929 8805137
432063 3542005 8699297 8265592 8414749 1565842
9910348 9705548 5619531 4303224 3779938 9368077
1087907 7235659 9976323 3858954 4182325 2381783
9217297 7573266 455479 1989870 9878862 6043312
325986 9699607 1490226 1671195 4916576 4829164
3747862 1689499 529317 907907 2185123 6438603
9459902 4038942 7035411 8530078 8377221 4841436
1514011 3869489 7214026 8265561 422644 9064494
7103171 3391912 2177355 3984132 6274323 5887662
8349658 8442192 3663142 2655985 7939606 8715141
75616 8239153 4788972 790367 555361 2090438
8838759 179999 5050535 3537719 4399052 143383
5346372 687218 9196044 5614042 475859 6009373
8829285 2060425 9276962 2425732 4568024 1524663
2651808 9763730 5415175 4641655 2558249 3742931
2775461 6803917 6099335 8320269 8454462 138068
52464 723643 3314127 5123587 9426801 242645
4013958 3565451 8992859 2033972 8637759 5587104
6691617 2735615 7966332 7653769 3826699 5879181
9438179 7649884 3671128 3264308 8138558 791631
6675263 4197104 7621749 1307604 762258 7595135
4044047 7026102 2232756 9057976 5561577 9752215
2695245 3705698 2633623 9034317 8411773 1002573
2531804 617835 1125970 9828070 7950037 9822634
5776598 5121692 2977217 220154 8882090 804577
6466940 6788156 2585085 2522496 8448324 5229696
2620895 2706354 2803193 1397723 7989925 1611657
3354348 7633641 7174037 8214117 4958523 121001
3245557 403861 9238110 2668555 732503 7520723
9665660 6847192 6247067 7799114 5531006 5640566
4617918 3823893 8144012 1428178 2591035 8773421
7167130 172749 5257373 7403927 6413421 5705419
8199380 1134080 2627910 9514313 6473722 316396
2648596 7562481 163168 2856216 6974596 8478228
1566467 3798385 6055652 5064362 2856835 1601132
8982629 4821780 7175347 7162626 6779805 4166032
3467644 1926169 5042605 8400615 1046986 4785774
4863627 5841630 3990439 3532691 4469175 9598423
4892812 151346 373469 5930671 5150518 7968525
5477397 1761701 6849296 9665783 9861711 8792650
2717769 2102768 7315913 3656241 8421297 1591641
8530071 1036753 4354274 8461878 6046668 4547552
5273790 4247981 6515494 5377394 7992588 1132965
4487789 8033775 9329210 6457229 171549 2705488
1227662 3051958 9671262 9206822 1685229 5018104
7316735 3801861 2064458 6249955 5682846 8944218
7469861 1207386 7420332 2398798 5002619 3432421
5244148 6430934 4104678 5825917 656880 902536
1453030 100003 3769112 5716330 5177994 1827935
9463440 6260540 1931218 4610424 2428578 5369339
1920378 9323249 9351523 9336170 1145142 2244807
2483094 9023834 8565134 7571275 7907533 6785202
3712633 2088990 3031156 5896788 1213080 3740614
8600810 5401745 2395077 8768725 7753791 1585226
1248991 1600404 8623867 236522 6786514 9422306
7012999 2859436 8778808 2050992 478420 5679369
4080898 5907977 5285792 1859871 3342822 1633045
2337402 3881755 2192470 6983910 2003697 3089003
8796779 3566652 5047459 8190604 6009613 7026832
2974262 3151652 1569458 7766297 8087179 9544738
3620939 2246571 2237320 9142828 558275 5048096
8006393 1661640 1610570 7351786 1815889 5305103
8454822 6740939 2058923 762031 6431323 3872036
9392756 4265080 9596706 5534863 1439742 3219862
4374846 8822395 6849823 1751976 9076729 7326767
4109911 6314600 7820797 5741053 8238931 1096250
9395725 3194573 3323479 7144373 8977517 342056
1478433 1444993 1750762 9742356 9735781 9268674
4967909 2212231 6720328 7697422 8373541 3822099
9948031 8086076 806829 9017457 4767981 1735880
8198273 6254417 2584911 4283802 3241875 5501289
7484305 2713769 8502007 962672 1366305 3236749
548557 2248382 5287562 9254650 4056429 9994749
1469100 4632490 9086614 7581148 6784066 6864498
606438 6412488 7941059 3998697 5793021 152855
289421 378268 8426592 1587599 8946100 2723099
7757145 7194631 8203118 6249473 2258050 7022012
766667 4005237 845926 3483579 7148865 6125159
8534536 693381 4029646 812079 7548356 135491
2649265 617124 9470350 5720412 3677363 6829386
7560229 3485607 6920747 8349152 673250 988036
4810157 8960957 3302281 2564463 1497504 6861798
1791630 5219627 2374439 2064602 6814481 2778829
6018572 7122859 9263623 1815900 5464161 5099640
6123209 9477342 2829911 8291101 8938333 8328976
3252748 2036732 3517267 1373732 8689243 8772442
101265 2417514 3331986 9857889 8673422 8187907
2822877 5970073 9195876 7167847 9020448 2328729
7761051 584663 3802643 6691521 9701840 6554503
7565762 5744329 8021446 1821107 2225942 1195908
8158124 6519055 22624 4973304 9311714 9460772
3344530 417898 6530384 3601996 1963337 4396966
9446842 6160683 8449437 1075716 8993022 9494087
5903763 8955361 456893 501182 530049 8353669
4526333 6561227 2334892 6962764 3807969 2944914
750996 8280157 191572 2136078 1699764 2154366
8165282 7849573 6658358 9735104 3823316 8602549
5798345 4159054 8621326 9405676 7244678 3541156
8105066 6490046 6751306 8527359 5917343 3270580
739014 7656941 5989006 1668954 446971 2750487
7125879 6381766 6609929 3585469 2851000 3683179
4205394 7310764 4460918 6295071 2910433 1143449
2835728 6168659 5132045 1854343 4702837 6370994
9732343 5120656 9316548 8793735 8857698 7317922
6193607 2223637 2362814 6920991 1397063 4042822
6165359 6496328 7402601 3907871 2609224 7441550
1992620 2212875 1308054 4938147 5200282 9933914
9080238 1809994 3579613 5607857 5691630 9748683
8138535 8884671 2954104 9618011 1936611 5326314
3433939 8332143 7524068 9292006 7391861 627363
1320364 7284402 5913700 418095 129711 6414105
3740847 8927857 3559434 7690495 9861722 2489962
5062940 4794195 9920374 9382634 9713497 7047703
3738309 585750 6532007 2614130 8782455 2512391
1088718 6547348 4559716 2076287 473932 4277081
9917481 2700614 4821013 680691 3617783 7915879
4020213 8662142 1680282 7165508 1867009 6763772
6189249 448040 9022949 464142 4555071 7142415
5405939 4051304 8618645 476364 5553696 6806110
4095355 8706233 8501947 3401309 9329377 3582363
1854388 1664560 8453925 9282352 7773013 7161108
7668948 4382248 1176412 2004495 5362420 1051355
5367420 6572801 8718741 9768234 6424881 8334415
3489442 624576 1992277 7417300 6670347 6422627
5658435 9441116 7146917 8014902 6585335 4911549
9413932 618904 9332764 8097919 5311119 202448
8309847 6906896 2675027 1861840 2795193 172822
5966003 3401443 8688884 7567290 5108944 8980895
8087369 4327121 2281351 167531 9911866 8704801
1590086 4437087 4994212 2031298 3623917 8331896
14190 9654045 7796912 6264862 2590563 4743516
1718590 7269501 1261681 8516292 1458387 9517985
5659388 1627601 7829382 1819454 1451297 3268903
7733743 8091145 4332172 8166022 9927533 2258214
2630198 9246400 707038 627963 6507832 874032
5208236 6278548 3282979 4343130 1847650 3141148
2375909 9701140 810880 3945368 5848699 7839442
7719214 9571076 2868733 2763366 4508143 8284264
875419 9770631 2985790 1725308 4297554 5532771
3999723 1848168 9726511 5538698 3634664 3344163
4036477 1090627 761668 387648 3308056 5179838
6235006 1316257 9779951 4688233 9443544 1750156
2458023 3788375 2242445 6492730 446807 356456
9389480 9866831 4738256 2422773 9752543 6737200
7888242 3482927 1980994 7750207 343407 9999481
3414636 6837211 6066476 7466717 9908890 4758072
7077773 7331565 6263020 7688894 6528359 3191886
8504312 6187185 327087 1235633 9267285 509179
3290326 7506993 1401360 9370054 6149217 3767832
8605906 1613703 1338083 4024468 2499406 9825128
3198844 8484798 972850 9780469 1273596 2606333
5683680 4991306 3879484 7484373 9414956 3115242
4093436 1700586 3338472 1546369 3918461 3565357
6410113 6652608 4215642 1471814 4459881 2836414
8598121 4044582 687993 2298643 8860810 8295186
3419988 3053305 4832158 6437891 4490050 8043561
2219036 8723843 4913589 7720753 5551953 4275979
6629695 5805952 8092036 8286118 5276618 4448631
429360 7059536 7695242 7772726 7614354 5846798
5609486 1727030 4024917 8136436 1182348 7229014
1918340 3385037 6130496 5584298 4064384 6361651
8283083 7655544 7210535 5294910 9327333 5194618
8651768 8689360 1100655 9939662 4842118 8653928
4744377 312002 8767963 6239362 1869282 1801273
599943 5647262 5438951 8985360 828404 2763020
4018643 4082600 7541494 7684574 5802412 2166915
8145482 1045396 1741568 1730384 3034 7621073
7238095 5134449 7732203 2500624 9120957 8924993
4746143 5669823 6884911 5370988 3392058 870345
8461050 5678978 1515754 4329222 4984354 8417122
922700 9297723 6827140 4447515 1276266 5244733
7653123 967194 2886947 8933739 1794179 3796722
6912360 3013992 308968 1146890 9001266 6734833
4069069 8099319 6526304 6513957 4239216 5158580
5878108 8647655 690541 6671149 9223523 123434
651161 3816260 6061042 3324445 807684 705311
793933 2790580 3858182 2487469 4847501 8153763
6038045 5812403 3875643 3088189 8458628 378065
561377 7314159 6677711 4780921 260153 6885035
1890817 4408742 5058506 1668559 8569406 2628611
4554191 981973 1743670 2763512 8282577 7977919
7735679 3587914 2206308 9603656 352957 6210686
2876650 1581600 3251817 8372541 475911 8426812
1282936 2789919 189027 312476 6109772 1909363
3445723 5870240 3556107 9176007 1433628 6398941
5646804 9125374 4221173 1229571 7933278 3865527
6410093 3274532 7529826 5897724 5352509 4870713
8171756 957720 6961202 467025 1904270 8678553
3633217 3518276 3932831 6631693 385622 5779487
2439584 4241715 4872201 9834306 9317789 2412337
4421812 8559672 2154286 5807366 3956852 1227583
1989512 1647079 3648321 9386290 1962448 7201378
896986 5385212 7437409 5318313 2140719 5152052
4948161 2978697 3965969 4877553 5542789 7915351
2466110 9015110 8739752 8441685 8789987 3691563
8993326 6575786 3956743 5117489 1475911 6792836
2716426 2364390 7000867 5733618 8477513 257191
5030231 4246927 1555828 6731452 5734707 5000409
8342077 7121270 2100995 9720149 4886144 6339092
8446367 9544258 3016882 4238934 3341255 4941741
2487831 3547826 2857092 9956758 392963 5386661
3244635 5779497 3909301 644572 2601887 9776329
8151184 9214542 4501184 3708778 9847322 1295862
6359523 5734658 3280403 3739342 99608 1668717
1590567 9273177 1689641 7617650 6671121 1931652
3775954 8477492 9023134 2059126 3245787 4929686
7400099 5073473 3853963 6169166 3486816 9955209
1091107 7697504 4519383 2324666 1568965 5671602
1837907 4737588 9696936 1721020 7879410 7606597
1661338 8748488 3448218 1188375 8366190 1119785
3697019 5626984 9108375 1977649 6868618 4124394
753194 6092057 5968755 9571498 6308678 4773849
7441898 190357 2247841 3325193 2648235 2402103
7149333 9265901 7704212 6018039 5779742 1933532
2234716 2054934 598081 1416537 397788 4497298
1481468 6211724 6707282 2734177 2472146 7859831
846834 9113458 828885 394988 1571471 5476907
9702846 2266409 8428910 4923086 4279121 7689053
5358755 8336144 6100253 1046114 4039041 9100288
3415573 7678979 9847241 7174842 9742933 4813684
3526313 9336657 5694269 1471456 8090029 96954
8066566 4707720 7718210 4388009 2478359 3534776
1573218 6754345 7694430 2227305 6315193 3513333
3504622 7311629 7775812 2909028 6057781 2061643
8397045 435354 2172683 7606994 9318604 4793166
8012589 3671991 9370525 6015200 6868674 2234813
9782637 8231390 4176380 8331955 6856519 9571400
9970842 970746 5857785 2565476 9472896 7284695
1405857 1188268 1363786 6333908 3670219 2431303
7037872 617285 3278876 3632626 3074411 7654675
7924271 459572 5389116 2925044 6375419 8806367
4164251 5558017 9885671 5459617 2444667 8083803
9336953 5172667 455109 8204411 2938185 5087035
6203857 5831568 962458 4887988 6201136 8130335
3429379 1678681 1771 6939221 8977328 6251389
8955936 6150011 5156978 6521704 407684 6396947
4182284 7045798 4595326 7051417 8401225 3914878
7399024 5946240 8743600 3279983 6996955 8497552
1976194 8833460 7679099 8191841 7428768 7242842
6692217 3036283 4258435 7258780 9495664 4696738
8804596 7225029 6580688 3634281 6503680 6294656
2926824 2815248 4764983 4058162 4022127 5892387
491709 9152440 7430342 7047579 7488963 254895
9386735 149396 4681725 1504218 4963027 143868
8572290 764095 8721242 7914135 9829486 7371400
2138511 6923503 7550133 9898587 8246821 1176196
7334190 3764742 9442560 2448944 353159 4181707
3732569 7918032 4811333 1786711 7700132 8276327
9812500 9644638 5547319 4003540 7872045 9346267
15013 7300377 2262001 6436820 5061990 5739584
7573413 5012688 2985762 7393582 1919650 7098623
8342253 593121 905619 6254146 9713388 3724220
812335 6937790 9796237 500018 7771649 7044995
5332535 6785579 3063963 444914 8101635 184848
1824081 8134971 9051458 8203865 9883574 946443
8914194 897370 8702752 3702975 4875530 5340470
1195945 6338987 5998381 7712709 3444457 7107010
7370708 3558353 9931249 1823098 3191204 934254
9550030 9514994 9528728 5217006 1104285 8276410
2675620 7128498 6911053 2800913 5569500 3784679
8047164 138387 709547 9959175 7339952 8816018
5021468 7109359 2062260 4455766 9304073 1432662
1046613 7619825 3341122 5956952 3074206 4543282
253598 983 4943766 8117204 8653835 368579
1417715 3697188 9793085 426341 1027354 7747031
8429417 8395031 769486 2213702 9665544 3306069
6397463 7411533 6218401 1115231 6801629 6081844
8871993 5094264 210921 8096065 4170392 3484459
4935288 6718668 4054292 2367770 2547315 5568517
8840912 9929960 1484552 340967 8541460 3642763
9022933 4595127 6082004 4315228 6026349 909042
663175 8832911 7954281 35052 9559489 5662672
8324881 9138367 3199353 8861921 9245210 3559571
157657 3321649 9526796 6308625 5491052 4308686
3692738 6061646 5847715 5200969 3372790 9735584
1821516 6056496 8870072 2575637 2092297 2206502
9999840 4556765 9067914 9301879 7432890 5337480
5530178 4900236 7159179 8391619 4042889 3408948
2369163 9978990 684749 7924981 183309 5219810
4115967 2714307 9104074 1773318 622489 9964703
5061326 5462206 5460121 8218696 8213535 3502992
6792600 5749243 7046069 992850 8862081 4688445
4491656 855777 5888759 4189315 778447 590816
7149507 5301119 2018756 2438767 2831805 3393799
9050834 3896535 5873186 3650262 8459670 9377990
3102428 8226522 3934275 9103211 4240553 1970684
9877359 7311481 6686700 3656186 1599019 8293645
6362878 1376313 1116908 5996304 3433324 9327531
9331051 9926651 1935860 8513257 4623810 5321370
7945946 2622558 2630400 2066321 9167862 4317000
7629806 3142337 7289573 7668079 7890421 635559
754169 5388445 6615224 3918074 4311956 3466966
3904116 3493321 3702099 3725110 6075888 1455491
2276891 3054529 463210 6545654 4319210 8533018
7442130 4589170 3602711 8612905 1157265 1617995
9340283 7811038 8143619 2369699 6026379 8456681
1004072 8694799 3485891 481349 5242134 8044879
2712307 5412976 5614695 8468893 4609141 1130489
1619271 4220835 6546669 1174908 9789430 6113332
3853790 1084152 8823126 8756555 225948 3301251
7032847 2141264 4231180 4997229 4577791 6500917
5323347 1534417 7466941 5245417 2721038 7381089
7969600 1795541 7812395 2418330 3833346 8906234
2918323 8973236 9980029 2472222 6993633 6936429
5071325 8165374 8021608 2030286 8515908 4942227
9633555 2247516 8468850 184640 3448501 3100869
3813699 7715078 835185 9113777 3145546 3074724
3663547 6373853 1499796 9165580 3205308 7993888
8300937 1435460 7250805 9916892 5838232 1252712
3321222 4560625 5147630 7294750 9925904 6412416
8479309 3293060 3018508 2524714 5611862 473521
8912238 7784959 8347040 4711525 8604630 6118268
8071048 3804545 5827689 6905304 8808674 619780
5436633 5905745 4960066 27719 3729349 7080448
7691421 9716662 6409284 7216138 6863418 8887876
7953239 6518949 7789174 4422768 634467 9852486
56215 1138833 761991 1026275 253341 5420348
9646848 3589411 2830829 1132536 1845843 2033686
5425023 6415917 5751951 4527850 1858117 4020158
1452350 8451590 9563711 5938060 4833292 5895199
4064237 1696100 921541 9459164 6758286 2085681
8329094 3648279 3170077 5975203 6849088 7669840
9857788 4410357 5652403 9539717 380871 139937
4249618 6558885 7870818 4375597 1791114 447500
3135924 3425388 4660832 3769015 2970418 2182877
288774 4118155 6305541 4866791 6962038 8557240
4498806 187684 6831125 745148 2803442 8197563
8863608 9449819 9566828 8082110 4670062 7447759
8367755 1912633 8070718 9423773 1688441 8274407
8024381 9688639 9904985 474041 6323239 3332897
7424849 4560079 677861 987200 5686428 2730933
1364299 4990997 7448319 7095162 5040910 193187
3308811 3504470 3755442 9673254 5511989 2341295
880671 5053814 8755326 7213072 5401259 1057785
4112158 865001 2429713 8031133 6842410 7273398
8652255 4024765 3864445 3498227 3320299 8243362
7519702 7876408 3763391 6835895 6717810 9679064
9999439 1272592 6871722 7877531 6114962 8183971
4518964 8351126 4176650 7563690 9593369 1269424
4577571 211776 9158819 9620076 6875041 4821427
301219 3333165 8148587 174921 8442907 1016144
6328742 9810583 184171 5512080 2153552 7635580
8577903 4044776 8336003 9076261 7213633 4128667
4186062 6234627 4750038 4245742 3512169 8491283
3096748 1088564 4431396 2595020 8920655 3108523
9084542 7899625 1001366 8941964 6534675 3384644
1530477 9824518 2829685 5855578 1548789 6304378
7999800 9006883 6197573 6541069 8985787 5548593
2933421 5501310 2998142 5030152 5434013 640414
71388 6055477 9820996 9657303 7078172 7354342
6584748 3733721 889927 7075647 6427537 4253926
6634214 9635939 7510100 4951358 7545783 7389115
1298981 8330484 4685837 8445660 6245942 4505285
2293709 6555679 2102777 8882802 9661598 3419345
110380 4054389 2465612 360952 8870576 479198
3563648 1873174 2746346 5475342 9270829 7815067
5414450 924152 2579346 1943647 9906854 9349847
8038492 7982062 7955527 5609027 3731171 7103529
5954576 1625727 9809534 5315711 7363593 522492
5251565 7701945 4072122 7470582 6965267 2373148
1788314 6273262 765363 7030902 1387710 5672608
4642769 5823639 9059655 6870770 3031209 5321790
1925939 350062 6648824 2752929 844310 1679536
5463817 4501353 323218 5362082 4406375 7244848
669663 8247936 4509580 2223853 223777 1568883
3742944 7943867 3958884 206198 155332 3633592
8584484 1007589 6594351 2282918 966257 7907531
8043874 9083806 8594518 4487744 3389772 7013531
3873667 2498635 6857634 2392586 2006764 2463913
2049929 6426232 1866887 3520515 6361238 3139774
1163028 2418915 5599862 7490771 3127825 5087341
1362905 1719741 194729 3015232 4168444 9836721
5085185 3180899 3535095 2415686 7318208 5322568
8650330 6181919 4858164 7496049 8350185 7725141
4711248 1350358 5937103 1494971 8156268 3729100
1766705 5063969 4646350 3454577 1119890 8547342
2307669 553102 5955981 3507176 3124838 1670030
6818801 858435 8330190 7020913 7307401 8825865
8928817 9634242 9108023 6544318 4870184 179319
8281609 3666978 4068729 7874720 2779523 1777467
9150238 9867934 3563472 6465629 1248526 9104475
5190370 1630608 2061008 4987753 108017 6765105
9366587 5143154 3057080 3188133 677248 7491750
9394950 7690335 4042957 7111237 2566153 8522026
4621076 5222386 193784 4467031 5172967 7452911
4478612 4432948 7773579 4178513 4356937 3256904
8106558 353171 9609908 9225715 1830542 5676793
6764856 3941064 9526224 2342918 7177731 9727030
7122238 5093476 2989730 6576979 8479770 5089188
7734510 2039001 7301780 5041445 1844553 6026140
8910690 723339 6457640 4608096 509141 5675068
8991526 5188073 786216 9800176 5081575 324076
7881842 169234 5859792 8366164 346381 8625089
8995801 2278158 8044655 466753 7344792 79491
4463181 7901633 5953178 2684391 6444003 2317936
5955123 3065112 8508618 3583768 315025 1107203
9219152 2156759 3431922 3851156 3351392 1989658
8940814 7322062 11901 2665653 8695137 8310535
9229395 9368345 1692620 8676691 6045644 9566395
7981484 8443936 3378546 6378149 144915 2607508
9721889 6307134 8744069 8468280 3845052 2016462
1815458 4298073 9854209 4752588 9147011 8189621
5193166 5144645 8926765 6054996 1525939 22730
67590 1797527 9206495 7642643 3454995 7075657
625316 7278432 7019468 8942223 5602283 1871088
7728656 2841003 2011844 824414 4129266 7044257
3245589 472533 3477009 7995438 850195 4397063
8456325 4476807 221334 3502998 3483524 900999
639629 1926488 6917996 3355816 6310559 8347388
3401012 2079246 2852139 1668411 7842964 6566620
4996994 2873235 8695790 7983121 7023931 6306008
6177777 4368751 1015378 1882508 2809407 1053406
6545720 2072151 947331 4809432 9186317 8978188
6854323 7122317 3794907 6118468 8302593 3675795
4953091 4372840 6530444 3664456 7423402 2050019
4192118 1577177 2629568 6910389 2998444 7976960
5701273 473204 7452875 3915325 7325221 9114772
9885620 8757121 9117080 5864590 6810095 4238407
7400056 8591580 2892929 3873950 4814087 720647
2771713 8878525 4570641 5019994 3030029 2651091
9775564 2513320 6945349 8965359 7690389 1232229
8423837 9635331 9073706 2970371 9108158 8713113
1525313 2938997 9797095 4680134 6232848 9545472
4558714 9088501 7562744 2292036 6264400 8831821
9157090 318167 6763090 1908921 4138675 4119918
3406318 681278 7443175 4801783 4139761 4811900
2169423 920261 1066731 7884850 7440752 7174764
5164700 4429684 9483421 4179816 2348637 1875089
923551 8091578 2645677 5025168 461279 3941527
5088347 7483527 6248920 8113527 9808268 7372222
4469139 6514916 5496655 4953788 9564052 8426879
1269937 6723529 8799235 4985194 2510711 5312586
8478741 6673864 1647748 387980 7127335 1834715
9348399 4977274 7969529 4888000 985369 6047097
1474241 8381150 219999 3501647 9713436 6656233
8562979 4055895 1111992 3694509 3415710 925836
1678108 210912 4865631 1056542 2909878 5625108
3075853 5938356 5580867 7333090 6546427 3787415
2293779 4700367 356192 4414205 8765128 4830994
9402692 9581139 5529546 9449558 3479546 1182902
8206880 7768290 7010093 2143002 6422214 8454816
4200593 4784231 3258153 721912 8709871 6916422
6969083 8291857 2067395 2344421 1812146 5047012
466229 4141150 1834722 6432583 1207868 5013068
6300041 4148774 5290767 6280998 4291817 3834571
5396289 2228550 6731365 3682729 2849662 5141587
8615014 932851 9516141 7126051 3132497 1762196
529261 1571866 5990495 3439769 7445121 473270
2763598 7058270 7768992 482533 8983328 9338396
9348180 1774296 6560422 1997024 5842960 2273440
3164048 7919595 492414 9423582 5325622 6481321
185056 3286354 5442195 6925808 3729407 879294
5530871 3340178 1008653 72526 5903322 9636001
9022572 2860271 6703653 4817496 3517399 7233547
6065578 4913756 3245221 7392969 4334548 1075366
8581165 6617989 5089890 7242701 3962002 5212901
1269781 1105679 6246244 9509174 3254713 4158766
5031075 5837790 3328862 6889698 4951662 5643150
8329742 9275654 5870974 6924421 2974452 2982689
5569786 8346552 4402195 3258867 3358003 411866
3236099 2792086 8951805 4366828 8344642 7111418
5789403 8288169 9378175 5795751 8802744 4797642
3389757 9513398 9605557 2544886 9786421 7679609
3904684 9175880 9962093 7602070 9063226 5058894
5204391 1656744 3643537 2107201 1672914 5615450
810706 8010914 7747676 5834377 6273074 462626
5206961 664246 7493147 6217444 1100294 6663492
6264975 2533991 472909 1073331 3534664 3461054
3377131 3024900 8560131 6722586 9354183 4182123
449772 5634029 3728860 3892910 9162437 6687898
3467880 3682202 6615254 3762725 4985045 791830
7049966 7555379 3240323 9142931 7337924 9122174
186461 7687239 8075585 3298600 1337095 6529235
4585985 4131060 8122079 182482 8730069 8648014
7055319 4088119 8656730 3565552 5384604 639045
6733766 1314050 1501809 805249 2749563 7418091
48238 2502250 7548946 9681079 4023365 5979284
220730 4234200 5686975 9437956 6536125 1666943
6106537 7151172 4296934 7199624 9306925 5031377
8565818 3285397 4952133 7967240 6707405 896925
2135099 3484413 2170774 2601277 2409165 6023874
7620364 9381212 4937675 657494 3250362 8834844
8980289 4904905 107694 2142794 9961751 4495868
2961038 7617362 7551994 6989787 7459015 8233432
6342111 9534141 2007125 6470432 2239430 9464165
2465958 2080997 5794844 6652020 7545980 538952
3808510 7619453 1825035 9663101 1817591 7154913
6729267 5449043 3900809 5462089 8219335 4402020
4923682 6423024 3323646 456264 5006201 9090043
3344931 5145311 6025397 3937342 6259166 2875023
4016749 1149932 7141781 5473510 8191535 1169364
3040000 2328269 7358925 9568741 8334284 2342298
2670833 3297937 5799770 397080 260519 2009971
4332622 880022 1314805 7605104 1546749 5816406
6140519 2009693 7074796 6704801 3307088 2400668
4513554 9871167 1360286 8950011 5646352 667659
13131 1255757 7257507 2731445 2422088 5891066
7043094 5354941 8088739 981347 7785430 1708263
3290272 2947851 4884792 4015425 9604720 5379143
1560217 6411644 9603182 1325375 9332990 6181841
4094568 6335199 9021180 4958257 5055186 8463116
982011 3720822 7651585 5132111 383949 9004762
4752464 1601176 8457933 5423739 562010 6191808
7727666 5159172 4224263 5366532 3414528 359237
7515875 498129 266447 5981142 7389793 9234708
1064476 8687755 1922767 1075665 8636877 6086889
6869885 2084837 299754 9625622 9999335 4064608
4056678 8158161 2563901 5880030 9262961 8003543
6921210 6136478 5849633 3411374 3597708 4173818
1957578 8728035 2920671 8661943 7442381 4557057
8196669 5000868 6331028 8416877 4067634 1696193
7081995 3676798 2964299 2371044 8553853 8477173
5892053 8102044 5159836 159654 1309854 5256366
7795335 1635845 1235167 2262904 9059932 1253315
3385074 7653101 5090046 7748948 9118086 9908841
3166217 8207942 4642455 5742697 1428953 4998466
7733580 5639800 4090526 867708 8798034 5586162
5039243 4550165 7582624 7372460 7519321 5495664
9013981 1797924 7418180 7664304 866608 5806535
3321889 5933764 5940936 5077713 5031803 6414533
6606146 9333046 4558711 3055458 9204826 345911
3834717 149355 6673091 161370 2426073 5670053
1165840 6927627 2837811 5649005 7223661 4509767
3670690 6012613 133780 9594382 8734967 7320162
2490660 5501913 7341334 8835920 2420807 5495188
9057530 2655867 607997 7675993 4261561 9464988
1027450 1983785 5345338 7236713 3537743 7369965
8822573 8852610 9371850 1748126 6498463 3938980
2968724 7672884 8710103 1431168 1407022 9019189
6280752 7011764 598078 7238549 564797 3702913
3004577 4998797 7728548 1177903 1103839 9770206
5062056 3489846 2666065 3372822 4621554 5239876
9164428 6433977 2474870 2763815 771809 9882356
7948311 742533 9003449 3402353 5867195 4747923
6785084 7626361 1248844 1588808 1395241 7249797
8866909 3788900 1418987 1642424 4232135 8538946
9641417 7644669 7748771 9601644 6686070 3008616
1272915 9595902 3051330 3470227 2266740 4973045
6544319 3516936 6239954 715721 9290238 9822263
4699464 9602224 9131601 2980624 4392818 3477478
8521361 3473248 2094605 5416267 4505912 832653
3820888 7522003 2201841 3935923 3122398 3127139
2133585 8346667 4056463 5994832 2129437 6271293
1696593 3314857 5359621 6275799 5044488 7878304
1009843 8151187 4498662 1596724 6942960 4629911
9407344 6660792 3251851 4271292 1080282 3212822
914011 5856648 5089989 2218676 9649339 4744736
2771204 2608395 394537 3112815 8582136 943571
5765799 8704631 7472786 2860307 1284031 1077961
8117856 2245562 8428759 4216300 4406424 6354724
6333990 2224164 579043 7571929 4528579 6461606
9875288 7862293 7266384 843641 5080821 6272789
1181304 9477916 3665518 614885 3504595 2436093
7483766 7897027 9569051 3555091 5830924 8238329
7157124 6547036 5376760 2173889 6153435 8834720
4784062 6697710 1450223 8735264 5884685 7425175
4165693 5199274 8079816 3932931 3237526 719843
3677187 4922158 3623810 1199997 1679003 1806115
7412443 7502971 8740966 5992666 6732533 6509396
6785673 2778899 6393239 2340713 414805 7981542
1084845 7701398 1708857 8431663 6059578 8383110
4822565 2446039 3593230 6240343 6449192 8305321
4356277 3550835 4659501 8849208 9877903 908765
4614519 5957127 4868033 3570645 4761446 8650464
93753 8791396 9965176 4940827 1949591 3105786
1031935 1824979 4784469 98274 2848086 5536128
9010985 5245523 8862579 5240699 6377431 9232963
8212884 1172100 1053779 435645 1636388 3181698
1849895 7936464 2900995 5484474 7726194 4457677
3113508 7514199 2939951 3058393 8337909 7268182
8417934 9881738 496448 487444 5208407 4624213
3520852 4258002 702749 9123372 9838222 4632380
2046185 9373819 9579696 5635069 5357761 3589346
7596684 9658108 7155007 6783477 3090931 4013126
204790 5547461 4098784 326791 6984765 5333886
2596176 5952592 6907614 1594397 6822764 6495692
8736514 7725440 5963692 6429566 6914793 7378386
2478949 2726522 8098242 8268615 3438288 8352375
4877981 7478438 2156438 9350605 5461708 8679801
113174 1634456 6790807 6483322 282653 9660946
525428 3194060 7273237 5368862 6527195 3885629
7724765 451788 2551054 3084003 6898555 7632321
7625653 1167118 2743314 9776621 4304528 364408
5914883 1936174 2109172 5746409 5448810 9506327
3177448 3245570 490884 8227813 1481223 5188307
9704885 2253192 7442786 6302745 5904137 3720732
105148 7110086 6199326 4212612 543849 2986499
5801320 1793977 579883 4524117 1724952 4294590
5936486 336552 7329928 6426398 568439 8346479
7551773 4779019 7745249 7766909 2191414 3281625
3394745 9496952 8970565 7362746 3379118 4645363
189534 1322907 5262980 9022582 9671472 7194441
4165081 1702270 1392325 9122672 9945089 3654833
8926443 8653330 1520618 6196294 2291326 1144670
7858379 3278487 1684752 9096307 8750972 1125118
5975482 2338238 4918671 2917701 817867 1046897
4015934 8438573 8414859 5934520 4334582 402044
9031609 6913904 665080 135486 2261316 8866168
6954154 8429100 4833929 4090416 8840466 3538083
1761006 7198451 7205625 7825895 9504367 100630
2960610 1093227 2571935 4137862 3047099 7333233
2275770 1247379 884403 345427 5106738 1506515
5239973 2991923 4318748 1118574 7164684 5377422
479590 7722893 1017170 2818584 2142152 321871
6291188 1885066 3497772 1380588 1156695 3619415
3841271 6190039 8934205 8314228 2973910 3241354
7830108 4893746 3866805 3331846 7859716 1013936
7981764 6608726 3322362 3327413 8850442 5848543
9219335 642432 33766 1828203 7346304 1781474
9083460 142025 8951074 2250064 7846673 1162032
3835461 895181 90684 7264987 6504156 8916698
2572310 6925745 18012 1077393 3288465 2270938
1510617 7147743 9863176 3233 4836820 5533426
6999508 2963774 3034623 7649229 2161252 514263
3585649 2013068 8843734 7152731 9230768 2831884
4290279 5580044 7047073 2704772 9496384 6964534
923252 716776 104570 4405664 755103 1924697
5830530 8141941 7353966 7762828 317585 198561
1918297 9080226 5305204 3417648 5250556 4882899
8127409 6186232 8733929 9576420 3679338 4491088
72964 5419578 7694977 7186127 6787113 7708421
5223865 8805845 7651358 2898642 9079981 4120044
5428856 2593844 2208670 1109925 1818698 4019310
3160297 5822821 1695482 8645173 5234434 150541
7526680 872631 329487 2164174 4577362 3310152
8230605 1346831 7037437 5613481 4332699 5335525
4229720 8644402 1354828 9645544 2538963 1511740
2547202 9019654 245 1185160 7988791 2656711
2674228 7017484 4367533 4714618 6416123 7856517
2795605 1427790 185143 7544436 9659447 5914482
7378933 3059690 4228482 4341206 4668037 7733149
7082606 9815374 8261144 6873145 6880205 3174296
2664482 3514752 3283857 183741 6097971 6214779
150295 6341519 2883839 7672775 9489945 7559878
8942619 3515986 4930707 9180920 2817876 2904909
5150381 6685283 8984954 5440345 2266610 9479272
7283258 8205996 4351617 2267096 4102554 8173417
4395567 5801083 137279 1193236 2050136 2901371
4572659 2611864 5329819 3970364 7394140 3317928
3030642 9706158 3569745 6668604 5398586 1152050
2802441 7901685 6997498 5356234 1722763 194921
4189341 7224136 1248141 3804585 2900483 7891975
1863161 7883198 2238964 4710422 3277208 3688862
7422598 7749382 1465850 2029336 4608260 206011
7575090 1180017 9291143 5667025 2409703 2560452
5909527 614653 2807409 3199567 9464654 6200868
1175918 9039332 4078319 9942357 7003894 4825999
1653229 768074 9711381 7437843 2107202 9510942
1078963 8320220 6428949 9880882 9246005 7649203
9686200 773104 3293425 6791486 7781144 542745
903778 8522316 4814433 8687689 7895058 2285829
5084565 8663594 8418544 6038096 3534503 4237875
9610542 7480241 745487 6639850 376107 3840186
494630 137246 9072815 9780201 4588062 4089483
6131502 6028644 1368647 5158205 3513366 8691549
2907443 4384432 1258187 3535574 9038579 8481578
11566 2965540 2873015 7425551 2353278 3443607
1092397 5040867 4785716 2191073 270339 1765764
6903715 3046349 396997 9453238 6296855 7643898
1469930 1123577 3934253 724949 2556186 1866414
917182 9926360 5150227 9726994 3130652 9150071
2979688 6074968 8441661 2263909 6628283 7410567
967171 3069079 7783968 5629207 8687803 9547194
9303766 3940428 5758304 9602883 8254489 467017
8294552 3454204 8087576 3614289 2065643 7915002
4547324 9286616 409353 1006601 6508369 2426917
8293380 1365403 1910214 5635645 9211385 4195371
3324102 4639806 6418065 2986430 8486067 3227775
9859930 5840723 2435774 4387059 1421183 8615757
6108109 1314298 1671870 4683210 1432442 9676448
1062494 9365398 4009324 526659 7716584 7341667
7001213 9960569 6560710 5357050 7335827 7322399
7636979 3668121 4729043 1562933 6278780 3614682
4048951 5308122 4968137 4859800 3754358 6224920
5479227 160265 7865433 1793596 4898491 5194070
755047 3610169 9932961 2233766 4573151 9845987
186046 2797442 6923222 9076398 5985216 8525497
6667065 4502880 8504895 5113374 6750079 7753062
3886714 4545175 5035517 8057187 634259 6124320
4708310 6202693 5611040 7784404 5047431 7556319
9476233 5207617 5062078 1366640 4602002 3725657
7389438 5403212 9094969 4883055 1376887 3481338
6691460 4972552 9322905 6442639 8192735 9251478
7720024 365853 3410185 112371 7906882 353315
158552 2697859 2975910 3808640 7525456 8370458
4234946 2401641 7750010 9366903 9600165 777599
3463419 5300425 9900877 4779238 7723935 1346867
8658092 9003658 3168288 1554179 1365727 5661706
6801414 8265671 8009957 6359562 64379 4681578
4146133 9363862 7300735 4708762 1208087 1904143
749747 3580797 7877756 724511 648109 8975245
5731327 7324556 5372387 8545306 2979220 2892310
9350600 2940786 2641918 2063318 1454278 8903223
7185027 8604372 1332132 7314203 7007226 9259785
360500 7875384 2337262 3068432 5220769 236302
3476864 8754657 4092337 7996733 4029490 4143137
3469110 7933581 8355549 4193043 5822851 4041170
289319 8256108 5286450 5117647 7008961 7123592
2039659 2082815 7909583 8397511 7523735 2603715
572011 3435544 6573571 8617971 364011 2772724
6637982 2662895 2103787 5136084 5068441 4224563
8799973 1353866 8911295 8498781 8594207 3520697
547674 2991983 2781520 7290961 7024883 8751117
3973334 5242852 866423 5213669 1028773 3137953
2326719 5079353 1230921 1488622 7424722 593946
7569565 4851138 7569570 5582824 7555060 3159956
1937383 5153234 3187666 1061887 6317674 5655094
8212297 3540878 3488608 4388885 7849836 4531751
9822194 3281049 6410660 7822453 4644637 5121158
1906301 1424313 1634122 8965833 2809364 9989088
2993641 7311351 3929144 8317348 929215 3743068
5951127 4964850 5436923 9621564 5353578 1871649
5563450 2911446 8925178 5211328 7001372 7487894
9649345 7937834 7229516 6699170 1666428 4143672
4183286 9747112 206501 2448411 3676522 6130747
1525834 2971550 2343869 3198578 8068245 9006323
1725950 9894948 2611663 9745539 8437757 2884986
9094827 200629 7927471 4539010 2259002 1733190
6195979 6694972 4422940 4146227 9316487 4871530
2759572 6294471 5644922 9785471 4134062 1182103
3536567 3502715 1288328 9306176 8095729 2382027
9527779 2364872 4843200 9918855 3485378 7106423
4876231 9903806 9500077 4344530 7604342 1465798
6216201 9644275 7488109 8473310 6252432 6981549
1707806 7379607 3655062 7472339 439006 1773774
3361400 1940478 5760886 1429560 6208972 4935041
1596658 9788651 2104900 5545443 5011231 9894130
6889989 6277123 3209594 7316516 9269996 9412680
5371453 8415041 8690128 4179124 3569270 4489786
3693993 5063256 7250283 4306778 7598369 716122
8726965 2055440 1925866 3069426 6557455 1544899
1345537 3446671 3694834 4565036 2747872 7815691
9360897 670757 4633044 7593978 1583320 9975308
3771955 4391289 8109611 4242381 2100886 2023964
3083646 9182275 8371208 1271099 7735566 1145715
7684757 7289879 2190281 1388777 6818478 2955790
7968264 3820563 9719668 1664694 5970979 5823324
5717846 806417 5667169 874437 4818227 2898512
9856741 6100015 3479935 7274974 534822 3207079
2606511 4484583 9954554 9901901 9985779 7375180
3173691 74437 5711104 2549118 6880278 5457992
5625409 7972119 3852278 1677253 9625714 7762756
255640 2107261 8420310 2286286 8524535 1294469
6356794 2209208 4364048 5472695 1414357 1635551
7665779 409783 6755056 8983201 8782266 2333895
3001236 8066362 3834784 2344488 8491003 5896541
112220 3168727 3926139 209176 5249027 6846107
9046234 8179488 6474301 5717178 7019333 8427561
4786769 320225 5960047 8660085 3545106 7776570
3011131 7700995 8660079 4075553 4883338 6470494
8702935 6642207 9189853 1518382 8676017 1559351
3927972 7911152 3616258 2523768 2174066 5355807
7368330 6147617 6960180 7517941 6426461 3234869
5161250 1948601 3390449 8327495 4196432 8462041
6373848 4341151 4521255 6058213 9333356 790007
7236462 6036666 8285389 7455644 1506241 8606820
7656253 7527851 9503471 4914949 1789206 9108181
4811303 2263000 8146159 604240 1291755 7397488
816390 5493190 1274534 5425209 8914303 2934737
3080044 375440 2445775 727812 5144534 4334865
7038095 7869759 8577796 2826250 5287306 6137399
7070418 9912685 4641376 8353360 9861687 8898609
3731398 246300 159395 4282268 3516192 1933431
315882 5769607 3049396 7123767 5241823 3840165
9515473 1811252 7122362 5350651 4375599 1130801
6161044 6928441 2383317 5168605 7876854 3919446
530385 1985052 6975694 2008759 3533821 1379069
2756112 2463029 5631503 2375924 1693811 8668003
2775342 8797776 6859248 512343 411930 9374926
1285469 9914328 2627936 4737630 3310777 3476054
9015036 1719766 5537085 3510575 2192315 2933245
6515292 8562793 2369445 6239948 3751883 1531139
4957737 8307122 2235786 1670326 4367655 2778793
8208662 7139548 117440 8454359 2575308 5577823
4271553 5648701 6516511 3008390 3883135 7962526
1291509 5792755 8674275 3499639 2993722 1814055
5841983 9245536 270713 2698257 5860632 3131017
6298557 6535393 5045892 5328108 5554606 2104807
7139140 9615142 5546673 9849143 6528967 6171228
3358613 560677 9144457 9959262 9239022 6543614
6416733 3506901 4679657 4406919 4948438 7959128
2856863 1458098 5313400 421730 5828343 5122118
2508079 5510405 1278915 6986422 2155802 6039914
531931 8943444 94095 4411704 5869250 4267993
2415852 1442366 9263787 2503047 141025 2433045
2669597 5882721 6513 3727099 6281523 2353731
8451360 1891637 1586954 7086764 2471245 4096507
6791407 6717409 3786799 424554 7341063 1018562
4892312 6372190 8404874 3104543 9427330 295578
6449519 2005029 7637650 411664 1991066 3506072
8695340 353816 1317072 2880354 7752133 9945621
5115604 8780979 9228881 8925184 8535062 264164
4452959 3445167 6472199 5997587 7620297 9151840
481194 1991298 4101303 8245225 7610734 3768834
4028170 9565054 6455390 9710935 7277580 4276494
4716081 8039696 9900570 8080882 8391423 2117429
2779435 3911052 8965275 3841177 5308949 8560083
1789680 5967128 7837128 8140709 8651583 5982163
3823379 451932 4384732 8485809 9930470 9999768
9404769 450114 2743081 7548237 8852184 8187079
3490230 5404669 1503399 4952387 4209103 495366
363594 6372077 5053743 4354770 3218151 3709244
186565 6640016 6682348 5541219 6455544 1643606
5931706 5887460 913471 473226 5887556 6825648
9891761 6230271 8109226 9900802 8676113 7941308
9374347 5231197 5058868 778196 350946 9904279
7056684 6837293 1758025 7341761 7777115 2279505
928420 9468609 7233780 675487 8299244 3290453
3317419 3863549 3994570 1099474 1616531 2964723
7273608 3017004 9517113 4677751 5060625 7978831
2386140 462792 7695963 7112434 4980422 7986954
8650376 9408368 6289069 6778068 8484535 9618251
9885581 8589944 8110345 8633965 9544806 6418946
9591867 9216273 7931027 4818772 6583382 4812564
3946738 8274873 3614666 2094144 3504587 7333942
387166 2378932 1776667 3779193 4955621 7314323
4583542 3815985 4488186 9246825 2025111 8890875
7001383 6539350 5379014 4376318 1213893 3026586
4854377 8639643 3472197 3098166 5085883 5844351
47804 7567367 3879409 2883399 3165696 6705549
4372288 6556231 5903781 8955127 6390902 6105602
7841584 6106387 3634323 796022 4050422 5728820
1930760 345041 7191162 9040151 7817388 44032
9433550 9570420 7060979 588079 7239767 4864944
3861744 7288999 7293049 5932315 3731388 7388253
3434913 1700143 650289 7782637 4874537 5468879
2987094 8046256 148448 9273411 6534734 5107505
9392263 4058355 4589220 7743376 1167406 4740841
8653188 1007653 9749978 3835377 3449849 3595276
9644569 3784208 9316464 1038836 5093382 9101902
8812553 1909268 2374999 6246069 7361108 2350279
5078531 4148122 5470504 1722283 6053057 9771131
9895583 160138 3035686 1953474 1195816 3181411
275723 6118368 6121593 2552208 7279126 2723735
7638275 9599536 8250294 7055013 8138068 1090329
6152415 1948257 2952874 1046545 460858 4625465
2732506 3146194 6697247 2238941 2664845 7019283
9270337 6930905 4954596 9978847 3939793 3289710
559589 7691094 2588392 6135052 763113 8975014
2980309 6260344 4630142 9651263 8607794 7761571
4099985 8023517 6010054 4380175 5569868 4104799
6818257 8849038 9699280 8410220 9220968 8049622
6484164 8036781 3453522 9102309 3281870 348221
7769139 7659428 5659743 4960583 6495423 446973
8501936 17362 1185144 3977860 8066235 4200513
9995322 3081242 4538400 8935675 8138956 4641328
1009229 4890162 1361037 849796 3160589 5090754
3590429 2149368 8470125 4538770 9650888 2726331
5521491 3877999 2978473 4281921 1882123 948366
2101828 9139401 1528093 5563080 5878238 5552506
2919655 2840396 782802 5498767 8414898 6139725
3511222 7548488 9897824 8812194 8093080 8391708
8987184 6919343 4498838 568988 1370154 4346054
1976848 3963166 366473 8458812 8456368 4188235
1222039 5713401 1199119 3590033 6833847 8999555
3113234 5446148 9011923 5808530 7930141 320193
4307951 8091662 3734470 2330400 1027548 2102400
2828506 6709297 5784919 4586764 5294737 4962780
6449527 1532839 7769247 7182039 3586232 1915072
5186033 4460842 4384027 6594567 4276727 2701496
4940605 9921188 714640 898269 5698959 2646932
9379785 3178653 8989201 4178644 6261036 3278491
611584 9646448 2935617 8264072 5630305 1747071
8403316 6635274 418664 6236339 7140506 5301007
1230308 5931195 1859915 7096851 622497 3469299
5936165 7713384 3814935 1032974 7389794 1106360
1387760 1930237 1010337 3137987 5206979 2116083
5973578 2270883 5271803 4490756 6570454 3939784
8979454 6921960 8830537 2636956 8191250 7641452
2282831 8704266 2780682 5413632 9667961 9767764
787016 2282934 2556155 5519902 8242478 8547651
9463555 9578609 2256654 1829257 6876311 3700068
736733 5265329 1428295 8302580 262760 4869622
29204 6739552 9360740 7920131 8117396 3700536
4638761 3299209 9522134 6173482 8750142 8685527
8325678 5974128 2262275 1242573 2350971 2924045
9559927 453676 4028404 6724151 5027200 6991845
1683130 7150197 45648 5130468 1900223 2925921
6213157 3980250 8441505 7911059 5384427 2928409
407024 2866884 4165538 8855618 881140 4943269
9025517 3290073 828466 3571126 3503578 902183
1437792 9494159 2914357 8504249 8742653 9809084
841218 3305053 1712351 2368894 6237000 967198
3654887 9508292 1398985 6596212 9960324 4769892
244022 414619 589700 9333866 835548 9484086
8758506 704308 9572535 9085134 7698634 1737126
6163378 8112004 3646618 9143465 3692676 2406063
11563 7708907 5237597 8632420 7069840 2079374
1216057 8038129 6629884 3198339 5200731 1372847
3544283 2429304 3329749 6058574 3327104 3088959
312483 2103926 8658610 3430271 9745743 8038344
236548 1756084 5606418 9975225 6205516 8124996
7320579 4511422 5815616 8992921 6584648 2251416
9532294 1611601 3344778 8510325 8117808 2797419
2854202 5560167 5503577 8199687 5540850 5269329
8407377 104803 4784899 557659 8830981 1588750
3747453 6581292 7963164 7199253 8395871 5313756
6472955 1240832 1832613 8504887 5877759 689308
5557231 4551362 5844656 1078332 6526280 1715503
9744180 1802157 3986117 5861191 576069 4185576
2534766 2036860 6215233 337089 1567848 6100712
3340096 6762920 5680441 4226866 5245468 3356
4288251 2333041 3215729 8031022 2037369 6876976
964806 4349314 9682407 4814269 2642456 989488
9424672 7329044 3578523 3069396 813478 7028823
7602632 7886261 6005222 3777588 4664487 6359011
9098522 6135865 9672984 5731900 5164790 9114839
5008867 1330365 9305893 5841299 6790081 4193238
8499773 1713158 9764787 7109141 4896385 6226755
4503168 7720496 9394404 5225745 912417 4238803
2522188 270700 5949442 8651617 6624234 7359206
3998133 510662 7668553 6856718 8932499 5901503
7203992 5232905 9184523 567568 9805402 1312091
1683595 3583373 538963 9385284 4569622 9100319
7264035 493490 2989876 9778467 9274420 6943990
6964606 3872777 5223448 5434180 3209712 4894090
3165396 6357250 4706131 1946686 1843165 6279418
6524685 1643055 2780658 3863284 9905149 9663479
7042231 3935600 7915094 8082313 3542150 7329043
3699840 3136903 5701077 6849122 1387581 6130743
4369330 4219666 1236242 724563 9892111 5059722
678055 1769811 2023192 4290433 7402171 3448151
6605960 9736908 1740207 4259545 2860599 2926566
6319660 3400751 588341 3326396 2736236 5338819
9028895 8882293 330627 7894404 1734340 72809
9193012 6316273 4969669 8575387 7577356 7623499
5043175 5800121 1750944 7720936 3185229 8135337
7640287 2751797 6533429 4466942 1476352 3805241
5588836 9440294 276303 2774511 529462 7986829
5542402 1042933 1483429 5897423 1695667 1009818
4729095 2783650 35471 1950383 5097421 1085897
8478482 8030572 2159552 4116707 9216369 7060478
1175622 8598724 215522 2453004 5686109 9984439
8805389 4561953 7405940 6525385 2305568 2294045
9796505 6418500 5786811 6982839 3032985 6534422
6140069 9145751 4104454 741126 2991841 401578
8099865 5689903 7654375 5447531 5988459 3445780
1645688 1472129 223925 3215825 1598888 1930737
7771306 3089397 5356824 1498990 7092033 7133714
3603877 8203709 478081 7741426 2153877 8678920
5299085 1495642 4997586 5625130 7976638 70618
2956023 434496 5606883 9813943 4353138 9996205
2330063 3357857 8573493 3960160 4879697 833439
2070120 6580680 4819612 3856073 9211533 9943587
1177598 4641078 2053717 6970739 7137248 4788131
9923497 358438 3536026 8975454 148446 4492817
8448193 6020558 3495490 153306 259801 1164392
6323854 7957362 8736259 5360618 9168927 3734176
8560221 9643717 3324011 9644642 5671306 5573197
3859308 1443011 2284109 5053999 4447531 3335559
8016900 5985284 3297248 818751 9890446 3994699
6460179 3354608 3209411 4080675 5511966 8859138
7337948 1916813 6320878 3655220 7532219 1254171
1207328 5816979 5472151 8319541 8410517 7493531
1464119 278854 4687132 7962828 5116146 8705434
2208708 3394194 1573026 159931 2136406 4274517
7867144 5505102 8066915 4741559 8900439 5814318
524764 4479545 4131750 4464872 2306694 3754493
9252319 204088 3910792 1029937 3846670 8630551
7863408 9697358 7574766 5803716 9354631 9611592
9307567 8497350 8238462 4503977 1871967 2117772
7286112 7178016 9780406 2046361 5788076 2027117
3187255 6465768 6916540 9657832 7794777 3930972
3361781 6999246 7972159 932639 8710509 4912058
4794641 1178770 9547523 2942475 2296523 2439047
6699750 2063427 6150470 8455322 5433992 403088
7575856 6020786 2607577 2013977 7178760 5128677
3974086 7205957 4416011 1883675 7842681 7380902
1714011 8205576 1902581 3643794 2441935 2355385
1639432 8374928 9786841 3326403 9709335 693197
2570249 4343636 4881493 7341359 5346610 3724648
5876646 4731933 1031776 6513451 2081975 1773990
1323394 1347803 9820485 2843482 6958552 1504551
496046 2910966 3336088 2166621 1228463 4090947
536465 3055956 9621491 3795085 6815890 7059064
616247 4249453 6311450 1914380 9443728 2835124
247184 6632726 1859346 691363 6007028 3110748
6349125 5200559 6123600 128590 2320399 1094132
2534899 8795950 1416375 8282289 2830357 6798369
7357109 403627 3115172 790546 6804893 2290654
4103156 2081560 7916042 3972711 5897203 7832522
5462539 9409014 1904075 6985361 2596297 325826
9645205 9804683 6903938 225339 5817495 6027904
7967346 407875 735556 8527359 1260186 8019939
5642689 2333958 1419095 9513081 4557270 9040100
9719951 9456637 9827833 9568691 6588206 3925467
5194706 2376414 9303355 8291078 4666051 2911385
9190056 5549537 6199652 1090549 8637084 3025674
9894431 7131769 4586132 7087268 2823199 6397018
1555097 5575797 821374 9896102 8330022 3563245
6413426 5949458 4851743 2863975 7265410 3139660
497992 76513 3216476 2978470 5030633 3441081
6724548 9676268 5741823 7824171 9337303 5710648
1820287 4552140 3696874 8393421 9618650 7425501
4453968 2632682 6633437 3430815 8013593 1012409
3104093 5298603 4046391 5740110 1877651 8716593
8059642 6326081 8284126 3059992 592556 8560570
9809197 6915960 2101136 1145050 362720 3146931
655194 3730926 6238493 5110725 8075815 3777882
9866371 8020004 6330807 7426242 8410006 4632727
6506222 7067177 2062919 2204067 9874377 9732030
9394689 984438 7798616 7025230 9764529 3011221
7426521 8760294 3959583 5136303 8584224 2702689
5324365 3308917 2269962 3486506 2775620 4282667
4773915 7993367 7222787 268509 5873738 3857646
2385785 633399 7916074 3651399 6553770 3525378
6497651 7605129 7041583 2369105 1750361 9378282
5348314 3629963 3966397 3227272 7684204 9315520
9818298 4730067 9435780 3628117 2101876 5101089
2362765 3019715 4291557 7780252 7430152 1881010
2509242 9126180 5110699 3940970 4639445 9131129
5095147 3775122 2206524 434204 8638652 979094
5661106 2955259 1558556 2891679 8138192 9145656
316269 1546642 309162 7907267 450210 1143671
4421865 8757668 8531523 2814984 1288633 3534054
9233821 8717399 174977 5160573 9859862 2624180
4267583 1407343 8990518 4835268 8132125 3909081
7108995 9384094 6091415 8456686 7967011 9146617
3542533 9471085 4881523 5145900 7463982 5883509
1571847 4601975 8675970 3967027 9519104 5881777
599605 2280162 2486489 8672470 1200382 9921253
804117 500533 3095396 8934375 8624096 6730848
155138 5481000 3414517 6400081 798271 1066115
5052255 5965179 790656 9384905 9272450 1817547
8652531 4087921 1253416 4291467 3588725 5257887
3948210 300555 1888239 3108741 4235662 5851962
1422591 8436525 8183711 6170161 7652569 7466478
6051220 4608158 846989 8150674 4990761 1982981
2468991 5171765 3803704 7609854 8914772 3553924
5091120 1214699 3007711 668942 19938 7112461
8667836 6512649 6911807 7837509 4986165 8323541
4842609 7046397 1245338 7562554 4977489 2361746
2882404 8882093 8312610 3324178 3333685 4664292
970557 501856 9097160 9270434 1822476 8416960
1454183 6338355 1385783 8334314 8017620 3020962
2844251 753649 8416586 1071250 7502325 1139919
554671 8213710 9621992 2523448 3308065 7944364
737643 4906437 194276 1441958 4727450 32678
5241314 1766941 7881014 8343418 9698384 9518082
8015300 9397402 4690173 8494846 6383326 8647809
6937757 6508294 9028776 8224375 4718303 4223839
3945159 1811153 1379768 7172690 2769507 5119974
5042300 8447109 7193790 1152795 8532791 6916038
8222683 12225 1610905 1353105 3092999 6250679
5139948 4500833 1055265 8898503 3055949 8104922
6449746 2059824 1830384 974182 5585690 6799771
8915588 2513267 188134 5970436 7496798 2916296
8652909 8068623 8997434 2761039 3301118 1251274
2324292 6862505 864610 7774134 272162 6371101
7036904 5584652 3415294 2778096 3084427 217469
3168574 5046655 8755204 3274845 722943 709683
3289590 4068117 2861419 394018 2237207 6019523
6727904 2252247 2515426 8694608 2700195 5024376
7253244 2378908 1199714 9803990 6574211 6193444
7240312 8675612 1787661 5459282 3937278 1037
3384476 6137491 9428840 9970664 2801862 2450142
4161092 5378063 7345679 8287751 9471448 9233001
8389855 1930273 4625298 4845086 1046229 8019915
3855674 8342295 2884456 8390918 5524851 705518
9017755 3364583 8472444 2561759 6034533 2047331
8922021 7830307 130838 2860381 7009542 6099715
6590683 6757240 9450385 65283 4533516 7322132
7678696 8965493 2907459 1966713 1414135 4643937
1568146 2395225 7629383 3767746 1603607 5594982
7116580 4993557 612639 8723321 952908 9437279
3977697 1599332 9343529 5298348 9365729 1641141
9102162 5529474 4920731 8525582 8254402 4288988
8569530 3790391 3808779 5562324 712222 6559358
7798058 7051042 1950447 3828506 993613 3639308
4417948 5154275 6226700 4535856 5743800 2015984
5487076 7867362 5804332 13105 6087586 2934183
7978602 2380347 9599764 1266318 2864550 5884660
9723206 3042564 4140822 3340394 5198215 7813216
1786203 1554256 4281335 4053281 925262 3901866
7486831 149191 605719 5704221 880400 4211454
5414441 4566306 9785674 2904746 3038505 387040
8484656 8556424 7702805 874596 7583721 8331875
6959594 6531740 4186491 6065787 4105300 7951049
9498486 1077553 9956059 8413483 2749653 4189543
7734649 1433795 6942100 1902465 2526274 5938394
2328464 2274381 1499946 5388309 5851877 8298244
6098986 6818460 4058 3753781 4855737 6641791
110411 911607 3970534 5949459 7093686 4393522
9715375 1421044 6043890 2654669 6205734 9802846
4255394 7000957 1816653 5596130 5170097 1604709
3444939 6582191 6030149 1764410 8546131 5309340
6831928 1571284 679862 5888246 9966800 7286840
7946990 5744704 6221815 3314268 8303071 1838046
219009 1785189 4340108 2548578 2187090 1105230
9894504 9673794 6068646 1697099 1132915 8850919
6481591 502856 1648362 8399348 308841 8273546
611641 8346001 2365475 8661194 9117531 5522402
3713659 3827128 1454243 8757050 4707678 461030
3581031 941126 8697886 9978607 5377121 3384907
7264600 896361 4395100 4924919 1869906 8872337
9240693 5134828 438369 1828942 9406655 9463943
5638477 9547642 5435862 7948269 2702626 9957069
9472570 1557814 2667657 8817706 8834918 8359961
9650986 1137453 4966116 5607615 8116068 191788
153033 6502984 5125735 8263455 1134747 9412480
3878445 5686722 6476095 3493138 9420500 3982703
5084032 1884717 4420473 1990299 3118573 5160036
5025168 5632761 8238500 8740816 506036 3819306
717249 8446894 2061443 6035139 5273932 732452
3906220 3633077 7018759 246580 1675908 2903670
4338208 7375021 8412894 6023382 4069823 7015903
3480973 5979432 2137314 8684954 3733673 6950201
3939488 7660686 8018879 9806079 582447 2483306
1953288 1412216 5996948 1306428 7546205 2687853
7351037 7843306 412789 5743642 9586917 5787423
6963943 4837451 208808 1516802 7652091 5743551
6747142 9001786 1562938 1222596 5259842 4526603
1681992 2032295 4713220 5111241 2095650 7613246
2713573 4100141 3050630 4535453 8293292 263691
6906722 3031779 9828816 5725040 8672344 6226516
6603113 7737331 6392515 6349890 1721011 8896221
6741392 2422685 8595 2275327 3058937 1580661
920368 730691 6152374 1470344 9624436 5513910
7974633 2239795 5747655 2799543 3030069 5486776
2736792 2428490 6544159 9945116 4610080 4620311
5914735 1022101 329441 5336421 4619483 7522511
8134088 5332101 311283 5816998 8369848 9672965
7604650 438245 1041203 1469969 3615084 7562601
4111317 5436378 3407343 4314906 7750407 6432549
478860 3803569 4707261 905739 3613097 9292521
2352062 6796276 7812605 5388283 6360592 2036835
1251219 5583946 6111207 8629862 3336255 4292335
5202626 2157635 3869946 6074690 5194893 2591824
4445572 1266823 8813405 8981557 5833799 9173702
1212968 1599828 3271694 3896892 4857560 815913
2815250 7228349 1719003 1018762 3464935 1573572
1860360 2216366 4077653 9004368 218749 8031138
1451394 5481454 2100122 9115007 9112280 5592771
2562602 4404170 8608676 2115437 6460166 2346273
479116 3370505 962477 8638902 4175315 4760763
8765140 7354327 726385 5295293 5814612 6107906
2573331 4183864 8692699 2296373 4214330 2978526
8514170 5441204 1048074 782266 7530163 352344
7073580 2097960 2487548 7678922 1334289 453390
2207237 699813 768182 9372729 539646 94429
611095 3221457 8041051 9316889 239227 2864421
7304753 6156100 9666842 5992215 6541676 4928415
6900072 266229 189839 5630150 3601266 1018962
1298199 9696849 5840342 610132 1565322 2077354
2273214 1086218 6020038 272994 3088056 5114799
5339724 3200602 3644218 8598269 1685278 992873
4937474 9197281 5201977 8183652 3477513 1374062
685502 1081364 5556284 7559132 778850 1068060
263550 6577087 7098547 9749220 8074530 842796
4254087 963 1656134 5963696 7043674 9153008
6844383 7031758 3068044 4552043 652491 3341073
1284197 8301802 8580950 9196966 692675 4403984
5816985 3114546 6219335 4466279 9924630 483957
6521069 4714082 307367 4951978 9444 6510968
8016251 5590503 5126071 2801421 4344182 1684315
9336739 8973778 2153606 6048968 1339268 6445755
8306018 6133458 428873 2215210 6274935 2477047
2487109 1066584 5884412 2694562 3932234 4959983
4623460 9787808 76332 1172176 9442626 2329592
8845641 1892405 7022314 6557075 6535791 5061987
8215002 8482776 3957620 6896635 9860227 1718897
2250377 9768016 1775277 9773580 6160260 3791171
55084 4305859 8439147 7830319 2464869 8942859
626556 5321689 1658269 166088 8177960 4556374
1607982 8164562 9531151 9824014 7203327 9446863
9423440 1748943 9597666 5366886 4000208 7792158
8519427 5590473 1206356 4165515 444184 4164218
3184705 4849880 3627547 6285160 1117092 5136767
3890445 1015321 9427536 8079454 5930518 1214102
3403718 8048913 304815 9401246 5288653 1695664
2187746 2426363 2564689 2328414 350139 4411316
4193504 4688197 305650 646988 9310892 6874395
7736502 6461041 4877504 7494050 6981382 3328080
928826 5322822 7047469 4394383 5933569 6188006
19327 1343986 5818425 8383564 1963168 5951294
7487343 9118181 301820 9510692 1977768 8017821
1599529 856291 4499740 9216230 2091655 6428895
4831117 3243456 1704429 2553140 342951 9469476
6336598 5909667 1067530 6976735 8472419 9965830
4648195 7793362 6492794 6376682 2309087 9006153
8592891 5809940 2725029 4354355 3159645 192710
6572575 8225810 4483272 6859683 5894521 6125091
8828340 1712596 3231166 618574 9563265 2690112
4483576 7466186 1001034 6348949 2046966 6053500
4883764 510607 645761 335989 4862496 4184405
1525026 5222846 8547203 5493587 623339 6281714
3703865 476762 83811 1511718 5980564 2117140
4986203 9476914 15146 4942439 8148395 6759823
6734664 4029620 8230097 3802681 1893105 4842900
8005118 2243942 3762974 6671528 9470591 2649037
9546948 6236586 3363313 298867 5334656 671675
7577887 3334752 1089256 6949451 6914709 9086503
2606301 2971858 1485621 8883893 1362745 2570051
6038354 9941324 2362212 3885938 3601325 832876
5954308 7722345 3329740 3704302 7488468 8379397
2518740 7032337 1006170 7434773 1964769 9743978
8753827 4687336 4142258 9343471 7364551 4813642
5670566 9785212 7114911 9143593 1196380 8921247
3357279 9121225 881196 1192922 633174 9529266
286825 5661010 2635260 2530437 4344558 7612311
7341934 3873585 5846284 2709859 4430711 9882372
8080333 5171528 1007088 1741642 130066 6675409
8427793 6694883 2576773 7548570 8215371 3816113
3717965 6810715 6525964 4408492 347023 8367243
7498200 1325818 6399162 1476904 7147948 6303759
7108717 6223389 342778 6529946 2001536 3490966
8967357 2960706 5354501 7232539 1063260 6024852
7914158 1615636 8991158 4205787 2765128 3938290
6952492 2738254 7445638 8819147 8812471 7533842
1086346 2933442 3526561 7479041 5211659 3104892
3483209 6603428 8023579 4703329 4632925 3906676
6332630 1897846 4693347 9085807 8581212 5254664
8461611 6485426 5747455 501112 6494333 8731387
9376084 3292413 8560689 2460871 4524411 4409693
8858120 8289569 7410918 2808935 5443600 9068094
9964404 1488316 7749047 2249608 3749329 4459831
8001272 3210829 6982710 5084482 7873156 867282
9244943 7866685 4157042 2190974 357535 2327045
1786387 585233 6439108 4795173 8102956 1919246
4544203 1022337 2079017 3613886 5845209 6343355
6495758 3523695 6454246 5625252 9121402 7092896
7505617 6212003 2736096 1287623 2499840 3283504
1748676 4291602 5419256 7693407 3215927 6657725
252650 6667146 7932034 5083872 1022547 4858366
2628985 5169231 3385359 5829801 7705405 2726992
2380813 4387385 7365620 639355 8588723 4349460
4413035 3619690 8745282 7064145 4685357 4145532
9590949 498764 8085393 3155603 3046497 3811353
6499989 6850795 7806409 5421291 3361235 9178062
8411321 1411886 2501148 1595880 2996267 3952171
3707536 1675815 8506598 9104 8906809 8112454
5917884 1109321 5702879 1069795 3280372 9596236
7912442 3188505 1981789 3786501 5492922 523783
6772972 9473382 2122733 9574005 9329811 854609
4920582 6959522 1026150 8187557 2228034 7176837
1848312 2817154 623423 4793111 3356609 3009541
5638933 9581845 1591954 9972939 7237719 1937176
8108474 5430194 3570423 8210173 7508848 172730
7196273 4624819 5918963 1977365 4822908 3522885
1829437 4133530 2346003 7651989 5088521 1947287
7086304 7730326 8881286 8526041 9221482 463217
8972812 3119331 9831895 8972247 8147567 5911077
8931828 6800033 2235662 185557 1465531 3899617
7284185 6710409 9450673 853419 991283 7603214
1257874 9870947 7994246 7100538 2963674 9223078
663537 7986944 4493323 9644667 2886634 9507392
3055889 9582433 6208711 3107206 9237360 4389517
340834 8224025 6477251 7885 3045536 8022874
1287222 1643879 2667999 8446386 367803 8378112
2496613 6232884 6739042 1278072 7268167 9350535
2468971 1872274 155657 608817 8308710 160623
1417753 9287161 3913398 2728269 7129668 1883098
7690906 4176979 7473049 5061156 512584 2767257
1125962 1249988 6825410 9971371 5813316 1319794
6555078 2217150 7619140 6115211 7148053 6653749
2768350 1777816 2314265 6858175 638234 7365086
4233860 9732017 9915315 6316628 8590132 3758375
4109476 8558952 4514210 784901 755480 6190824
905062 7435457 5720300 3971784 152109 6018179
2525124 2497600 6058957 8835862 4053738 6091559
2541482 5302541 2139107 7259649 9959919 5351851
9568832 832730 3538744 107963 827295 780567
2851942 4809333 2659856 3067035 5861895 7254363
6805584 5770176 1461670 1428315 5210148 9712595
933449 8796565 1625706 6296086 4333051 8140634
1306128 5397998 5678278 3823756 3775146 3287590
1619267 6849826 8599033 9162358 1216069 9922749
2652080 797099 6608161 4939732 1119842 5342776
3358323 9458089 6635705 8804594 2030278 8283562
4629888 1113166 92393 2426511 6326199 1163354
3726145 3272746 6499678 5398110 8801835 5429297
5102288 9028186 1034186 9372265 1447767 9012068
8655330 7643225 4554107 1538921 8776235 4413049
3104434 5993716 7676722 6282930 2937763 4874962
1504929 2501533 3367719 7394716 9193867 2661980
3195197 9192756 523626 7435678 5436213 7943323
3423070 7253970 1995264 1178863 9837444 2091656
4308589 3986057 8010322 7623636 149264 4387052
3729454 3090967 2336931 5679343 9322077 332483
3486632 7443214 334982 1624716 3893180 6300301
2061578 7707572 9834318 8372206 6177068 2255010
8488441 1219651 2207011 6610784 8115850 1522264
2417784 1925570 6156272 5585065 1974341 8951705
6864639 3881292 2352269 8980666 3665261 6102900
325049 7515853 9870678 191143 3949046 7992999
7608340 1798353 3360789 5694963 9117285 2129871
2257338 5936382 7808989 5755311 9135195 8929612
2180041 7118670 4975116 814666 3261559 7396506
4176210 7901566 5468873 1383276 4760077 11888
3948031 3080911 4042310 3731417 8047157 8661214
2384332 8297297 7270604 4214012 9002443 6317496
8161475 6722821 2808284 4026400 3327727 6037958
1142716 1109328 4746096 3422657 6800625 6546590
1127783 9510382 4254294 2474171 6014932 6047480
2524125 6225063 7038276 3348901 1746932 6036374
8087560 8525920 7889225 9147774 3370978 837897
1659007 7966029 8116226 8657620 2653191 6538737
4588221 149810 4573838 9430914 240560 3650748
5265791 525373 6280285 7495719 2603633 8536774
4406920 9910160 2282364 1223124 1689886 2777380
9279219 4812574 4975888 6771910 5938839 4801806
8148732 1994942 7738349 3908199 1763649 8834596
8430364 2470163 6857191 7715556 7885949 5865122
1473641 3093210 5984503 3387528 8083109 1221558
9756088 591840 5922286 9352450 4740853 3460818
8555533 435883 6276142 5338846 9378400 7840617
1562849 7816311 4210970 9772031 1282182 8245617
5912398 1357592 8761724 7445689 9065355 133470
1679582 6691364 2024210 6417241 9749482 8596675
6792877 5891691 6729464 3754330 7015822 5346998
8879520 8796281 7254088 4277531 5352665 1327766
2558453 3091518 3091763 9016574 6152707 69638
1654152 1701610 1811028 7738885 7475129 6725516
2459834 2310398 1526485 5788816 7672868 8049489
1436607 2138291 686401 7679467 8545968 3486708
1111152 7808518 800489 8863971 892511 2485900
991528 1634867 6004926 7433958 4887236 5973837
7041706 2663008 538656 1954572 4763089 8047871
6785646 9053991 8416562 3948 1294496 4705423
3820513 3090703 1123413 9204599 2840923 3214374
641364 4878985 4545549 9605054 7905422 8344188
9269149 2790181 809098 9325128 6747356 5840262
720589 5025875 7423162 5552647 8747109 5009859
7510832 9482035 7375202 2638529 893820 9491977
5070146 1107203 6514022 6095065 5043457 7801807
1362486 1786929 8793943 2790552 6792593 8250
1428288 7436651 4757586 2194468 2685423 1972907
7238773 7460518 2306634 2576300 9283358 6268620
7282260 8267865 4343593 6113554 1693766 3358888
5839172 8002835 3985164 5053572 4534908 6798218
1830165 3174083 7746723 3007291 7962641 4960427
7046318 7930037 8233282 7414912 4124359 1310457
252273 5316364 6796612 5402294 5399756 3433302
7185342 2493846 1823845 245402 8812805 6775591
3458213 5248932 93163 5435054 6951379 8789757
6023085 6374715 2901743 7959368 364302 9511339
4226184 4231481 9497876 7346207 5529981 1353321
8035337 9867348 4143506 3033135 5861281 6377402
6562276 436878 2603079 551862 7868230 2041062
4974372 1584763 4361277 971131 9549077 2713709
4867264 1611263 978657 9443524 1391827 7749644
8408714 2292904 4952061 7285272 1176109 1168274
3935426 9839134 6963864 470524 2210064 8945457
2632085 425078 9387650 3715760 8872778 6514501
6186678 5471223 8506485 860680 2984995 8779538
5150061 3255053 4682404 6784166 2478943 3918718
374663 8591813 8475520 6393862 4624421 3568376
1425340 9277004 9260768 1434805 6616435 8029095
5077197 4503848 9374699 5415820 8339045 9123999
3326058 1151503 2738485 4464155 3256846 5920603
9243158 7548033 9307909 6172522 2135210 7921056
6485869 7151260 7360191 3045146 95860 3618250
469936 6238223 5800656 5819274 2290419 9595774
7253733 4751873 8854788 477390 5783483 8481146
9404839 9734241 4916007 5558405 3458107 1327439
1180232 5910507 5334966 2554916 7150703 7076387
4260466 5252818 7141793 1339712 4948935 9465174
668903 2032051 4407988 5756448 4945883 2100822
3323342 7506784 8861083 3142711 7210422 8504973
7065815 8765768 1764550 826763 6767683 2400969
3005048 927463 3693153 6032752 1864913 4185352
8283284 7915019 9087520 8724269 1558807 7037601
2453980 5914020 9802937 9389613 9808486 3751432
4073157 3648390 4788357 2815185 2235063 5951323
2466355 8037521 8700084 6829993 5489100 8384935
5311837 3433703 8485134 4740824 8334663 4021471
5772021 4636151 167137 222635 7473164 7030864
3013301 4599073 5947976 1823482 688730 1296401
8702035 7676202 8957281 8013118 6753605 3119292
7612611 189863 8692400 7741829 3566396 3827392
5485267 1453290 2425918 702585 3412431 8125104
8552466 7713156 7579357 5781465 3617591 5172335
3584294 3850522 6175226 7757493 9801883 7635989
3346 642873 7348791 7403682 8127958 7812898
9427653 7298719 6680098 5365842 7128212 8144800
5329071 8030191 1069755 6339745 4737367 6019874
4604945 2310716 1186641 7822872 3271015 2975573
3717044 2920569 4058610 3784946 4428823 2903083
6944066 9855118 387979 1056410 7738482 2923522
6478600 8081584 3325331 4613020 1274931 6113712
1445005 3186624 584944 9434557 452394 5587399
4102579 7244549 9113154 155351 3152548 7491166
6449348 2180474 7371858 4373217 3686638 5207388
3754287 5642706 2869896 3777014 8421775 7273093
7756820 4272660 291708 8146233 9861144 6655782
2694542 9991924 1035785 5072929 6377866 84391
2390629 4282487 2468174 8471210 9682366 7184273
3789928 6788714 6702570 2896812 4607062 5558008
5551664 2105383 4394946 8117943 858733 5632224
3243816 7667991 4764848 3311850 1677736 6179734
5295691 5956346 7383405 2457371 7460809 3160623
6455381 1376419 5802608 7287466 1982587 9404150
2739213 5283076 5960339 5685622 9987086 1633061
570523 4860007 9665598 4733700 2594568 7755761
2260836 4576599 9133191 5403560 1829112 8709875
5319543 9078779 2604751 6288440 3175519 3726020
9800867 1332557 9327905 3541946 6441431 3230642
9755400 8264197 122795 4990795 5378729 5575656
9671884 7558193 7680904 3131786 2741326 6817728
6514136 561990 3361777 9627643 196535 2884210
4027432 1051820 9547306 7092732 1967923 2903808
6799399 6450773 2107556 2234319 5884755 8654528
2305156 7028576 8418576 6434955 4978300 4330371
7632966 7270040 9197869 3557534 5731675 4270919
1028970 2187756 6337452 5787022 9774304 2613529
364242 173223 1136022 6443694 9514514 5389610
3683336 2662667 6296273 7218986 8191396 8927956
3468099 7437565 1673438 9026376 826630 5712749
8399152 79181 5583690 9031405 1994677 2926494
3686340 469897 5320145 5276387 6063762 9780167
6566355 1012376 6676468 9494027 1870076 5711531
7518505 5861461 7514061 3028965 2751618 2315633
8034097 413979 9078643 269912 89434 8294110
2597481 2002593 1361125 624703 7387870 9695122
7029839 1332836 8178546 8209527 2757354 9044617
69465 8406949 6598904 6516106 652631 7179019
2251487 3974072 5567488 5961906 1507870 4965169
8198687 5370186 7327562 3268057 997308 1580698
3847850 3416428 380462 7026034 2678905 4061168
8419042 5941652 3624506 6981346 2464188 537239
7532984 9308977 3104107 8469444 2959500 4344669
5716728 1517991 9761348 1899623 8018425 6115362
2726621 6635574 494722 6395955 2426015 2017684
2367560 3761781 335528 6597848 4361676 9340926
8664155 3043430 5728043 2537735 8097064 4710978
3554513 5270141 1509884 5030248 8428922 2198892
1861062 9729243 2410685 2982893 7551328 9479316
1819349 1948227 5398003 4265099 4299412 6043331
3566445 2023086 3515637 1606821 4613786 8702406
201710 935136 4947301 3763181 9805289 9916069
8616625 3178992 3420927 5050369 8345110 2748283
4605478 7696373 8206652 8295830 4534893 2696771
9606998 9384666 6210452 856212 4778498 2413449
3942923 4399055 8744017 9684711 8971290 6073977
1195341 1947691 656355 2807477 4828538 7493785
7251591 8097881 9923954 2494616 4366267 4372336
6058388 6768980 3603116 2649719 9659621 6603039
7836679 5270615 7488192 818865 1999823 5229119
2491953 9345498 6156638 2533851 9820258 5406233
1172051 8931913 4207702 7346949 3855027 6397418
2091927 1798000 2867834 712866 1044238 6437011
2772816 7112382 5018399 1838116 4797823 8009518
8810332 1293203 4739434 2140978 1848032 3700674
8585784 376475 9947868 5427236 315523 5483039
1337147 4717740 8277623 4517720 1322564 5434353
164634 8711438 2913952 7205698 557791 7861620
3735204 7123812 4226377 1051181 8046048 4887441
210719 653837 4547674 8147119 3723518 8527054
666799 9031073 7083881 507027 8761165 3478552
6449550 6664691 1482476 7384795 9375719 6326497
8159388 8255096 5789817 9584046 1673481 6086384
5095565 1604634 735411 6877813 8405773 4724220
9474297 7534603 2330427 5060426 5216516 9661686
935364 3190027 994222 9750568 3850921 2291490
8350472 9657606 9950273 9435400 756148 3893099
6379143 6350409 7748092 7899879 2891792 9790952
9097623 626673 8980355 8461290 3051554 2118883
7791642 3788986 625299 2359661 1032730 1226561
1148124 1389123 1448175 1820790 6449430 6185692
5332275 8408819 4404175 3498326 1233573 2015875
6136110 5660165 848485 6842312 498670 2055364
6976127 1574418 4642811 2539474 5962802 4589842
681331 2474074 138473 8875338 1958926 61935
1666191 5990810 8624876 8723712 8287275 9367024
2444924 4558353 9900978 1562399 2567603 4482973
5386777 5599296 9393099 6964480 2325179 7391388
1270397 949330 3290315 8569935 5383533 9458312
6583750 8608650 5426320 6858332 1139458 3975355
6047219 6456937 6449893 4342239 1832135 5242763
3390998 7412398 7372890 1481461 4397387 5940316
2154385 5413728 9006814 159837 7152696 363506
5196742 3716851 148895 2747084 7604940 1009595
6771619 3096255 607277 9166563 2139961 9678624
3940704 5586592 3418894 5925623 5515179 6110665
8033079 1044537 3767161 4150336 3573481 4912780
18498 9788936 6551943 7349998 6415550 9969804
451497 6423912 1455953 5062814 1661589 7422607
3826460 3300134 8851997 5440297 7570620 8735880
4635485 4224434 5272436 7694265 7540757 8810794
2521422 6228761 9898548 2896148 2126758 6108159
6596345 1046406 143370 5236115 2728586 7816003
4457652 9421620 6680704 637472 8715066 5716049
8222670 8877889 3925002 5996287 2099163 2215044
7258668 2592782 3473916 5031280 9514851 9349046
9640343 2324232 2248179 7741148 4828576 186788
71256 7555349 4297154 5347794 8466469 615183
7279237 8590345 571548 1035993 982644 8149000
2055175 3998012 5509368 9556387 9471594 8662867
4885791 6525134 4129598 7683503 5637480 9533975
2634242 1565064 1531554 794323 5595771 404353
5567823 6716503 4593043 6493916 566216 1159717
1418894 2874876 411420 3309819 8717050 3508817
1643496 6222674 1610137 5324916 2976105 5516839
3839677 83955 2852638 3585312 2855356 8303442
6057189 2387753 1917868 4763178 2713552 6901405
9083628 6484913 2994573 167194 5468170 4266140
3555957 5561259 3431795 4349651 8137492 6596718
8251447 1575972 7808084 620781 6040006 9414805
7923837 7309326 8588959 6014715 6954645 5511815
7551715 1982511 3861147 6289601 436726 8178463
9241848 6655715 161323 3510014 4226190 2232136
514244 1476301 754504 7343996 1768959 7414846
2085043 9490026 1946462 6255920 5333864 1279384
495357 5436408 6347746 2503062 6839341 5404226
8312446 3068913 9530268 7482757 2615479 3485658
404993 7266355 5124532 5253332 5107803 1481776
6435394 4741432 7349781 5575947 106536 4563705
8660301 579840 5540366 1174112 3929671 7464618
3565352 1295795 6648646 2581762 5794243 5000318
1830716 6738785 9816374 4757097 5197568 1157276
2701868 3031486 8860822 7268845 6939002 4502603
2290314 6831710 4382223 464686 9820525 592432
3929602 4919410 5329871 1784041 3842761 6259500
9863859 7138333 9139242 2065649 3917404 1319684
6837012 7823231 1472111 124213 3422615 8369017
1665402 1678297 9543864 6192505 2874078 7075050
5702882 1391456 3640838 1037763 8883798 7097960
3082395 3100666 1475269 6056214 8652160 874833
9670446 46675 2896024 3556874 4893237 8059235
2018034 636219 9114081 7541138 431832 9115771
3030491 2166100 3409095 6013205 8799283 8142228
1048568 7737097 2045331 8254821 6081158 2451304
2618662 8826096 8254534 2041281 8983253 816738
9844414 780797 9171071 597278 453767 3375939
5472993 8108527 6785059 1484629 4174470 2237859
7960968 8161744 959623 4525066 8007271 6717698
3688865 7069189 4301383 3333041 5007646 915062
8829502 1415624 3965517 444719 938212 6067141
9804700 9976753 1652965 8297343 7696723 9651034
9944700 2433213 1712332 33155 540212 690755
1357168 9563939 3562626 9807471 293853 7919413
1491681 8093595 818824 1536836 8352415 1914063
6515355 6511373 5773151 8256008 1767776 9038142
9410422 5028273 7170315 717917 1679928 4197717
584893 9663625 465020 1308588 4580365 5574058
5005366 3655710 6528977 3610627 1975872 5443706
7352435 9022030 1121771 6046103 8953038 2844616
5248317 8267864 1624337 9738902 1781988 1185350
3877883 1688692 665436 2674189 622733 5511938
3520440 639250 7884010 9364909 9222577 630228
7454392 183092 3513230 5244765 6531470 4696705
5385086 2904727 4535500 329444 903572 2745746
7916371 3364318 6075235 4325699 5469600 3412064
2573380 845991 7881636 9279670 7430705 2891673
4908621 2331176 3032977 1017039 90187 1336621
7559696 7987526 9799452 491543 8591711 8769945
9331386 3551 1736394 6927631 4353815 8877260
6649849 3548438 785119 7919690 4757818 7258415
9436702 9194740 5169650 4471946 6791528 8376585
2748591 8174722 2752387 621556 336144 4200293
1663728 4368047 2814540 3198879 2769748 2916045
2946293 7424827 4772607 7305290 4994313 5466049
1675670 5645748 6492176 9004376 2629820 3882267
2106554 6988931 7573357 5774561 1580336 895446
6166971 3087750 1195998 1422866 7742951 416988
6017557 8709829 9667407 7536100 5263903 9985768
6062719 3450970 778689 7869073 4973397 7332990
2485808 2131411 4200427 9703600 2796275 1145780
1884409 3744215 5544902 8870120 8515002 3347212
6626936 5889166 2787710 1919093 7031907 9681998
1720047 1523426 9681876 4355618 1287733 6284483
5798642 4139570 381844 6506407 2941656 9178849
3103577 4237480 2015534 240367 3288753 9448924
6695019 6463370 291474 50217 9538456 3998736
4872086 7147436 194827 6320194 909163 9374737
7198057 4143625 6419062 1096691 6149026 3449970
7651114 8130189 843678 7915944 3904958 8656705
763935 5378002 802558 6366052 5766543 4277521
1331678 6386569 2600412 3338785 5224074 568536
9390523 1669829 1984970 5683139 9483532 4140296
6089655 9478448 3230406 1007107 9308349 8798030
2759787 2006885 8088454 8565563 2589252 5158564
8605246 8779075 2558412 1634769 9286282 4160454
3196177 8506034 1380893 5917306 4988515 4522594
6774324 3859271 8919551 5850525 1706168 4479196
1464999 1967974 8646657 6703381 1826288 4426510
5426299 9756827 6069652 2004528 3606265 3759657
6189067 2766114 3797316 7441848 4733539 6444999
8010124 7755753 2383547 7824515 2486961 977498
2759402 172349 4489932 8707811 4232783 5449078
9878479 6909261 300717 3609258 7100564 621277
6511907 1901865 6952786 8131902 6208470 9529454
8090802 1191649 4899768 7621236 9728239 2222400
725277 9332476 9125732 2474551 7840401 3950414
2095648 3640484 9481013 7669158 3943978 1653939
9936577 6718487 5524044 620574 2126048 6697004
3458939 2579808 5665550 3176038 929940 2831674
9492213 9878221 1547283 2854093 9733713 1295311
6077729 5138165 444110 2267531 7982533 4900306
6323345 7403928 9068859 6350303 1513609 3460079
1140264 8842748 7957886 5298846 8195325 9489982
4005409 7470227 9065601 8202764 4162297 7148430
6556849 7549239 8402535 6294058 2982337 7962179
2403130 9241554 3906770 8185701 1591429 8805812
1209829 7669045 8735953 623738 4297228 4722120
7628144 7108636 1066199 2205470 2035774 2087192
4873788 4193367 1682896 2057300 8848684 2263485
2229710 7874964 975868 3295680 5710682 433294
6497770 29287 4421590 1106679 3947172 2272054
9553308 2954563 7251318 9152073 4089016 526279
754029 3381670 3172999 4343480 574620 7053660
6082230 4351378 5513464 6315343 1420269 8788970
6279283 345830 392870 1643285 5955990 3716464
7829944 7914149 1958363 8302659 4125967 4267940
300529 6521464 3161463 8794144 2652162 9081211
4835873 5721714 104350 1156617 1303271 5467013
9090486 7886229 7300344 3922207 7213449 1359303
4919829 182427 8609017 5632619 4827396 3601342
1879184 7910023 6998572 3534854 1322128 6174867
8567916 2451370 9255703 8905058 4042951 4053155
3892196 7288086 1699216 6432253 1479470 5698554
8684620 5122666 9042558 4925857 2552799 8069760
6416119 3907736 700700 599060 3382829 3943540
5658923 4667909 1694067 9560121 6914959 4742138
2082638 1301019 4399586 3929482 2588701 8851901
6211310 185427 3843278 3247189 30010 9925362
9660086 8487576 8702957 2910462 6947999 9704730
4558783 6953326 5357224 8928811 7118734 7414392
5474167 7968855 9068540 5312162 3246135 9375041
2359087 4332075 373126 6957078 4349615 178450
1298968 4755137 2533964 190656 8714547 2367371
4226482 3168930 3877725 775337 938974 4895253
5240583 2748460 7719910 1989337 5001337 9961633
9384914 3153826 4182285 6985193 8455315 4619845
9783360 899147 6939292 4468237 888101 5697935
9552235 2703008 4137960 8524506 1611494 2192861
7170765 4368127 8238779 2989852 4702329 3949803
3536667 4698829 7029881 4173287 71579 497674
1655130 369750 9330737 411493 7572163 1195788
5996165 4313775 6299822 7914119 407295 7815399
5428079 9758244 2280828 8179789 1223102 8235965
757292 6716077 1136966 5527048 4818571 633210
1722853 6395062 8451497 232481 3448526 3756486
7589963 5610073 827568 6441617 2813106 518351
6367198 9140742 5130844 2942172 2528340 7297718
5893039 9256646 3960831 423379 7561773 4944085
1668974 5356877 3475727 8793915 3415994 3355501
9360708 6128082 5551178 8697526 8688640 1177101
2744290 5763684 865248 2543335 324156 4797222
6987831 8986461 6945137 1762477 1812591 2082359
3105121 7815119 4187736 3839247 9634008 5561925
6672379 1299473 8833289 3507412 8563506 8091649
280758 8796047 2194078 7472066 7080909 6685024
4967172 7669671 452101 3953743 197881 6764656
6432469 3349703 8932489 9163609 3435548 8575311
7998947 9906497 3544285 1393367 5688794 5600875
9167765 5521461 6494073 9989253 2025147 7389166
2343812 9236878 7200177 2773599 2262577 1528108
2603143 9515765 1905552 260113 6795304 4142920
1630258 9151378 7617237 7423079 7406777 6284304
6629435 7508769 7863925 257977 5508464 8657009
4547363 8887391 3107253 6593203 8304300 1559448
190950 4977919 5644523 3062935 1609930 961002
9564479 3658870 1087126 7404381 6560465 3919782
6669759 7738833 3111192 9401365 9763109 6537416
7983637 1744685 8114683 209769 3359817 4516377
9525240 2085834 3728413 8543167 8226235 3375185
8420855 6009940 1211464 346104 69163 1817385
8498396 8567322 7541447 6656235 7858600 3747907
5197177 9225054 948304 3944143 3588218 7769631
5545817 5145998 9124281 6569837 8609565 6559614
3444764 9981180 1618101 1128145 3537695 9524096
7232588 1021312 5432634 7711940 8983526 550525
2708318 6323654 7669670 1293807 902968 1195787
8995968 1327402 3886085 4366775 5012591 4134763
3568073 5581097 8497616 5958782 2997350 3080236
4250904 1851018 7400374 4651849 6901339 87982
199283 7370251 5029626 8017351 9423646 6837288
8315273 7485236 241527 397778 1235825 7264563
99960 4252010 4243030 7928494 7573868 7282163
2673529 9077989 4968589 7483338 7560072 7956598
1026480 1273806 8023961 2352397 3461036 7132508
3150151 8056468 9422315 7581687 1094523 3532717
6166160 978617 1903756 7048797 6051502 7527354
3893235 3170294 4345272 1233052 5858821 8745340
8837206 6322409 4277149 118210 1978320 7823350
5119393 2715945 9810178 7073028 6990871 8149840
8813326 5962876 4024199 3109019 7247627 3179356
7842248 2518272 3157486 710313 1762334 6595250
5378407 5624731 3026487 7441234 3590102 4389777
3611326 9793427 5414984 9278621 3515191 7138627
2855358 3031941 6078147 1598965 2462294 8378578
3722538 9093131 3987746 3753916 8235471 88625
3503154 784215 5922667 1165915 3390803 3340549
5587853 8126892 4560074 7681898 4739802 6353589
4796862 7678158 9125842 5420401 3461702 7197443
2734855 9534704 2447685 6885572 253661 4215686
7101208 6243283 55977 4778908 6987775 2669202
2607504 1624491 7389260 2937861 3938079 2805886
8467109 2445410 6402624 2074435 3690767 5388298
2578553 5173459 8292138 9724558 6802102 4784136
9252735 8302136 5631429 6790302 1019060 8700766
7640940 6617582 530554 1706981 4064706 7147519
3284571 808945 1139117 1890871 5074394 3115311
8964328 1859001 3740078 6319956 6953291 1016291
794819 660420 5843936 7059386 4307019 5080202
5923547 7376650 9441181 5271841 5526172 8685638
7037773 5817201 605431 8688494 5296920 7320497
2275332 6760127 8380704 9255104 8789864 2881822
4249181 687681 99064 5176827 760229 4943101
1044057 2932779 1348844 4615137 5995483 358639
2856829 581554 2310563 5450352 5783433 6688055
7706338 8012729 5282772 2453478 4853097 9257192
2509879 275834 6562080 6419581 4044623 193164
2635587 1539714 1870556 2962114 2810205 3619337
4981137 746720 6616420 4498080 4227783 2593393
7336794 2422636 9821718 246791 5831664 4715366
5009933 6824979 976693 1692648 1548765 777134
7599050 1795703 5834583 841872 2666947 484395
8381020 4624475 8888155 1155680 1979550 4455768
8488083 9894715 7771349 8691225 469215 5036713
71635 3208258 3784945 2689378 5116684 2430461
9435474 2263087 4444169 1846714 1409648 7219644
9216470 942939 9990949 1093421 5363063 1014501
7784754 4139265 8079773 6132025 6117060 9603308
3705238 6181113 443086 5365949 1758708 5936949
6944016 6318708 6355764 5939980 1621013 8340507
6992188 4909671 6679019 3404122 1406397 403859
6040225 6534305 3214827 1668511 1939210 1036610
4464819 7394661 4531651 6756847 906471 6329950
6956940 3939609 7091198 4181637 8984140 8935570
1987375 4069525 504378 8507219 4902698 5090940
863879 3276489 9321926 1650441 4101233 453392
4335482 4380632 2732867 7675913 91799 9582754
6388480 2036727 4241902 9406475 901129 4364047
1405298 187169 5412236 25814 8983040 7681403
1249309 2810551 5925531 7743448 1416746 7336872
9899480 7533006 1631607 8123887 804631 8662720
1714684 2814377 3293428 4078258 2421365 6525839
3597082 9281027 3847810 7508443 7793157 6947413
4693668 2580899 3168395 6140331 7101921 4715529
9678703 838065 4293449 1640522 401132 1290681
4527860 6592034 2963885 5395995 7776432 2558793
7951147 8264592 1232095 5579182 7691790 8086752
1070619 7327039 7765803 8886397 6428731 9702013
3833592 3740866 5017393 8978118 3049780 8835847
4168476 3759149 431084 6916078 8445184 9966566
4369271 74161 2413245 2002746 9550398 5829330
3561953 8201087 1504594 1289016 9557295 9528564
5715318 9114486 4889108 5081643 5069711 9774881
6949725 792305 4409333 4591436 7806930 6660266
6273287 5549742 3542253 4128038 1227518 4017282
2127708 1035069 9819408 1265528 1209910 7617629
5673506 9067873 7776641 1936473 5324444 8227644
8197418 2544575 4183570 5488829 3262799 3935294
3946738 9086833 8689438 656202 9966353 7652878
5557233 9777834 2267231 5752979 5729458 4000655
2287076 9433915 6973568 7487312 9161308 8522226
9709155 4449789 7904575 7271479 9408136 6001838
1998240 5013252 5467861 6181688 6394018 5262354
2476695 784458 2286942 9606959 181299 2140684
5327844 1471505 1068716 2166530 5708294 1432076
5350397 9920526 3338415 3775986 9649396 5890528
1254076 710106 3383267 5661343 5779673 8813010
6030719 6675258 9678697 2687599 8657962 4953100
2185016 9375544 3383816 7004876 3276283 4944999
1713712 2680117 9252615 4832883 2159467 7689802
7453510 7542625 8741494 6472498 1921081 9487609
2663423 8222253 5363856 9577333 4927612 5683911
1879087 6815352 5004784 3473932 3576240 3506040
2461987 2640244 2813543 6115615 9981513 6332750
8048259 8345520 6644243 8393415 2062274 6969278
6637912 6421192 8550638 5693464 8207833 8237048
71515 9558220 4754176 191087 24176 435708
9589244 2607683 4447932 7699904 5125789 6460931
9940215 8239779 9103876 5746575 2370895 9519222
4876259 1337895 7561111 2408744 8424238 3575561
2843366 4270008 6159979 8394577 2939420 8506420
7133272 6185622 8607518 6767735 3402417 4018020
8751863 2270900 2616067 2377834 6526370 7373830
1884818 348355 3219731 183311 8453199 3822494
7865402 891337 4050296 9031415 817205 6869937
675937 7662771 1133981 1178615 7347721 5754168
4275729 1194667 9668262 5941511 566631 8940167
7853412 3172479 4837362 5085856 6994711 99995
6903154 2498425 4811525 187280 523926 8075883
355829 2660055 5816808 2337484 529174 2048083
4456123 8101856 5368417 1737581 6091797 5739645
2884038 7573247 4923179 6861899 8102104 5331702
7705567 5943306 9781723 4279563 2329898 5280719
8985132 2779545 3896625 3950300 2128261 8318779
2058412 488656 7138844 3058098 822785 4687665
9937360 1938244 665493 7620179 1485387 2464774
3571750 6115831 7080682 9097716 2201818 9421463
5176816 41255 4396320 9479822 2481713 4580620
8294160 6076266 330156 536088 3352351 7749628
8151457 505823 5973595 7049637 9679168 5603141
8600801 9825940 6750462 235513 6924539 6163859
4666209 85388 4457918 7316948 707813 6214066
8200037 9887416 577727 4475162 8773484 2087005
3922459 2578590 8006943 2558224 4763938 4746519
4357508 9401271 8585892 2915864 9468721 979564
6491179 6522113 6436662 1477541 496915 2375878
2671001 4941303 3116716 8232460 4813612 2396324
122701 977211 5368453 4116090 2336050 3464935
7171901 3676295 1732338 3886590 3127177 7100578
7596197 6042576 5062002 2003942 5878004 7523267
7577966 1750345 616667 3478353 825769 4185699
9777403 6722496 9390500 8201849 1804160 3832181
8970288 5689998 7764977 5610619 2435522 3786726
9378066 241418 7065221 5120957 5743962 5792426
9247225 2604588 3394935 9336084 3881343 4454338
7313875 667058 9063298 5593449 654493 3063267
1779657 6644348 151442 1182753 4338686 5613553
4074434 8970051 1872134 7900157 4916301 7437179
9335600 1985578 3607054 1275275 2625876 5636585
458046 2457009 6006382 4824241 4231127 8221180
790764 441319 2841153 4936162 887973 1137101
4768882 3376839 5035504 4701710 3830961 5791174
3635284 8195312 5902732 1451667 1046522 6773911
3920291 1347068 7688286 5957756 483 1895765
847284 6038600 8041182 3426712 5135403 8197483
7056884 6955416 2413220 1930261 391989 3897366
2772400 9138272 8082077 735032 3131274 1539462
2401674 4633890 8154616 7815879 7639991 4430563
9733852 9006379 1410487 9232471 903949 2884059
532893 4833007 440835 945388 4088878 4849373
3095919 1342169 8241436 6838021 7644825 6875545
3377954 1705023 7803322 2005366 8679266 1908249
8691833 3185259 8215793 6148824 3556082 5366592
3741148 3031404 8398609 3610618 3692860 6129024
6786995 7824413 6051466 9529161 1397367 5558981
3456530 1827012 5049393 3232704 7639112 1789104
3298025 5563653 6989065 1279071 4437925 5934968
6627240 7728486 327112 9502238 540637 7718690
4668265 4384069 1276925 5074242 7204239 1057474
6450764 9485300 7649309 2112412 51025 9820412
824078 3848792 307655 2244341 8548835 6852253
6858855 5459128 5546146 6426689 2850799 7992428
8377527 2462077 8593478 2463640 6983377 5964373
5801911 7284757 7283775 8332776 4860896 7013298
4282056 8382287 4622773 3991919 6781940 8153812
4139794 1185613 5512628 7168653 454992 589132
5627312 4382899 9179650 3474858 2643382 5081508
2172543 8241576 1533269 3284496 6696714 4742162
2463995 3987123 2501922 1684936 6310500 2766267
2536636 2491301 8987896 3294357 7962284 166548
2229480 2866935 8677188 7392333 2286894 1665185
2479800 1208874 2007084 8004345 6836328 2600478
6784722 2327052 4641375 2202267 6160232 6619319
5480028 997559 1685572 9880610 1527924 2794816
5651889 2454858 4875112 2746360 4632016 7963690
1601236 2332955 6420615 9013102 1245378 9776446
6404320 4780209 5954681 9868083 804695 5487840
2735078 4459649 7150795 9901444 4900213 3983448
8124892 334369 6331069 2368576 7814328 6964724
8480975 2348870 1339011 5882372 1740444 9832035
6790073 9733439 6576858 4043393 6403109 4503372
6179863 7771620 1081674 4864928 5797946 1380022
664637 5611944 192863 6197732 7145532 7068275
5644021 5750444 7554645 891664 4621468 4297647
1632621 9232659 4518626 9455890 532127 8896508
8437435 521948 3039765 6122646 3078010 1071256
8910982 8691684 8056539 2647422 3721581 7128593
2901773 3259963 4536422 4951046 1703938 2202383
6771861 2283242 5203338 4270735 238350 5990000
2277390 5898408 5111970 2279210 2410772 7170449
9984745 6723972 7239492 2185166 6427492 5275998
8340257 4541991 2533934 9121607 7286750 8453847
9011735 2996598 2028862 426052 7989890 1361505
9761225 6681574 7528720 2316242 2684028 8248884
3693169 4166699 283597 7049765 3845256 7179601
5959285 6631771 6280912 886089 2662676 6997608
9889100 716607 6832470 9260423 6610789 7161947
9668449 7650253 4996492 6749491 5259000 7241752
3961137 1851338 7908518 3750465 2517985 5729197
9641729 7668503 4039943 8990607 8491996 2260792
4992401 1290492 696735 5354332 3162322 654979
2172934 8125645 333921 5031253 536951 7273283
4529034 500801 70785 366773 2647793 5033775
3252392 6943678 8907699 3041845 3088627 1993917
9271083 2208819 4113786 551715 1244360 4994173
2957664 898492 2224610 4571678 4268021 5320297
6465211 4314117 4487930 4341513 4576556 7133354
6907830 8929884 1314386 635235 9221431 2017183
5658412 9274955 5020709 9006168 5738215 1548317
3353093 1950556 8201864 8702817 6083249 953502
6541193 1621218 6881284 5339748 2073588 9638459
5048672 9957356 6232780 4750488 3901561 8333675
545844 8910879 2367121 1774344 6134014 4158743
679531 8635848 2987388 2096602 4893303 1969404
9973463 3951496 5160277 676293 1218584 2317465
7118432 7762394 8230868 3534428 7800320 2955338
252069 1568082 6856295 1675927 5586562 9264074
5784403 907923 5373394 6687034 8460323 6827335
9181195 1578748 5816541 4043121 8023286 7447400
7966113 4444590 6727915 4911880 5366284 8122092
4478182 4372378 8738771 3915314 7632056 6139167
102807 7011416 1110559 9411783 1522274 4565932
7302447 9003603 3049285 3723314 6312199 3985379
6596010 3286429 5491172 8332941 1495097 9639836
6500923 3075310 9739108 783467 5568315 3355729
6227422 5340189 6201797 8734203 7197745 1214184
525303 1869088 3275867 9234227 6584226 1448907
5716776 9769411 56473 1250608 6740673 9019682
4398115 4242799 8132391 2742535 8315869 2079854
2630919 6145240 2877281 9098934 7414391 4556745
6400058 9319340 1443101 7754830 3184360 6182085
8364135 8568244 1805858 1835101 3198010 4443110
709511 7361783 6702203 4042265 2616165 1725685
9583363 5250315 6334636 719426 6385352 1325515
5223338 3484887 7024320 4121942 6103283 1052504
8336902 1426368 4454697 8719122 2834168 7264886
5806 7961946 6585051 3874388 2886473 8172428
7213823 2563013 1044788 3689280 2033024 954086
5377651 8588653 3529075 1151595 9515571 2164075
8222108 5680632 2933987 117585 2531491 9699473
9157764 4242192 2464961 753353 3498198 1771642
9988412 1990389 4527614 9437316 4036458 4654218
5140634 5708974 2363842 8162207 3505602 3822338
280727 1534057 1451863 6070233 8744291 7514629
7523428 7185307 1910797 2290621 497013 7153536
4330898 9888220 5430454 6885577 4716623 8644280
5707467 6460469 9064815 9273146 3700867 42634
6426471 5940334 4552195 8874856 6010960 3806597
9800233 59900 2175029 9111649 9836858 997434
8247610 3087530 5497901 4950331 3229924 6312891
9860844 7697791 1493376 7374078 5106418 4148237
9223764 8255056 992350 3719561 2454740 7045132
4757522 1007580 7833189 1409228 9643762 2803956
2962434 8648572 1174346 8104200 2490388 437112
4978506 5219249 51362 4433019 8637967 1629092
3146379 757136 3230544 2751924 9412301 6003076
8549258 9052393 833916 403957 9651092 7755904
2814246 6080671 7605160 5129896 4354126 8829278
3164245 6838381 3443768 2693944 1987896 4581352
5138545 1756644 5207402 1056263 2395571 9887168
4096875 4790744 9617089 9363257 573182 1697603
3814587 2005598 1595278 1830112 2859970 591368
1970039 2558477 8997479 3418442 5289953 6409716
2831951 9848609 865122 1222084 1268774 1799586
8185324 452434 8769240 8649191 7613378 7655656
795673 7492994 6656821 946748 6307081 4860347
8138814 3450988 5507489 5907557 1315308 2348527
7233999 1334132 3978411 2852400 723905 9429418
5583873 1720103 6466691 8797686 8224312 2546962
9022045 2874790 3521969 7817503 1177933 120747
2928362 5165396 4392220 3939622 1034438 5366975
3934546 1023291 6251396 4137131 5279627 1838965
902226 6924394 8533300 8516595 3988085 9934642
7821174 5332923 9728529 9339822 3065318 5893275
1188965 1997987 9268682 4109859 1924702 3432290
1338378 321311 2273054 5386741 2979194 6149912
7956307 3294376 299693 8611435 8917854 9700613
3178022 1446741 6440475 4627725 7895459 1299917
4013661 505450 8886705 3587327 9996328 5845010
392218 3588540 2100077 8498944 2750656 9036451
6098292 9824686 9098589 2819105 2798753 4958315
9565910 5515485 3945199 2383387 560288 693708
9634949 9209739 6415069 27915 6161800 1618577
9452800 6561239 4102528 7968765 96198 1419251
4545585 7751051 324983 6428044 4994522 9390653
4049835 9457363 543719 1263242 2513143 9093167
602024 358916 8647988 1482160 5061815 2379974
7354717 1630274 9945162 8192996 3952377 786589
9429940 364303 7426740 481500 9046143 6189417
4933922 8129527 9728488 7679337 8273520 5047702
4633332 3137865 520962 4554546 8333551 1102924
149988 8371706 6696595 7321901 9425890 5802883
2970588 7970640 1499423 1722553 614047 8465924
1474089 6352588 3798673 9538394 6998104 4630219
1963913 3568335 411219 4354302 6329319 4383615
9364679 2922687 2085396 3600286 6848828 1923949
1859012 2800171 3296722 8842237 8043008 5580671
4089993 2108038 938413 1623857 7510911 1075503
4689993 3211368 7515480 1262564 6205247 1920931
1249028 5094937 6139761 5890742 2590632 4765216
691705 5795686 2042387 2312979 7957222 6503202
3717486 9370302 1121811 9575474 9863541 7813875
5169202 2631852 8309579 8218002 5448400 4890065
3691805 340056 6057423 9335715 9664308 3117950
6868135 8102114 6717440 164464 2351257 1753890
5784188 5968269 209538 8531505 8150531 2247322
3538283 1777013 4150815 4435210 7906370 8140609
9953692 5114519 3347826 9701604 6093362 3573394
3611351 3031026 9646536 1249695 2198937 2250576
8707792 1355990 6131377 8924436 5444844 9855108
9785762 3553022 7019044 9367921 3791286 3895272
7604336 6637696 4481320 6062257 4679718 3671387
739250 9256595 2433685 7916814 9382023 4549789
9770124 7166530 2008752 3144045 6553112 9320231
2107353 4534492 3769331 7958962 9823712 6794541
6115944 4613847 6332169 4295707 4649448 4353348
1121564 585770 1323233 9452554 2097268 9455665
9092073 7549093 8351307 5975149 510445 2942342
9816890 790978 1973967 1581587 9154312 8278313
7846355 6641717 6999909 7698813 7260568 9256793
125940 9645374 6813983 7686779 9946313 65870
7339218 6443542 4607146 8080337 6795250 8796253
3226556 317569 5069261 2553086 4051971 9004019
968923 6132203 4024046 826989 8142071 9032734
4820573 4534356 5459535 8053855 6449351 8007731
7353438 3422750 3325201 2066439 9326613 2451894
2641681 1405294 7602780 8285436 8635931 4066903
8335195 1736553 3995727 3177714 8355031 8836742
3209051 5293269 2589745 7995890 6729889 1128364
5232747 9298951 1503302 7781249 2866206 5411956
4606335 9285363 9994190 6599415 726898 3372499
5471051 1160116 990956 2617367 9911404 2646677
1401238 2683486 7496272 9957143 2491794 6405518
5037007 1642859 6179324 6622793 4844803 1156082
5417985 9357548 6692860 2196836 6833692 27662
948591 4860432 8539088 2190824 3679101 9350567
4072712 1735779 1009654 623227 7706662 7194915
7845785 591684 5381864 9943068 6594651 4046402
3632092 5275603 6807156 5097784 2744242 1223346
9232631 7983542 4440560 8838108 1181429 1369349
6679638 3274214 4326424 963294 1668776 5050972
4107589 9210413 9004385 8145704 5884431 756014
5395863 4413779 3936196 8984409 8777007 4253118
5774218 5474917 2762896 2646458 8564744 1558088
3220505 5850806 2116190 7315741 2958192 5695559
4910007 5234603 554350 9640304 3943588 4432448
2868491 6882491 8922908 330891 5835479 7384237
5042017 5486387 9391172 6051141 9701920 8330463
7287149 248222 9206534 187441 3063890 5706512
8606452 4033180 4709469 2768335 7742788 5817969
2934782 6791847 6252221 3308826 3235696 649827
201664 5755559 470190 9503748 6115918 1894516
5330210 5443326 9639437 5378659 7604440 3078357
2166915 7169363 6148886 3785727 28591 2709970
6489024 4722566 2170713 4847837 1033851 9910408
9722978 100155 9139702 3104939 7396109 9043631
1132016 1733191 2250690 8741345 5849477 3946361
7860272 7783401 4132303 7312018 4857230 7620563
6067074 3227793 6428740 1631112 601419 573424
9669082 9149055 6763255 3542250 6819801 8513130
8479113 5353827 4721707 559782 9780769 6015763
2754813 2225271 8047216 595806 4246642 5871249
827666 3425570 1319886 2202525 5925454 2245190
8577666 9177006 9865335 4550150 8780762 7806057
3481667 8091866 9498735 8566277 3435856 8247054
2280375 7589765 4913389 3737560 262231 495650
9224653 7300490 8002632 8116540 4557204 2631959
9573346 5471268 8981151 557491 803445 7175849
9253538 7466557 3223600 4518065 4964583 7642795
8647794 3928963 6573064 6915650 7078114 1688903
6517027 4188535 8789414 9800162 8315430 6656876
957859 7090106 3163338 824236 2977871 8624964
4242558 461126 4619801 7233376 4976803 3309494
8824906 2924176 7288420 2322885 9312739 5969299
5023453 7762310 2625181 7270594 5089766 6333268
3922585 2309003 222375 6313728 1599513 368669
3842545 9773184 7155838 2324274 9599631 3713339
4012511 8429302 4488685 4598636 275507 4503457
3022994 1414417 8952160 3263570 8090743 4153938
4400482 4194141 4875796 2820115 4776709 553119
4031694 3687265 2000340 6830069 6901650 668868
8402588 7928829 8861613 4251131 3390831 5203618
6153656 6500631 3324544 3575080 8310374 883437
1480613 424816 7486803 8121724 4247600 3675348
7381108 659015 4218259 6068437 1913245 7405371
5492872 1022429 4996475 6602718 8292579 5912366
1712999 7182441 1527651 3819817 6196048 2346677
5641844 8771862 8023586 3748541 7109913 1590112
829393 825401 5883766 3992358 1339502 4351892
3066316 5909970 9439664 8324991 9448961 6242635
6450608 2334151 6015583 1456241 8758259 2368401
207143 9550938 8208051 7412178 1862081 1127933
9355785 7660795 4228768 5140125 2479879 5475737
5651761 3632567 3549101 2628147 5239044 1087844
1521604 1500513 9682927 644582 3536401 2382609
6472701 3388007 7733480 5285016 7369208 3861896
6331094 4185602 13603 5655184 3541397 7558975
3382060 3417214 8963320 4755833 4636573 3678706
123124 7926191 3430091 3963927 2673230 5816394
2693533 3822461 7095106 4927739 9934637 7257745
2685474 9562561 6014536 5825442 939476 8474073
3394453 4070769 291587 366871 8809030 8294276
5462134 9996576 91169 5990126 9246087 1821829
2124523 6765771 6863940 6004220 521458 5610210
8952517 2508774 714777 1917085 2591483 3546746
6766790 1403355 4250965 2755858 2969710 3978836
1544439 7556617 2477738 489246 1361379 565803
3387118 9756252 9117160 5135815 8501792 2676653
5725224 6703407 4576374 5273277 2803215 3168865
393804 6681253 9041103 404326 6872925 8430701
7759295 1477367 1479286 6744840 3600081 7405675
4043310 2706276 7026866 6112333 4445687 1689470
9344091 1635276 5404391 6298137 2617101 765205
6493049 3816702 4006981 8038124 6191861 5888075
8970372 1493512 8600139 1082099 2362054 6288456
4937732 1140112 683692 4047036 2729951 9884012
9086517 6642278 6156171 1711485 1092504 5795516
5649787 9612890 2257720 2886903 5929186 1167939
7764474 4095667 4064151 8275898 3911277 3056222
4423720 9721171 5285505 5591210 7774467 2106568
8805535 2961210 344222 738409 1174600 3305574
1005777 5297054 8905325 5520379 7211619 5974823
4609033 4781564 2724198 8211464 2388336 6578970
3630355 6083468 5564326 7432200 3317625 8266386
2224304 6661834 7228835 7627469 9623316 3008779
4598506 3495306 8867810 4049603 2905949 8131293
5451294 4911377 8438290 8952145 1881126 632131
2262613 2244095 6884047 8089328 3666864 9129712
332024 6212255 7332834 8706535 1960854 1690998
6542241 1373335 9643585 2077835 8514104 4512765
6076739 3378308 5673738 5896545 921872 3716313
7107012 559430 1875614 4592904 2760170 7476959
8140680 4678210 4202342 4932195 5169586 1073530
1382339 4134976 2994970 8099122 7295444 3411060
5675945 5891971 1534451 7176811 7507361 1532613
8487708 3373459 6397273 3925524 2875406 8502817
4958392 6366067 1322222 3167734 982315 3107433
7254097 5739120 3452085 9855875 565854 7282644
7488655 1610046 6203748 8570054 695495 4379127
1517795 7977616 6082864 2262678 220600 5029900
2181861 9930200 3052068 343001 6105195 9386710
1079685 4215156 1802803 5699525 9973802 8803518
9751307 8214605 3152660 9887536 845024 1556323
9958975 5820069 5326117 4251807 9688156 5897315
5328864 9917653 2677964 2018145 2407729 4897789
2419953 2695714 6145467 6292322 985873 1052114
55365 6911096 9633924 4065374 8776189 6350698
5479840 1789130 1636243 7400229 8818747 2480890
1226466 1630258 7132592 4526540 2303702 4400531
9703783 7930054 242044 7154752 5014136 6187541
6708746 9061540 1807426 6905014 3279571 7278088
2658051 3458985 7228732 2100546 9832171 3933927
1922398 5893600 7043879 8975418 8771966 7899025
4261072 7928634 1098906 197073 791678 777470
7765197 7893413 392012 1744935 6588538 3055819
810069 2900612 1896960 3446383 7356628 9714649
4543271 8574826 8509558 4358155 4742178 5359762
5252158 9125920 1798087 3198664 2604141 6410101
7356651 728365 9158087 2343019 2893680 7085501
5088635 6511672 8269861 1029956 9139816 5386158
6886076 913116 6870446 4172913 1290476 6931558
2036967 8476015 8536972 7329230 4432147 197139
9389466 9902917 3186456 5739143 4944915 1665757
8979382 4566533 5289272 3981910 4388284 5860173
3897731 8467050 6932 4811458 8357747 844955
1444787 3513314 9435010 3123399 7472079 3829061
8489315 1079245 7835444 4866529 1161696 4128125
7873129 27421 6296217 8960948 2953552 2990763
3899045 9349491 1566757 6604103 2050573 4573283
96886 2904165 6524831 1010273 275181 2823425
6924626 7225509 118268 7692016 5884442 918832
762129 6266067 2430838 9357394 7249828 3865670
3830313 4112853 3404836 1161146 6108780 4360862
9563955 4936782 5513498 7016169 912413 9008255
9278198 4840684 1462741 4861726 3026513 4567913
7304229 7479041 804063 5012018 7941903 3936186
4009857 181112 4142979 5377385 8198819 6687485
559924 4541650 2099663 7701086 2773790 7937719
1168447 8935739 6795385 2163969 1446317 5338399
7309927 9908456 6313096 1110012 8413818 1043758
9456091 5900402 3239553 7862924 2053164 9770786
3061607 8818295 6170950 9468649 7151289 5927667
217883 4186570 6737962 8826013 6456244 6370762
6908592 1577112 2066893 3525021 3693279 4090773
7772527 5140260 6032723 5465663 7702090 8033446
7623090 2899845 1767294 3099220 5921293 2298416
3447931 2697000 2488485 2328877 4639479 3955494
1766769 1699797 1784450 867717 1946085 7259747
8600436 8483914 3452212 9942333 4201419 6836705
8976864 5931069 2207123 9148779 90396 6912903
3738062 7595943 1116204 8137504 1845559 4251444
4160373 7118662 8265276 4439546 5378081 3759244
3882277 4579714 6937633 8111399 1758252 1993482
2306323 6904810 3194175 8772976 6865227 9218176
4581234 7680756 8698425 4930588 4122356 9990224
91293 4299151 2606603 5575581 8590814 7043535
2839290 3629264 9854237 7533005 6707344 4827422
8994470 4160890 3105832 9692968 6060056 9621704
9899072 865464 4172817 213641 6842456 3185586
3718728 4965085 730716 1898027 3556270 4164803
5553019 9229784 2996306 8275052 4348253 1078929
1152640 8306695 5988900 9894097 5272109 8128987
2139244 4773317 197465 8366753 9778506 2704337
6112343 4888266 1620700 9076720 5031515 3256891
5817407 9877651 7456695 9421016 1856853 3625729
6312819 941262 72994 5689434 1979986 7477560
1831116 719417 9812636 2026902 8540327 7753360
3632804 4975 5593355 6043829 8074396 2069139
2988120 5351975 5186579 8026379 5785684 8668003
2544103 6476298 4198268 9739414 2457645 4470601
3622234 1731624 6449842 2363170 3581278 4330846
8055993 6449810 2793330 2719905 6535637 9059088
2891700 4085441 6347939 3867339 5443915 5026540
7663535 9773577 1803254 5387556 6432896 6504877
8439149 8286440 5155578 1404990 3145331 5503688
3279291 2091701 8261772 5342035 8404667 6808703
1303518 1269634 6423697 1262508 7987836 1624586
9275808 268215 8816338 6127491 5134678 1700242
2320064 8676763 1032383 9171728 2075878 2684067
2667346 8234678 5298728 9944964 3924021 5294838
9175268 6651002 3304479 7289642 9440613 4443935
797316 7549665 5680773 9539236 2563820 4174281
8602843 6401027 1785741 178668 6111747 6164680
7688539 2311658 3151761 3455335 9084925 4468567
4471305 4107563 15822 5577704 2674688 169989
1509974 1358553 7345612 1128858 2087240 1336833
8320107 1986166 827601 4372402 5330175 7585013
6019469 2780828 6112942 6858101 568884 5674851
898326 2488678 2122931 9134047 2256424 1612363
2143076 5719933 7566076 8835911 2818337 5333049
4428112 5219611 4874977 5510783 8029261 1205266
6828668 7473984 4313786 448908 1858561 4125580
5337078 3316137 6981483 5566748 7435865 6304096
8355624 7613203 3538679 4340971 4679378 186009
8047057 2375927 9102129 5733249 8985782 6367306
3770756 9484195 9167829 5494552 9944289 110563
2710035 508685 4751567 4907675 29433 3094900
1361064 449417 630116 7997350 3796968 8940287
4630880 6576328 8284067 1261980 480286 5205133
1794370 87141 540233 4688967 7463726 5653333
2103137 1095418 8488202 7946480 6678151 2374365
4957751 9842526 3371847 6870919 2856712 6927179
1552528 3447948 7583770 443778 2979906 4229960
9555892 49707 8578958 161841 1102369 2409453
8083239 2508776 9003908 3962695 3700182 9857147
9570329 8021068 3044959 9098234 2804538 8934014
4606698 3414584 3771265 8255751 3039598 3954442
5568439 7759960 3719616 1356887 9709451 7032338
7621363 1350591 7107235 6310273 5133074 7414018
7074374 1941295 9993049 6078748 9863240 4169375
3370457 995055 6142344 3514699 7300590 4835643
3882220 2454294 643410 8649755 5837080 9565321
458694 1300141 7010108 4624516 4593402 3342409
8689837 6726351 2799325 1971570 6341332 2349590
2749912 3260056 2887994 5630941 2023859 863242
8940964 8527949 3551343 9601890 4885294 2044542
7812098 2053739 459369 8883972 7474667 7255156
6388927 8971607 5513510 7541913 5851578 3832932
403909 2449858 7347893 6650640 7388911 3136889
1370050 1398886 4653723 3792753 764787 4040533
1947649 8251279 430435 9780168 9708790 7309131
6013978 856804 6414847 4965565 6812417 2539662
2883039 9805864 9251683 5544168 5582643 7369724
6836079 5207999 7408478 9055061 5227031 9574000
3515348 2290324 1139037 414453 8231840 3486407
7390818 4019344 1288952 6418836 6936322 9223388
6824721 6608759 9262816 8204379 1527935 4994773
7418085 5438343 5637441 4808231 3767600 7583047
3885206 5825881 5816243 7283999 6956673 5556788
6632055 2892588 3024247 856434 6264819 7418466
6170094 5599524 2624964 2928439 7574747 2793072
1250709 6464203 2869541 28294 8719447 8973883
8106907 8631700 3680064 2413704 1636976 9788687
3936559 8707117 8522724 3555990 6529247 2405958
7670164 106819 7062671 5732164 9786780 4043734
6199140 5968286 343940 1844350 2034285 5928410
2369809 4489645 7863596 2844368 3557521 7303397
4713505 3856911 7106433 6842359 9177092 8324973
1876724 4218351 1255612 3235560 6919874 7557701
8895741 2614103 9070276 219005 5258275 7467927
5730401 5518545 6677422 8825807 3829153 2751160
8629943 6262556 6597415 7751653 43894 7147330
1925090 1092191 5149596 1219326 8842485 2672336
5299525 827804 929726 8737697 3855439 5568428
2788121 2963580 9048412 2786239 2948608 9420181
6858133 2150804 9231369 395668 7113967 8038975
625974 5887697 27757 4355272 8212416 2914535
1727557 4125070 4174457 4108281 1310469 5827683
2408105 7676415 3771618 6397940 4919480 4430471
6538201 6992703 1663105 1108994 6037686 865573
3702748 5843704 3313947 7177234 893519 7893090
7915961 1529422 3978224 7110620 593352 2954787
2644578 944252 2615387 8015191 7010139 9730369
1393970 8679839 1653111 3220728 378133 5272193
5648562 460192 7231324 4800898 3857467 121263
6375870 9516979 9850011 9162184 652524 2368712
9600588 4550323 3231550 6281367 6192320 9781047
1849459 5297484 7083062 816830 3753362 3975227
1815083 8523010 9982564 1932736 9715023 7357846
9212462 482019 5465570 8041753 1528671 433327
661765 3115062 7671954 3856961 734750 1076372
3104776 3482394 291727 246675 8414602 2459815
6498818 5112603 2487519 1872063 1371269 5080649
8189130 4831731 6706830 3256096 2985815 5334457
138699 4443133 9801956 2492165 9949722 170505
6903142 1558834 3021652 2798223 5619601 3077257
2109092 7992498 4562734 6006690 7712054 270967
3683499 1568407 108407 7522748 5433917 4602420
4870326 7340398 9110749 384921 9852622 6696939
3726496 7405669 129247 2337497 3718261 6291616
1274416 612610 3532672 121222 3343533 6855768
9438163 3700595 9493002 9410262 9762970 3378771
517914 2182440 7119677 6435862 9572596 1417407
5226049 2615951 9009216 5199536 7621838 2609323
1059755 6518221 1706211 6324712 9071727 8213931
2948009 9771595 4274236 8271118 4732274 7099443
6738295 3562276 8224874 3252639 8084584 1733322
5109418 5460064 7577427 5731977 9867006 7670182
9577262 7290633 7833073 8711840 7111447 1102310
7282400 6074880 2990771 923348 9061467 6825312
5149556 3113450 4628867 1279070 6462252 9991375
9104535 2246796 7450166 20233 9697566 6010319
3192533 1973410 4531366 7275893 90117 2161774
5031896 5327777 6651214 4036029 6747450 1781093
380858 4236169 2660148 3171925 988718 8657394
4108671 5814947 4500809 1399562 8103082 4971133
7104454 3830347 8997812 7586052 6627442 7620210
220016 9557029 7593066 1822753 5519306 5138036
6570944 6506 5984762 828997 5891451 3733690
174097 1113527 6366000 2847774 898211 2226082
7331226 5932609 1258078 8792771 5911561 3882619
1509510 1792971 3870328 9560232 171438 6259769
3163962 7445844 8700334 9031003 3816013 7190420
4188027 8558105 8716862 7522111 6600981 982211
2672632 3279674 9923496 767119 1225464 6989555
8605133 4256680 2932136 6771729 254825 694832
6362132 1427244 3645468 3710447 313243 3726335
1267707 7010711 9835067 9724992 7665035 8445607
5033355 1143094 7297513 9175579 8659747 2340105
3509219 9809114 9331628 275866 6120139 2631887
3959122 742391 567507 6880773 955099 5914757
3327633 6392232 7191019 8005502 2668871 2388768
3544952 477579 8244862 4990527 6254404 9590269
1147143 2947639 5614638 1477888 5733764 82369
9692041 9429553 5596933 592030 3262510 445710
1363203 6086266 5307104 1013581 9751324 9570852
3158828 4386934 6055612 3920310 6397358 1272803
1254588 7027852 8474222 4908745 5630627 8182167
4095243 8518692 3554710 9741359 9128722 3172499
7017248 2481233 5008626 485137 7188732 1525545
317823 2735602 3129721 6745308 6642298 6582605
7081663 2531371 726254 8674010 1831698 1867469
3534656 7226833 6550281 4341835 223300 8705911
1608146 4783296 3798926 7414766 6496787 4743818
6890999 1621844 6957543 2134605 3996332 7270090
4562225 2673691 7198202 4530066 3602486 3661756
8143081 4509279 385554 1891617 7827081 3099255
7455913 5421232 6686993 1687241 6206702 1901889
6622218 2675412 2257933 6302715 8876990 2405436
7726619 2903057 6238814 8385903 9854309 5020453
9625061 4947058 8535038 3456163 4111785 9158006
4669267 9004590 3624347 2888524 6198753 5714021
8320356 9716529 6956214 699671 9958853 1075554
8056824 5203758 5415142 5055654 5512386 1320920
5012157 8259509 3796701 4792766 6803447 699428
7422941 9757178 4654969 5365101 2266556 2880023
4564216 3999749 1309447 7528986 7017973 7202112
8277541 3733693 6476658 6543911 7982359 9160461
5449221 7026948 2944204 5163260 329078 4650551
9605311 4569407 9434671 7214118 8444005 5852275
5361305 9876501 2201142 2924919 5465582 6441575
1059052 2955255 7449972 4076191 6135454 5959103
9766106 527837 8185784 8213029 6778112 1778693
4844261 8468246 277149 4636240 9343544 9776498
7755223 2259681 9428100 4418 5759789 7697148
3445351 7350097 5555743 5457171 2167681 7141472
5000969 5352622 8268110 35083 5484859 5027104
1710488 1373029 891493 6985100 5397153 9801240
6464766 1392281 7791294 7655978 2369857 9975759
5575126 725065 532956 2424643 5169695 3205901
7013474 1054633 7195465 9752823 630840 8785356
403360 4308935 8360156 1044311 3212059 1425490
3510582 4809177 2983387 5250045 2925752 7970514
8885005 770122 6862528 9626859 3539651 4367507
9905854 5789372 4980240 5579983 9882045 1442616
6608516 2576325 182926 5062209 3021608 4430225
7831638 1957664 742189 2106137 6581740 1088218
1441083 5420454 8180221 6365803 4145396 7560679
6992372 325080 7799313 2562441 3539638 4399572
6343372 7386615 7514982 2827957 9846969 4841467
3805115 4823376 4426889 6917540 4435795 635734
1242563 8448372 1787568 8553162 7418406 968087
7228325 6778867 4188382 5774310 8185775 8119197
6187285 3540051 1643976 7419561 8587611 9556965
3643302 4046075 9036687 5783354 8718836 5634993
6915242 5003681 2110695 5900722 8301021 1758363
6661328 4523543 984659 7544487 5123239 5697023
5773111 8439210 2906673 6831225 5334116 6760770
211189 569062 9200839 9395785 6640671 6306917
3197490 6385554 6235764 4869924 3274237 389720
1599046 5459209 9729535 6152574 1637919 2414725
8857392 1327602 8477846 2430018 9112981 3662232
7134537 8642797 8416811 5946952 1646450 148401
6650291 6812077 8711959 2275916 5572164 8149774
6434154 7519457 8363009 5803777 2703231 1915466
5522598 1791404 1249306 594939 5945441 9664029
5967488 9620536 6801291 491948 7973833 4006513
8282924 7781171 1456080 5538606 2261247 7997873
7890106 7250538 4739104 6087363 8219632 6462160
1677760 9323130 9887045 1579761 9718420 4118461
4051716 3053615 8624370 6562379 6907419 7321577
2412926 6539598 2697356 8752781 9979464 2025913
3347110 6158343 8838244 4705445 3992991 7790992
6693693 895547 5258210 365135 7913670 5452693
7176362 9435235 3571771 4787145 8917178 6622310
9776984 4387726 9902116 2682829 6440231 4920217
5382142 1720545 873751 4134503 3125680 5721648
5300517 9137324 7271074 2713191 2740253 2061289
7623915 6972315 5330138 2096052 4886067 8822872
8860250 3686581 5139944 3171677 9386016 7472184
3749805 7625780 7622420 6075045 8975796 5591737
2123797 664280 9718111 3918026 9323302 2272445
6917241 2559190 7769867 9536562 5064618 8776346
8181619 4463171 6694981 1510482 7163230 1944863
1292172 7680932 9501659 1079244 3822579 2753650
9780273 2210465 2334528 3401567 384698 5499900
8099227 9225471 161527 1679336 589393 2075973
2343178 3705889 7649012 3057693 5178811 2326877
1053005 9323688 8621962 6363598 4990057 4922845
777202 2239323 462550 5677557 4782873 1294864
6090077 1044553 6841700 6964460 4137752 7112837
9937917 3515673 2174492 2269966 1437334 5839147
8614818 6502282 3873777 4619008 9167303 3457340
4295850 8234478 2502121 7174782 26238 4498890
4131688 3416675 7220407 7411682 2624365 8145375
5037350 2421670 4442597 8866663 5589259 9544840
5234272 5378718 9568136 536175 3119775 1663137
152384 8783038 7886354 2782815 7748780 8487775
1049068 6158194 3072019 7005209 1381706 6548394
8792743 8915295 1018314 2342810 2832772 721077
9892429 2526234 891308 4029117 7232616 9015664
1396549 9748154 913023 4328936 9384735 3788585
3889203 3759675 5114702 838983 7022397 1243200
6612536 1348872 5667895 8732632 6362614 6466170
5073355 8032140 1039963 7894202 73920 6673963
8526525 2891462 2545945 8847059 643745 593541
771829 6123267 1550421 8870689 1386265 8000625
7574752 6720131 6773458 9283434 3116006 7622030
1433691 7953759 1892897 9775114 5730274 1483899
5053182 1159797 6163619 4425137 8955761 9200476
7975700 3502347 9674234 4239059 5802411 6493273
1242639 5042144 3115930 4521161 67153 899129
9692778 7741846 9962606 7667269 1157879 9642483
9692712 5789921 4916134 3417932 6460510 2120160
4781065 8751411 7161187 1062046 3793877 9483948
4429921 6346691 7167506 2349945 894988 7883918
8326391 3335693 917720 280185 8040794 8073862
4506100 6912530 7886605 993768 82335 7988427
1521293 7385912 1917 6521136 4732425 3165839
4284342 4557768 7041837 7554073 9457993 7050999
9332085 180593 1248266 3631981 91239 3720461
3731623 7342833 6846857 2078688 9340878 7822186
8724762 9412526 7749126 6842271 8911832 9547979
4233554 3787297 8669076 9172760 9540752 6407964
9482030 7908785 1614266 4001666 8065603 6337220
842081 772317 3877699 3866721 948099 7860201
6825595 874118 6821291 4166144 7262145 2739502
1141570 9442605 8045034 2179731 7796374 5319898
5416713 7442070 5645935 7493857 3320519 5670695
8381922 159325 639840 4840302 4149950 2182454
2106195 9729956 9277229 509636 1236607 8568561
3944486 4858041 8464426 9888925 16676 8037713
2726688 67410 6525152 5929573 8031189 98147
8362930 7302299 112410 6294367 8584953 623532
691285 3348223 7451797 8207003 5484798 788774
7220360 1985293 6724168 4638837 2059948 7532188
3462272 631934 8205997 9476473 8235244 2938332
6855472 5527787 7425393 7608222 4767169 3253109
9145543 2452348 2128135 541692 6477372 6847650
2070043 5811827 1145003 8653697 9818351 7888383
1116763 5737482 9373242 7675652 2668564 8031383
1313545 8087851 8007461 8992963 2467301 7399255
1892149 8886457 9067055 7174078 9438895 3057165
3198139 3083062 8581054 4198688 9061460 3032449
8660638 6678667 5507921 9876517 2568793 6248120
6387185 4808575 813582 317613 8359709 2497761
3565089 9179819 2859222 9394010 6294676 6679318
5245647 152579 9985047 4728880 8649543 7590914
7780595 4895965 6372932 8087837 5455557 6735288
9307329 6918075 6676022 6340793 9015013 5989897
2523462 1437028 5519057 1759340 2605778 7658726
6585673 1574535 526747 6569293 3608988 259075
197943 3804128 6788385 1901736 8953041 8908880
3047402 3931758 8029124 7917006 2095921 7672828
9875188 8299347 9353017 4078293 1010284 1441634
5821739 7224296 164806 6869325 6870548 4857648
1160260 3486306 7546801 2326321 8143207 7075007
7064167 1211302 1286977 6113856 7889894 1651429
9946902 7405593 7965034 7767142 3293391 5083254
7960772 4606455 9341107 7846228 1884151 4306431
8305708 2507379 564251 9085113 747553 6384691
94268 3328617 6933580 1930737 741475 5466734
1362079 721081 5788551 954117 852839 884618
6385851 3761332 409452 7701587 4131391 3604690
3476600 8054597 3930905 5081552 8908553 2264092
5516541 3314031 1602154 3240369 4020612 5635827
6510755 7979053 463749 4902285 6019587 4561277
4717849 8016165 6664118 2498299 6405063 2572310
9294702 7006654 3753616 8456488 1460377 8122819
3896978 604120 8375988 6959561 5608513 2692956
2453786 5012716 4420063 4669488 6414196 7427443
3864579 8121709 6700468 152723 4443362 2873785
420869 1483565 7741744 5848175 2983738 6115225
6940571 978300 1649534 1358595 5786849 1901898
8510475 7060052 1853654 3479335 9343391 3416491
7259839 9551193 2370540 7770792 2448499 1006870
141213 48360 1601968 9236674 8633720 8283353
5871841 9141978 2563292 879831 8035619 9976811
381074 8048802 7620381 2260762 18989 4630212
1043422 1095190 9225867 2518165 6159012 9354144
5573789 385244 8778317 3283977 2892884 4892168
503245 2650076 9035066 6734873 5706962 2935377
4513257 7703897 2344580 3366180 5486754 6644870
9338606 7630644 9024432 1876842 3098260 1294588
5796109 4999077 9532203 7740327 6727370 1353308
1781003 7623048 3889348 2247824 3662885 8248476
9505036 2587863 6249094 7671123 376586 5385542
941745 3646200 2341840 4685004 7747505 2315092
2285632 7677241 5608436 2580996 3179558 8528368
329711 3696947 7286983 7483729 7487868 7893806
5359964 2762917 5922706 7681757 4953870 8083914
9046029 2265432 4041011 4096104 3861143 2898890
395775 1667483 7254058 3638889 935096 9452059
8952747 1111105 7251572 7217111 5454695 9050128
5744871 9200007 4443489 5360980 1918112 9965938
961492 2021307 5099995 8355288 2311158 7613668
9462836 3259988 8692330 4257926 5638974 5482072
8274081 8189527 3816098 2709546 2185220 1512075
1274310 6690821 2761850 7834923 8530981 6376762
642233 8142853 7308221 6872577 1936885 5753862
3640424 3685049 347320 4075073 3134611 1839836
7798894 2040487 9356325 9640389 4176052 7675107
759729 4694821 5472130 1769500 8943030 7265167
5234030 3035325 7014787 2931414 4086669 5227290
7204087 3126568 3490325 8723232 7713054 4168304
305447 2590259 1323103 2938467 617501 1953924
5134752 4199007 5054916 1976261 4910651 144733
2155749 1633920 2514768 5086742 7075194 3836159
904631 8872733 9199823 43053 1638546 8901560
8739075 709010 9598379 5120029 6870985 8042
8349510 9075661 4327432 5188020 9334942 1585793
6352004 7821261 4077320 3518205 6634748 4744022
2210251 3257769 8124673 6870053 775664 2452749
2712521 2117344 6051374 9654166 7818600 8840320
4968481 262393 951712 2421542 4199392 9908490
2355545 14722 7328022 5046873 3626750 5834990
5817300 6967729 2298977 928975 8734738 9253932
9758839 7386426 2237985 4455801 7832802 8380777
776886 1869021 9933346 7145630 2407507 4753641
3956668 8695344 1257060 5487112 219539 9072549
634081 3930461 3621869 4168829 1162660 6620025
7416000 7163378 9631019 2289683 1052753 3807935
153771 1783546 3382606 6797441 9895326 432174
6602334 512680 2429590 2570935 1644656 2330370
9975144 5209915 7607214 2574380 1090205 4931405
4577929 330187 6748189 3226428 294894 4804276
5632063 5590010 6223765 5617960 7039800 669424
8749758 8487203 816267 6125411 6991858 623961
1371034 7159226 8800017 824885 8884777 9706859
6642958 8063146 2285805 1291498 4193685 5952745
9012810 4841619 6073173 4699613 7711753 722566
7059745 6927343 1488652 8578330 1165377 4305316
4208409 984374 3472879 1760166 3821176 3157452
1514102 3849733 8218056 6983253 1203346 3930978
6131388 3753043 1445410 7041329 6583469 2231748
2518470 4340565 1396324 271019 6605149 2198181
4596250 4050144 775450 93701 9065665 64515
9135309 2792704 5993848 4494700 6616476 7900402
6233980 4882792 4241969 9128353 9777395 343951
7734689 2029557 3638273 2142194 8568225 3958710
9277155 18416 343873 9256904 6059859 6824812
2908991 3937389 4379225 1274697 7163915 9771032
2382002 1420401 4784067 8153541 7847943 8410641
7937130 1636687 7136567 3545007 807349 1700676
7989778 3390116 4563169 1052373 2536330 4575591
8559908 2454056 5481919 6816739 816545 9047249
9720641 9878405 6732844 9169035 1585708 2679086
3521177 4959283 7718876 4470937 6746350 8356994
5559884 9581147 4181613 5227631 4205064 6931537
6822142 5732148 9211067 8643196 1267125 2669742
2261642 1856618 1401059 9803633 2714789 4709859
4289112 5565262 603855 5736818 8432899 7969538
1677796 8768094 50978 4457481 23830 5848066
3981799 3518841 6643766 6206175 5492488 2955182
393977 3332276 8248991 8550381 9994597 5084397
9836182 1077444 8611279 4063101 6907393 9729089
1278027 3717543 2244493 3009017 181824 1181088
7753138 9823065 1148248 6212074 3549834 5436970
6880559 2364661 5708317 3363000 4661396 7748283
6025976 6055466 6364129 8445876 9409656 9382512
6460867 5738731 5570665 5519457 5900636 7355455
9358259 7614694 1860700 321889 3179453 6306287
3603572 972782 3337017 5462677 8453037 5669423
1806934 4181902 9782442 2812020 1669822 7629935
9376080 6473181 6416047 862995 8037125 851926
3364959 2832150 4307887 2861981 6548149 4443093
5610423 2233680 3922429 3792792 6853815 5935139
3576269 6558670 9185207 9402030 9759428 3688614
4411266 563299 7602429 694706 6638941 5227753
9600069 3648847 4068908 7940729 6143377 9427455
939407 8495263 9577569 1008774 6956929 347302
1998399 741590 4424632 8893923 9852254 6219356
1746994 8014142 7328086 3847302 9235751 5111152
8444727 9974049 6713752 2727433 6451729 7473825
3249497 2670253 6193209 9080133 3261911 2899302
374184 7669694 6090302 4494974 2853385 8358552
6357569 2567495 9601740 8837904 7403630 9017838
9263981 5517342 711045 1383072 8947712 8624799
7899666 5752767 4413096 8957756 9496001 6169328
2713702 8211974 2043533 2103744 7759276 4286676
4154093 2918265 7479678 1525330 8519739 2182560
129054 7252020 5160757 8969534 7489732 6668255
5509411 9606823 2570418 7695913 3463451 934386
6762780 1866425 3722540 7568410 1180467 7509144
8486206 1416427 8173692 9920974 1781271 4641410
6315018 4253825 4808218 5315064 4683811 4485364
1538160 7738650 6997602 8528484 1254017 1695692
3464042 8930132 8263035 7744840 3448345 9889178
3598909 5017788 4748523 1109147 5340963 5892851
564135 6585683 1737798 9970534 3039124 7103312
4008867 208079 5470748 519346 2654515 3235906
1860036 194346 4923011 8085053 6157753 5724800
3936783 8234295 612407 2026848 4104368 2250335
9246109 741365 7968082 8284514 6322064 6763482
9892887 5205871 8912862 8915367 4750929 8098128
2747566 1567626 4699526 9894290 4519617 1045937
6224943 2944695 6275617 5027128 5884804 3253998
4966166 5513855 8860035 9023722 7172363 7106667
5280443 8537287 2481315 9487463 724424 2297758
9135229 5724353 3886015 8707266 626459 7448643
4323044 2944668 5443417 6824883 5337487 4590127
1025274 4042492 3714678 9566469 5801905 1159672
5974717 4218980 4856561 4714084 3318348 808209
7903447 869165 8033508 1806194 3634924 6213641
5616813 3260102 843201 2401767 759061 8795264
7159922 7517676 2318236 8826973 704084 2940135
7810580 8141282 176367 4269907 7998448 3129870
3391989 5713973 2735382 1321642 3512745 6505444
7441196 4421145 2406005 3077806 803818 9757294
9415134 2516849 9309744 9229775 1208070 2077385
3746926 8623506 3283431 4919414 2406546 8284228
8841435 7147744 3514895 1916426 6903503 5177065
631841 3633540 2870716 4903638 8414205 7920950
3478259 4295170 9747357 4337756 4960571 6337915
6389259 4082116 6713857 2560942 9411839 8187235
3630390 8580804 6933212 8098982 522980 9374942
9846438 8472575 3307427 4451153 2480206 6365001
2990548 5524770 7517641 7228940 2445964 7170278
6886577 4511496 4102643 1388794 5751515 6912899
2330028 9409170 3662934 6945515 8530154 8324430
1570370 6280493 7735904 5327660 8286035 8322699
8243852 2532858 3110559 3495774 5057200 9941630
4613523 9027106 1814963 3382355 1347207 9435800
8820274 9160319 1636151 9543579 5674365 4900343
4084591 2241596 2829288 20313 5768954 1113810
5712007 2900922 9942420 4982997 2880783 6199713
8629096 7662888 7238734 9194941 8985087 9913106
4059719 3390802 9454296 4161013 6775271 6724409
5097935 8947672 8061962 4227134 8125241 9369835
6688278 2026790 606128 2835561 1243069 6044439
5493410 8223539 6763903 1996749 7783767 2156277
9999209 9630525 6146322 5615250 4753258 3684319
2197066 9625332 175231 1723045 5483859 2283562
5446047 9923577 5466325 6104878 4922377 6821282
3051847 1484873 4775681 572584 8294719 853992
5593585 5793535 6419819 1194295 3701530 761548
3149203 2062969 5607035 7298018 4161804 7144745
578087 9482685 4194413 4377643 2030067 8499908
9194604 4965232 6542931 8322565 7389514 1319491
578114 9388532 3301162 9942621 8944901 6298894
7380596 9426624 1335806 5292329 21665 8959723
7264500 1002770 5923801 9413683 8573842 3420890
6676527 8148028 5761772 8321579 5526791 5439692
2626868 8674204 9454805 6275772 1377980 3329486
4311061 7271019 8404020 5100327 616181 4312998
7460386 3206582 3118068 9308140 9917422 4735179
5808938 5285758 9461019 5234690 7113142 1027297
2576107 9780920 6391390 3122040 1646038 9241485
5557719 2256534 3861741 7861469 7315752 270697
6844089 1104823 8048644 8006320 981267 2750645
555702 2164173 386589 1610802 1953297 5367260
302821 7368386 8230606 1026593 2512641 241033
5978672 7392178 1561061 8427507 3699665 1597059
6938095 1189020 5624981 9162534 9542608 8359647
451257 9598916 5890829 2847371 2464051 8812598
6686535 7802617 4304490 6710374 4678987 4948969
640707 965304 7827623 1024130 2819218 4277651
1010879 4531125 9743892 3620708 1882797 9923574
8709635 8416581 7405158 6451584 1068225 9792246
7125664 1393168 2621565 2026942 1159545 2354380
9476430 7455450 4904335 9418008 4340057 4710024
5936542 9268298 2713191 6612092 7786800 2734360
3769436 5913965 8369801 1347329 8151655 5011482
8615755 6830549 7716118 5967255 4137735 4047469
1407439 234951 6734392 4512243 9584709 3285819
2327404 8613765 9805759 5473242 1547699 5363768
9373315 1592870 191068 5033868 7684165 2614499
7210382 2097542 629781 4670797 2682147 5154259
1422444 5778334 3241512 7610083 3411187 4328995
4638262 3509175 3317715 856866 8010568 4105106
7975631 1424299 9683588 9427372 4284688 9173034
2928601 8296193 4366265 3006033 1974014 6558784
4820414 3581886 9146384 5101618 8756872 2040192
3417688 6736641 7552803 1580132 3089798 3806374
44306 4717321 5202578 5476763 834980 8038524
2046052 8516449 3582301 6085961 7058236 6259866
2930911 7783010 7812854 1456746 1742196 4385953
787993 8416411 3804320 6682727 2789668 9829300
5182611 9536643 4752302 1277522 7439178 1273927
6552302 6395498 8334500 5877213 9383065 9567367
3970456 7451838 7461213 6327741 959980 3457565
2976483 8734452 6523650 2886517 2170707 973862
4227337 1960941 4994445 3166849 792138 4673387
2054 3361579 1927652 5373278 294152 1298336
3286222 768530 1077270 2308374 9533658 662737
7925365 7053697 8399945 8245487 7486290 4290357
6924739 4460252 7456430 346754 3706244 4055216
3305649 2296093 7365935 3778440 7050184 5478236
6279481 3385452 5603359 3661113 5875158 6021485
7639714 8597177 7157685 6162876 3041518 191450
2380294 668108 9200793 5860912 4961151 5117010
2573916 5981850 4474651 704087 6242109 6331886
7216956 9655299 9655335 7872436 2067628 7998059
3932401 9507781 3718345 5599034 6028893 6148205
5059377 4264252 1178538 2378459 605772 8889112
7132672 761863 1418733 7264979 7966460 3038135
4854422 7444736 7334941 2248925 1204523 1068334
1003585 5575393 7143342 9271473 6444156 6219859
6366150 9767278 6529548 9159626 2230475 3533737
6473104 6781260 4639215 3052588 801534 696898
3938471 195457 5376077 5585538 3571415 5480246
4913152 9951977 1688839 6617199 3018014 4622892
663117 1683476 8303258 2650011 4595449 453499
9004862 5787904 7820096 4958679 6012309 838494
2359564 7973045 8531387 7884996 791875 1185200
8398920 1801834 6643201 6638042 8310453 1009066
5692256 5418047 2003978 1663096 4358321 6492178
4531019 9748950 6749264 1906656 8496509 546999
5230478 3823092 2185811 4185716 4047725 5013630
2876802 8979792 4183147 4537583 3225973 5598369
6948859 7028155 9160102 503639 8218278 1216180
7979690 4025074 3373022 7294191 6957755 9177401
8449520 7341766 1429582 1327917 427660 6263358
4089229 452907 9476536 7984388 2654517 6968782
8999389 4213204 7754108 1629571 3761240 9330661
6825918 1154672 2192073 6405609 4714236 7330166
7332076 4027380 1530671 5533084 3926966 4471434
7173977 7936287 6865337 3008409 5736195 6705958
3584048 1548884 8552131 7919789 448354 2773065
6121832 8964470 4373637 2191319 1504250 4005074
3462071 6350119 263834 4042360 468272 5803082
6985328 2043911 2627529 4099415 3995841 6400280
4732686 8556145 6525941 5005102 810411 4718230
103444 5990979 8477009 1048150 8045522 2212356
778529 8906129 706318 9419007 283776 5749766
2956529 5140757 2523129 7525597 2071013 7576847
4207600 3131616 7468014 1062254 6023080 3692283
4078428 9484632 7553043 2151851 3187102 1892209
6247124 1116730 8154059 9655407 2087875 5513270
5528065 2413920 8304596 8051477 3263830 1562142
5096764 7566320 1760135 6877763 1142886 8855083
3877150 7207089 6485131 8949094 797502 7678794
7250215 9041190 9967899 4784725 6969722 8560890
4659313 8626678 5719027 8814109 3171883 9167045
7595706 3301122 3052882 7009859 1997532 9657092
9272250 6156122 9867785 5905872 5965489 8456759
1932148 7200664 8341745 8697959 8274701 5980013
5407077 7298029 319228 475264 2405191 3046684
5545371 743340 5444198 9743706 3392164 4637152
5843115 6282655 4394437 2593089 9282057 7841764
5802201 6867290 5209557 6828039 9676843 4641379
7811009 1344343 3075700 1511139 2852576 9769057
219144 5961354 351976 9739014 3407032 5873853
8847817 7120441 895930 6197 1464488 1254192
4212893 9528544 2763958 5230632 62756 9682834
4062321 9339059 7918607 499980 2895757 1407410
770455 8579037 7621185 5677848 2664255 1060848
9970984 4034231 7890763 5675141 9524561 7430810
4285175 6104101 2875623 8520584 3745272 2161615
6945834 5796004 5402802 3955365 2615145 148299
1877421 2580377 1281586 3392865 7448817 3513517
1850450 9719163 3065596 8944566 8968558 4827994
8252667 3169968 4456186 9835082 35212 7430256
3363428 8537752 3983 5333148 945456 3958655
6807211 5541737 5593787 5756991 3554146 7099752
6004608 6815090 5963892 7472886 3800427 83878
9779261 6578118 6585414 4377245 3824690 9805397
4365213 5340609 7135542 8047628 267916 575303
7705429 7110752 5760791 7972545 591936 4077392
144315 6544272 1634920 7322930 6585654 1907079
7919730 6093459 6165017 5965843 2939958 2153467
8864102 779780 9369540 4372308 55820 3457094
844842 8986183 4713062 198585 967934 5604847
6823112 8759582 5273820 5018483 8051561 6443394
1338961 8032062 6223154 1886499 7328570 7256154
8448957 2456330 9992463 4678334 6457514 7731231
3640380 8399369 2400650 4982075 9183526 9488135
1205763 3333120 7054931 2303697 7127703 1605752
9364330 9945729 5576338 6030072 499817 7826072
6633258 2901247 8041897 9721623 4626882 4907895
5930313 6977603 3451209 2113385 5923350 7599489
3464630 6166507 2528668 6981830 6558205 2568564
3204197 1841037 9576055 5785685 3812720 4718440
9388463 9035263 904359 4617401 2522169 7382841
1679816 2418885 1956512 2166391 8045075 3556267
9689334 3918756 3772487 7492754 9051762 2205923
6036925 9092377 7409770 9455441 8839067 961195
9077084 2382499 3387524 3007773 2825875 8658780
8250016 847573 9088527 3323456 333160 5591618
4003536 1312911 4455433 6068368 433569 3504464
5642976 1298238 8121431 8972401 7292496 2639448
8796077 5711442 2789275 7370132 9748759 4720342
7308670 9933021 196196 9943163 5540317 139669
3995316 8672043 9593010 3297732 3916374 7197502
4467740 6365877 3585596 8180868 3489217 7738850
7750489 9968556 8658808 3905305 3812464 7540828
2839764 104683 5090002 748075 4211696 7114432
5869504 879883 1098814 4368184 6014786 400138
5395421 4060373 5772594 4315764 2073052 1761525
3911454 2345244 7381863 923929 4504660 926619
9053852 615208 2222224 5050424 9619643 9780202
6061534 3403364 6120557 2655368 7103399 5435633
5049666 3247241 4460346 2478578 7428227 3036491
6098688 99555 351091 3185458 2785447 9428844
1966256 3434725 7895504 6897282 9993851 1467220
158964 1915835 5600022 4163383 1694223 3596487
4892207 819080 1260240 1318611 8306650 2611421
4279581 2740053 6956974 336960 9266097 8825810
7301179 1432875 4917016 4345372 4825240 4405104
575527 5868393 7829761 2793380 3084168 6184918
1884697 9164251 3409512 4653336 2496404 5187564
9835611 886283 1553018 863858 7586370 6609147
1776250 4780077 1792905 7739669 8905877 45393
2471869 1629295 4168627 9069694 9596103 8560975
6550204 5813591 7090594 1194917 3587855 5825829
5766726 2098827 7734912 5075322 9433913 9142398
9201909 9626244 243649 1769410 501349 8379814
7272791 6437320 3846505 8307868 2569122 45163
2612198 2835858 6962516 7784367 321510 1454872
2016290 2815003 9568148 4848536 8103132 6682812
8096969 8640693 7298427 5727189 5097132 5487542
8874235 6700927 5346163 2650507 8537760 9279632
9801744 702459 1127946 5788813 1796902 3158782
4714470 8242335 3244468 7045431 8582718 751997
8863313 7982359 1777316 6280040 3059032 6618910
9574249 4353372 1523112 3560836 3672440 1860655
1081387 1545602 1340188 8358962 9433633 5868194
4698999 9961691 4298098 7682883 7982623 9619051
326925 6227477 1018100 6409365 134066 9860797
3438343 1051538 57974 6546430 6863875 7114772
3710226 2594194 3641895 8727253 3076257 4184387
7756520 6240907 7030018 9267291 4707426 251300
1818594 6355507 8808701 7376274 2346431 8621027
6453898 1180429 9999735 2158265 5953114 6831555
5600809 3164884 4219306 1662315 122493 2620902
1802680 4534956 4681726 4225415 4648736 6839438
2226299 5971746 6885433 113711 9926363 1741715
2589033 1059634 1520050 766800 4590771 3778559
1052095 6062069 8705107 1436947 92531 5683446
7115037 1551961 6641080 6810340 3126443 9911373
9965081 6094205 6118414 4409115 7464610 172469
5569573 7593179 1706770 1969263 5149975 6374684
1735593 6340187 1254066 8258019 9569232 4893480
5311504 4834009 8574112 440746 610219 4060423
3915795 365733 4442425 8998280 7110378 3096775
198358 5415958 2845302 6974059 148629 3832157
5623301 8179917 3595023 1347581 5197227 6997592
2071789 9082831 912094 2330422 9701353 3752343
4429380 8857017 1982728 1747599 1498836 8292434
1337260 9524334 5483985 2057990 493320 7098877
5730043 6571292 482800 8609994 1770904 9734016
3529381 4761534 6191557 7421908 2634718 1389314
1298456 3963922 9636782 1576520 8368957 1527388
3148329 1585372 664380 690081 4568900 8253360
1114046 8450758 3917122 4552868 5636799 624294
8348172 3565310 7686596 6496146 5617537 8625934
6514791 3461794 7311927 1178078 8801040 4939819
7560785 7007471 6222299 593414 449142 7534913
8655652 9760739 1155377 3956597 8909661 8907947
6434496 5039961 2002392 2229440 7495947 3320146
5816893 8976513 9124734 5567263 9073736 9069407
3702718 4802309 8346385 1010847 5061729 4907163
4215461 1970250 2784332 5724560 3129296 7561428
2031061 520632 8001615 6382209 5897215 5876059
9468917 4391574 4655649 8778649 61649 577575
6623541 4285350 5965846 3991780 5361184 9824526
5815084 1993522 7933735 7152891 6890695 5646833
9188528 7644804 4699010 6248213 9741136 6939410
6123615 709936 1910665 4440964 198378 6975314
5318530 9434684 3079297 3248675 6098345 4682161
4413757 4924068 4740660 7768809 4387305 776378
8941316 223680 6609066 2959805 9909476 1135773
9627693 4878169 3629936 2354782 7193681 8252411
1177048 3220703 4650438 7716238 2655034 9351713
8666910 2182577 4086972 8990531 8673250 5926500
6745229 2566408 5895177 3251573 2739134 1966627
906172 1419718 3257498 3922631 7306897 9517456
330344 3163809 800460 774892 4813270 5320209
3345378 2963747 2241002 4826886 2071626 2877641
31723 6697519 2269034 5388946 9101898 2204728
6689406 9950784 1550429 682565 6214576 7343067
5240596 6376119 2139035 1663309 1448609 5773962
4994912 7254417 5913806 5132981 7385894 9491224
8551253 7892018 7369307 8766763 5645153 5709502
3685497 1918342 494782 3017535 3219849 6041614
9697592 5517225 2317819 1052770 7233225 7356112
7967026 9647778 6949233 3457392 5534295 8437150
3181173 1682068 1515137 6467040 9831974 4817209
6963835 4898741 9311624 2777810 6837693 1209880
4835421 7922643 4305631 5840926 6997068 4296233
6848285 2223060 3156269 6097420 1965717 5931383
3456142 3942141 21191 8557693 7165954 7738115
2541991 5093860 2357722 8932156 5585589 3963085
4194365 7218457 2086368 5677572 6053700 8321108
6729989 6919782 8679532 1107939 6217349 9310582
3050481 2126100 2650710 2652999 6609107 3311235
5280880 7083752 9716351 5583753 3010897 5889832
4796018 8406141 7732787 1573508 235818 1743832
8852158 5903265 2337053 342546 1646561 9778610
2209865 1170712 6169360 4835161 9367430 5045934
7251851 2348203 7724792 710609 5507212 5039854
5087405 9888991 8484753 9046487 3651275 8501836
4246733 8610611 4207560 6196536 881554 7647559
588320 5156481 6683963 6935699 2255780 314084
6973528 2707935 479538 2872100 443134 5438394
7141874 445718 7716322 4670416 8331902 662694
8165039 4085408 2898928 2692932 6486103 346827
3259079 9805671 2251989 3835216 6095812 3035950
5571050 6013329 289158 8521801 4246840 4210949
8361970 316151 92423 7410708 3737080 2799277
4560316 2215305 9445857 3046358 1904612 3205556
785514 9576316 278708 3544866 8031496 6796145
4748630 7895388 8670377 6337136 3676620 2450109
8062094 3138312 6612122 7443587 7301049 4429805
5149235 8620073 6198878 3505372 6308446 8015750
570270 754331 348328 99651 8132615 4270798
900970 212721 7901058 9046433 3049702 6519495
2757241 2026184 7981833 3493013 3773170 6351452
5540572 2024834 6639531 7642313 9348613 598768
6187154 7116728 4914255 5016051 7897122 3284538
7006678 7280142 3267870 2262957 2974595 7277164
6447817 4648979 9762773 4399579 5436166 3463899
4549050 9015661 88609 92627 4686345 5274865
6447972 1656222 4846902 9847425 7964799 4283612
1376219 2927957 1405717 9749559 3912496 1015886
9356542 5884918 2315598 4616519 2039755 5769559
3251625 494283 9051589 704668 7045195 9124191
6588678 1140993 6588667 3175632 3093263 332952
510158 6094527 2430383 9639390 8568079 6240900
8437636 7159252 9315342 8984258 886738 46637
5871446 6698257 736482 8746886 5043036 9551248
1148300 9932530 6975906 4319050 6841001 4192062
6223275 5743303 4611026 5722710 3258747 6823806
7694944 8200586 9834694 1072765 9239400 7817969
8585503 9717152 7316838 6074697 6178883 4880502
6454217 4267367 9607545 9004951 4833221 346937
8387709 7841792 6097956 7037419 2027331 3160732
3357046 6191108 9253525 8238320 3416114 2824775
1629873 2714925 3900505 2491535 1289313 2686151
211943 4798681 7458857 2918512 161383 5325884
2234409 5073602 3753646 2095403 7864833 2573634
4584516 7218324 910082 4264089 7335001 5416954
725850 657525 6173255 6673961 7715718 3048292
8564443 347182 6301037 4492062 4444824 3463958
979997 3962681 2978053 6921393 8793008 34540
2888080 5469196 7680409 772071 4803010 6953728
9407085 1261643 8326275 6679890 3653804 6197790
1914693 7365784 5379923 8483550 1765684 631788
6512896 3537981 7082962 4410564 4354069 9814200
9024846 7742346 628778 289688 1115405 3902151
9595580 7663123 8425316 875541 1376008 1865804
7736545 9953778 5854515 9219526 7266876 6454075
4722017 1884552 6693378 103247 2577369 7079040
8084034 2496447 2196996 2346265 408496 5255026
2951577 8477516 1115127 7866208 1747224 7060663
6324950 9117396 146237 4424123 7084309 5990680
7772474 1039152 5989775 3514119 747004 1811906
4777272 7293370 6271105 628886 9688546 2469516
3120821 8921599 5164977 3549737 2205653 8618958
1705154 7249315 7254626 3170289 7923963 2898492
750677 9870336 8206553 8793851 2894575 8149479
6307838 297893 4800242 702697 2330772 1538217
1089265 4569915 1749442 385090 7568993 3115126
8983921 2322690 8788969 8645611 4745387 2825625
1895686 2775213 6911743 1527279 2718969 9834994
8736053 4602184 3115188 3091283 2763441 876667
3605352 5983420 4398795 8121625 4321048 9390652
7669273 2418123 6590826 3626760 2460472 7635737
6869515 1320064 9680322 4139500 4186368 5601273
4109522 2105065 5124949 5380928 6898165 119361
1237736 4780558 7578924 4965248 1966644 7728588
8423029 7997982 1806473 872775 6779738 1585572
8716330 862295 8001642 9398316 976337 2327263
6234798 8268925 314741 9276005 4657764 1398905
154672 4596553 415816 7513914 8981760 658376
5751717 8224423 9085255 4279433 6883889 9540490
1811728 2704025 451479 8862238 5203731 4462490
5829264 5996739 4540325 8094750 5423169 3324072
7599630 4711205 1128728 2797686 9146129 8629240
9804620 1961730 122794 6180019 4810575 7370090
7312771 909114 9016221 1148097 5121057 8555314
2500316 4436897 3978405 8461151 7586588 8272312
1875783 7372560 3065194 5852251 3446741 8661024
6858579 2059922 9173383 7091744 9914284 4270554
9529648 2954031 9078293 456014 4474813 4922158
9417695 5631708 7893449 3081389 1549467 4294617
5446268 4681166 875681 5985011 5594433 986272
9345666 9138478 7124617 2856415 921902 1773569
5564045 3952369 8514989 1461769 9321440 2750652
8196707 221027 994829 4745667 1618449 2167026
9477020 2044302 9962084 9056246 9043456 1954880
378862 8794394 5823092 8770576 405982 8765574
7785342 873568 6465489 8187110 7746077 775805
7145937 6673232 2032128 7304723 4891969 522443
6407169 7955925 6310267 5142796 4884681 1328439
3299787 700601 3062717 8708655 6507990 3550131
1024188 289419 95022 5169736 2477552 2127508
5950476 6793469 3546386 9749414 3676427 8447872
6285163 9596 2474949 219024 7599730 4945216
134898 2172296 7152333 9439640 2649077 1087530
5644612 5236065 3909712 4494653 5470789 9705381
5702857 9076687 4365577 2915358 7162922 7456657
680782 1976200 4195680 9904619 1354247 8098499
6976057 6657754 4279498 7862395 8857633 4875085
8853490 3080762 3100871 8117500 8573756 4335693
6397798 1584548 7640342 9007492 9525123 7241486
8217795 1455823 1322679 3841004 4046556 4599739
4082294 3369804 2846674 5018291 9538242 5623529
749536 230278 818049 9053833 2463583 5991322
6808032 7782217 6378432 9034627 5641162 2390026
6604510 7585357 502930 29884 6517560 5578374
9816315 1673290 2451076 6954193 1686823 9898423
6775820 3135052 2611198 9679758 3780100 5487828
2028411 3835198 3542520 7477341 7367963 8343477
3517643 7343964 9120964 1649019 2199459 1742906
863054 9183168 5814661 8932652 7236494 6461199
4096808 4052410 6852244 7268300 5201975 7864951
3172453 3795343 8543455 919626 2278012 9328530
3380124 7128273 4002117 890604 7006216 1805964
8847506 9127169 217394 2159453 6512240 9173595
6457409 8167295 9473830 708170 6091139 2503655
4083762 7843167 5898558 6149998 5582949 9727690
8635584 4760110 8633222 5677568 4304887 3572619
9800022 2598016 5065952 9792434 8268895 5071185
7740789 9972450 2176952 4008696 85146 8109324
6243805 1937355 7540169 7678648 810891 7034680
8391121 2464282 7704204 6039799 6835864 4434845
3429972 7230125 1545324 4274426 2255019 2246105
3172741 3169937 4822281 6644774 2359430 3914223
4107643 6664974 9898400 4402644 2967381 6118689
326702 75065 7758020 7789233 9906193 3645593
2187520 956935 3949219 1598542 7286447 1840605
5868415 3760222 5762152 631106 6362461 1038769
3525861 3466362 7717430 9930846 835955 6915208
3287043 9599031 9577924 3625945 3571005 4145916
7136279 3988476 9496901 1585515 5713096 6760799
6676824 5640739 7323932 7899730 2086905 1298084
8296885 1574198 5883490 2981676 776358 8599208
8152071 3476536 302513 8859630 876783 9501018
8401258 395855 9239109 842812 4502189 307162
4067669 8561575 7385929 9803303 4462262 3297971
2343703 4282900 8047125 9001352 3954282 721722
3714837 5626130 1379456 6419345 1633960 9261756
1031718 305367 8822672 978716 5473874 94468
3843402 8276649 3111692 9995882 3184256 5317240
7521689 5834012 1138549 7016770 3832061 3525330
3912155 8493582 7111935 2585519 637972 6493457
552082 9150718 9522254 9580791 5144793 5250652
8121562 1981913 8761895 9977352 9811094 4196822
1484489 3088952 3087701 7291460 5959900 6185613
186278 2347820 1098644 2729884 1479662 8120269
9583172 6698066 1794069 7854125 2507189 3140378
2149820 8446198 9667394 2329215 426633 6323155
572214 4262611 3131856 7861040 1874320 1202342
6555345 7544337 6022918 6941726 5532281 743108
437629 6620694 2533682 926322 2399241 8290152
5394813 7822197 7671055 1401984 9997618 8446726
3456583 267436 9474723 5621516 7827531 1364895
4529428 9155274 2662318 6764545 6719246 1697289
3053757 2325237 473500 9896301 6174538 3935325
2097351 2641446 1165785 1050960 7416496 5886494
606696 1223498 6046957 1377241 6934401 2604436
8652099 9170229 4264992 4685129 4404456 1606883
1727618 933829 9716805 4658022 2412297 6377007
8080789 3673083 9901448 836392 7872564 74003
7816652 5498511 1647658 3735730 9304633 7356172
7280940 2405622 2850939 3588229 5014820 6604033
5317937 3152186 2220872 57882 8112446 7549016
7432296 8368627 7920781 8866616 8168683 5240709
4218520 7439328 229148 4788778 2970171 3743412
5985046 9770303 3350933 5972954 3560589 1435890
956777 4916369 9865596 6908819 7404188 1998834
8755943 8139389 5919008 3112772 9340085 9260110
4156134 8022906 5560637 2352432 3404095 9503937
2153221 8950035 7329828 6406948 9517210 1865304
7127024 2492162 9435451 9107526 7603183 5244517
3253099 9344983 9591597 784981 9101104 3196077
7683420 523477 964438 5921947 110672 29293
9321701 1105748 8099243 969037 632643 4947264
8182775 3632613 6366207 3846996 3819732 4610553
4106062 4549829 5399158 8000291 9781795 4912026
2563382 9648416 536206 674491 9859672 9995102
9668513 3371153 8921801 2364559 4669011 2880618
8539498 6231274 8839363 7300534 7085246 8411462
3766061 6157987 1859518 4488187 924751 3970569
8878309 9406103 5525250 4981043 6678918 4551275
7796918 9683128 741681 6052412 3358564 462255
9493087 8647210 1246075 8104141 1300523 7261490
6025462 5818216 8963602 3485589 5307498 7588457
5771190 6805528 7464582 6987696 4234230 3623808
3052508 8075195 8723665 6565637 1796182 453568
4469851 4687469 6692234 4370526 4567641 4985883
2138936 2487086 2872709 8377107 7807446 8438036
7165386 5661920 4857463 4598028 8462724 5106534
5006966 5392719 4098605 7936793 9209852 9873390
7086693 809221 5448897 7117873 2999903 5283369
1738589 2927450 6851028 792506 3634289 6613053
569255 1654936 1250574 3977718 1346652 2820412
4715747 7394083 8998081 9026545 9822310 8572310
8766345 8454479 9612470 3617130 1558670 6403462
6354963 6533058 5477617 6818843 7283832 3758419
9536985 5021063 9487182 7589340 6638517 4879996
1587008 6372879 2027630 8244409 4028772 6807788
3855960 1029248 4046067 1278193 3221045 1815769
875309 8060148 986910 6876587 8351527 4545423
5670899 8121459 1368779 447566 4437542 7101231
1135436 3750412 4371103 7492154 4440733 6325588
3333230 7126407 755565 4118084 7439537 3449431
6544679 521935 4425707 2804681 9761170 529422
2357394 5076770 3312013 3661847 5943534 9223684
2771508 2660397 6669535 4941758 1918441 8517058
3511217 1139442 1935336 4926399 7108972 278360
2436685 6363805 6588515 7720478 7944963 6094637
1060204 6757224 620611 7537479 331908 7829592
119716 2866217 8360288 839357 8090171 9360772
3789218 7473589 7806877 5147419 4720646 1780335
9656052 8391471 5207966 2238506 606867 6300094
1514094 1618280 3412962 4147347 367996 3397365
3940906 4636915 7131807 7217375 2601642 9186309
8603072 5234029 2328489 8839943 4822041 9052223
156770 2671859 3049270 2574564 1137181 9635383
2471482 7289265 1643159 4808179 8064426 9553491
886671 8821697 6150357 4320516 6023385 8713628
4416629 5972369 2498221 4962922 6898450 3453255
2228964 6571843 4871947 8620568 6544346 9486616
9451845 816108 3569430 6155743 2081736 7935007
3250824 8939530 481099 3777579 1675864 3078730
1754206 9132727 6572489 7578316 6330703 3779944
3035951 4282556 9210643 3614861 4423314 8849672
6554001 5193847 5773408 9596015 345599 4565338
4763436 3850914 744918 2156542 5356333 7248317
5984061 4730928 6739961 8215350 1069692 7083854
8232528 639049 4296504 9419490 3208716 7765723
6880765 4650647 241139 1092002 5584616 2261789
275973 5836984 6392794 4719757 9601741 6887888
2161598 3654808 8593930 5915761 9014143 7824949
2333812 9597663 3776393 9324172 1594255 1599775
7039983 4820601 3212864 2126788 5382332 3784264
4553167 7134510 1985130 8007685 2715249 5694951
4324198 3671433 8266298 8483128 1880569 9519349
855522 1264303 5129186 9852072 6053751 7414883
8489924 2316767 1624905 6471555 7085678 3611052
3989330 7556593 3056392 8641363 4052018 764014
9048925 8149184 454651 2608529 166590 2467230
4902757 4153913 939559 2898978 1591562 5342709
9558651 3850683 7717094 4257043 8468649 329952
6470588 7187910 8766850 5797981 3636864 3065564
2159358 8081612 48832 8374078 4018354 5158655
2638559 5682834 9619415 7502283 9434203 3731385
9064698 8246992 1097713 2661955 4949314 1899837
6475324 5590945 725205 6282195 6912903 3234994
5893957 9732286 9087944 2726440 2170775 6864108
1997164 3250944 4512319 7389086 449170 2084977
2418398 6528679 135558 5780903 260419 5908727
5723294 2056368 4416480 3985709 5192345 221656
9232238 3808633 2238596 6867012 9322656 8045918
2340359 5877163 1168709 6813837 2480120 4286068
6070711 9912119 3512059 2755306 5505118 6183259
9219065 1675611 7797821 9012735 243557 8420635
1764279 694420 5330526 4816477 558901 4856534
8818514 1908248 4539941 8866287 3494201 8362141
4625512 5130152 3928287 6466401 5048726 4572007
916268 5604561 4048559 5849490 9710192 348300
2396667 2967987 6551250 8233220 4766644 3516733
2423835 219503 3565076 3817960 5102733 8628235
2715391 7523882 5318262 6312174 7995322 571871
9746126 7204423 6417917 5149918 8129794 374966
2254971 2752664 6626884 3225813 8096467 4638995
4372075 5914788 984228 4982226 2419809 7590913
8305284 585294 7141604 1023208 6442452 3274698
4797065 807551 27418 5300051 3751009 7524844
9253745 4604094 7609238 3476687 6103364 2505768
3930382 7246749 4838193 6176283 5978249 2013979
6889848 9198021 2123036 8926080 9445885 9187944
7644006 7733165 5104072 7727349 8006889 7410028
3430267 8722918 761971 3143219 352852 7322243
347547 6954919 9001655 9102040 3972068 3492372
7029757 895388 9811424 8478460 1051843 5173059
2752719 2129001 4607044 5127624 4133359 7244430
1151662 5870985 1361665 839473 7656044 6017843
2420772 1526396 6597205 199209 46420 7380446
1743796 787163 6893897 7515949 5828735 9023329
3012324 7787808 5225953 8630663 1896322 8550497
9376520 9165546 6681321 9931012 4974629 5877887
2802983 8302642 4589558 3517540 1991556 4481867
5960577 9508074 9298874 2983811 6681267 2445671
6895167 6830547 848967 2430978 6734663 264679
8279162 5236770 6300265 5583715 2115300 6345551
2018477 2520998 3974662 2811168 1462953 8490498
9336521 2489760 6551767 719317 7396226 1743777
2790887 8226255 8795606 2412029 1555371 6320661
9724454 28513 1106540 2780281 1735496 5065775
7701529 6945541 2430882 6416641 1651849 9737858
9577622 7219267 6187342 8244006 1499063 9470557
507205 3149409 8045120 808376 3647289 4191507
5893903 6175850 9434321 9105190 9640090 8508408
1469072 5867133 3681398 9979604 5859261 2086787
5239010 9238195 785502 8908886 5109639 4517411
6059616 2919879 837910 6813909 1141695 176958
5556434 4546880 6727192 9325049 1904824 8405962
8275540 8916077 6381223 6915032 6886378 5559645
5631453 8596338 7305451 3922474 4947568 5784716
6056459 9598017 1360006 4100555 3004996 2260867
8685054 1598318 8039769 3527709 4748760 727410
3353597 9079994 5034155 9257363 3548756 5093209
1781215 2144023 3962308 5275436 1704063 6943183
5705563 8323977 2351817 5225857 3277432 6513300
7211960 2137141 7972310 5053193 757449 1543677
8816951 1455878 1541884 4466325 639994 306505
366192 4747831 4167317 5653813 3561435 7806383
525490 6374090 5047582 2212241 2141258 2803545
1822407 781022 7893953 4416822 8394992 4681018
9909049 3459197 8320885 1526469 6315749 2611618
2755099 8300403 8322544 3490478 440411 2092877
3551325 7314890 1504029 3655803 4909244 6956232
2775866 51750 4762542 4545434 4700366 6903342
1465718 4999718 9995883 5168765 3230786 9976426
3649723 4400128 3060886 6860866 4557275 7180796
1985620 8839723 8432081 1555698 2898713 5261032
9483838 7035012 5933679 2954704 8660916 4826368
1299515 8166604 5871778 937721 1640956 8343241
9918475 5363615 8758831 1417543 60750 1316030
2615735 7586333 5069617 8346118 9840754 6040282
9031991 6690458 2757615 4323233 1670182 6069521
8524151 1220167 7153036 9501510 5061595 7665353
969663 8511013 6338802 5169514 3869250 5064181
4104648 2712002 2759172 4717645 6942390 9193660
8421965 568076 8778972 7116051 8939963 5312380
191415 1137720 7194257 9893396 3922713 1970457
2068753 6976282 6496421 9802257 2413569 420789
1190204 416965 302019 1093477 447880 1549736
4977227 7446220 3717083 5435 4241469 7128752
3281110 4314345 9748068 3563954 5901267 1102106
7290548 1408099 2280204 1840656 9310095 3923875
471096 1076266 4588300 4368345 3100761 6892967
8567760 4302390 298432 2338383 3527440 6525425
8891640 7328487 120196 7229235 2138823 1493742
1595296 185979 6896250 65505 6612286 9608367
2222388 8504798 1075014 5394315 2511708 1005469
8140585 9349547 1106870 6378144 622381 9371613
6961436 608882 4345459 6824115 1437675 9939079
6830320 942726 786905 3222643 4672314 8572780
981909 61313 9269276 786461 245359 9124115
7027625 405591 4463979 4979933 2145956 4595963
5817952 3173444 1790681 9292962 4197797 4177892
5418555 2513496 6706106 748582 267799 1529941
7148283 4771181 8748304 6957171 3235184 5669559
8821462 8999745 3832483 2502234 4412405 2450395
1736193 7354123 9104188 1982754 9350518 216790
4907634 1981503 8462925 9749495 1006163 8264230
8148397 7537358 6744928 6609012 7804087 2158818
1866674 233327 9793513 7739335 3638178 5474178
375811 70453 7170406 8794419 6158470 3146210
763479 3315718 8761039 9340286 7556768 6843674
5073704 3435800 3162977 6489315 5840948 8286296
3067016 7398787 3765018 484074 8808774 5697826
8924630 2212450 1195657 1673665 635560 4179078
2656881 3996858 3715945 3630010 1606943 9280065
3046384 6113214 5823032 5316714 8986016 7690444
9503191 8808110 9980589 9901254 1535307 4368287
8995840 5377358 4392378 1507217 4672318 6239390
1709160 9891736 1261679 1472580 9869788 3946020
1950552 9089813 2680158 4581960 6683404 3559910
3127728 1443694 1828856 3882912 3442931 9727733
2463264 7750301 8412771 6074573 980883 663
5717236 9023376 677142 6827370 2677825 5258201
9786699 1149664 9324539 7476555 1920849 1715206
8018386 1573803 6243425 1877011 3366161 9896202
5010286 4921230 2124706 6420679 6773526 91613
2539430 5112928 1934427 4664645 9043953 6922017
7826619 5634586 8910853 1261015 5755343 846412
3268878 5123182 6411988 7421956 4795261 5533740
4235370 5651173 9522844 113650 5864525 1869127
3484307 586253 4384140 8516569 1064287 6059652
7875957 9296557 2249849 585528 4287939 7564896
3323774 5122054 2105710 2402522 9649936 6286263
2804353 6757370 5818460 5397013 8608132 8242978
3484213 7588329 125969 6590965 2185308 1122353
568769 2425780 9248402 65299 1180337 8457700
2537877 9310049 4570299 2851201 3385058 6458786
8596562 2683350 835242 8847092 4098182 9673206
3428029 1832848 6001237 3236581 7309297 9107155
6050667 8087294 1978120 6141161 5032355 3475958
5933683 1284992 7111248 1127496 16759 1862159
8316494 3258475 3941716 3648010 9864645 339886
1715963 9953152 3372312 9359673 6800450 5924782
7407736 4637121 3490147 452762 3162935 352460
5121115 7332187 5116483 141246 4014631 3093042
6479579 6396715 4277694 1094341 6917517 2100066
9347537 7469065 2666590 8973083 530598 839706
5731489 9780019 1968203 5661350 1520617 7356145
5734843 6690993 1286844 6053338 8733425 395234
9985811 5480920 8122056 6758787 6006381 2684571
6745675 8175247 9243843 848674 7168431 3467929
6062192 621622 3035634 1272246 12136 9331384
3258191 8434652 4106522 2650440 4721272 3382916
8384257 9459765 5811570 7760338 4406403 7323637
1806198 426240 7663290 3882459 1108530 1436597
3978009 2588749 1462684 9982018 2227407 2355351
1595863 4882815 2611587 8500273 9599158 898994
4320510 4462596 6678857 1955459 2795146 298772
6288711 7335370 759647 4739139 8374530 6546615
6873001 8985337 3768843 1920205 9042476 6742190
5804638 2179732 9513092 1599037 7294236 7423386
7868699 3276173 6207245 1751171 1054576 9838457
771328 9883983 9860606 4912575 3439827 9943806
644780 9850738 7631094 7364518 7593747 3773159
676949 9238870 4214219 4916068 3109016 3242070
8586507 9675657 5840339 5869397 2695634 7419425
1385902 2721473 7168360 9255471 4086760 9518973
4091527 4537539 6280794 921190 3967810 8490546
6686009 1960426 5545509 3825036 1275425 9191738
9111096 8440120 4585985 5739933 922088 8055366
3209166 2952630 167156 2965175 3164664 1378919
3998117 4901931 7188348 2441180 3526673 718354
2775446 1389309 5763977 8112120 3272990 3056207
7492364 9755758 5271059 5723672 8230059 1148590
7696560 4761471 8400232 6648601 6758300 4255514
2833440 5645968 1799385 9112994 6046304 1134129
9351816 1126352 1372875 4901874 6923072 9065879
1302197 4244828 8433752 4827155 1049589 9886116
3427760 998975 5167130 1529777 8247568 1166329
2784306 7485493 4722571 9018566 5268614 8403192
2978687 7349516 8143630 2932834 9607740 7880704
8918969 3662452 5343004 4629848 8760304 2146638
1683332 2590490 2832685 6205179 4421475 3985230
2714837 2869404 3711881 8514115 3220840 5759325
9088383 1303663 7398400 633055 6328687 8560810
6411558 333250 5857737 2969682 1923187 9573555
922249 8369362 4637088 553047 5908186 7387137
4543111 8797911 2238671 3020492 9846444 5657078
8333644 6579126 3064018 737340 6303728 2399209
4691310 4464571 4128675 2384304 3844450 8304077
482304 8285913 7333764 6782194 8218290 8427053
6288900 8713649 667302 3259129 5282930 6052112
9348142 2161790 6961218 6324744 3971004 4422929
3520653 6067891 1457218 1741321 2299411 9749560
5496791 5674217 4029522 3458527 8278371 7458616
5444879 8537944 4524912 6333011 70743 7622272
53372 7760917 579621 3811618 6731591 1132795
4989776 5074514 1296196 7011906 1389197 4141938
5437991 8366566 493566 9705746 8863651 7776559
6846858 8740982 5986502 7584203 1285402 2544072
4397530 2830372 435277 3208685 7814249 6744986
1527200 3015131 2091046 9338946 6271371 6210087
3843307 9709035 9336300 324423 6751545 7224896
8453364 8484884 4285019 9887584 8020536 9911805
6965049 5739133 9674293 6748352 9486152 1329760
1635769 2469168 6475514 8035548 9414087 3901218
697517 1781090 7260264 4551210 5484706 8374066
2050891 6099045 2095195 4283479 5862438 9154615
8440258 6522435 1989436 8761605 9130839 2800517
8259052 4509946 4809836 523472 6243636 2075116
7070692 4778847 3528978 761286 7703176 3802202
9734572 5807759 294948 5435081 9626905 4970455
9964632 3902153 3000178 5910953 7836693 1921491
7816609 2681569 9876694 519677 8308094 2963717
9340323 2874163 3338329 3674997 9776495 4904140
9091381 174045 5537454 5185147 7480517 705859
4845087 1289605 8395868 8292993 4548907 54679
8859666 3005176 6895530 7018981 8796973 5228686
9800339 2348099 6673253 2888345 2706862 3562066
2198422 6551015 6470752 565261 1420962 4829012
463873 6059574 6031264 5390807 6343700 9452859
9433001 4779484 6421636 2294318 1065866 6547087
3525622 9523616 8132662 9822015 1660010 5302917
6068186 2321342 4077190 8109642 3874657 7428396
8230887 6203036 7467182 1975387 2986725 929502
4235106 4279825 9868642 3566855 7829119 8489332
4023415 3468859 6661476 7442670 7585979 4017489
8807050 7506020 1282232 126165 9362722 3183246
5429404 2376407 4891004 1167835 4497075 9099620
751822 2354230 2184916 8602867 7159920 140663
1985677 7457613 1792759 5492133 8059212 6786040
6678445 9958766 1694496 9643329 5798599 8191151
8641440 8625516 4735362 59701 9302592 6368637
6146163 8104721 6840313 4283935 6545983 610317
6038497 3067271 9782750 769022 2815033 5474889
6304415 5420547 6308938 6520812 5456992 128366
2224730 3314916 9446808 4496191 3447720 9403956
1488749 5786074 6577807 6699853 2526394 5871558
4364258 692121 3051637 5816279 2456704 9055199
3300350 7701741 911630 1182441 9453636 4991940
7003290 5909423 7143733 6219607 3338913 378052
1882213 2120628 3168523 4606996 7834971 5987676
6921828 1649971 4657001 7436357 2795185 759908
4032510 9338644 540877 3911191 6404763 2122911
2423251 488136 2963843 7253738 3220462 7755251
9216735 1042288 3861280 4454867 7492901 7538296
2260222 5269142 2447161 6199754 4817639 405765
2703035 9757262 2857150 7063961 8894450 806732
4398197 5863993 4906555 151721 7149930 114991
4451063 3092098 9504659 5020821 3796355 2850777
7414209 4628474 8900166 5413272 5390260 6792682
2126396 2466961 4157070 7118704 5176134 7526042
8312747 7832755 4521004 135111 1208155 6647501
9265761 5359290 1593685 2157110 2855541 7356468
2848695 9065013 3892357 3746288 3804 4400802
8033637 7239401 1472787 9596384 8785545 189165
1505599 7289763 4367001 6064467 4937564 6427489
6649661 7279493 687858 7380512 1838974 9317175
5593986 4315951 1883942 2857157 5755059 8437064
1257091 5257098 1772933 1543697 2564576 6325246
2900324 8380107 2463156 9756267 9085067 7936733
6053255 8716362 9047210 4331839 8629511 3918392
2280499 3201293 421726 5166195 5507449 5576047
6668609 5468182 7226039 4575182 8152301 5687852
2516859 5176479 1484341 3035723 8339292 3528446
8416231 9961902 4725186 8041755 3164143 6557457
3964333 6893393 8194426 2751125 1327257 3122611
269964 1262147 5686440 7965550 576658 2553766
8015338 6090895 9749649 6196885 4875087 7096394
9099207 8325141 227805 6775303 7239408 3908587
6452392 3017531 377070 5518763 5915607 8667608
9193205 4238744 37149 3864268 1201862 8614055
7381621 3917484 4140924 4103427 4305217 6890154
1412 4551308 4599821 8930575 5020385 2248396
3778797 2219346 5086814 7628792 8942548 4839002
6329651 7189029 9653985 4285838 6298733 8309726
2745541 4751201 5346539 7018831 8772345 6337913
2516616 4151069 4889032 1135593 8815263 957603
2955469 4995780 4019923 3337651 6773891 2688099
9308766 7521817 7997146 8128673 1739965 3696261
3580794 1564412 5296196 5198147 7534617 4012833
8960070 3095783 7618750 5831198 1357885 9554016
1543615 2982580 5778963 8261907 6413958 869316
7359364 2643204 3404082 4129211 4673323 3946767
819078 2992000 415137 6965885 4977071 8776916
312579 4616868 3011235 1650278 3438037 7207933
1041717 7318468 6616451 876199 2175523 5719480
3338852 7124270 3637894 4465907 1794036 3791311
6909136 1046859 1107858 7127829 769309 9096761
292178 9451582 6891088 1349428 4379069 4542617
3597695 1994184 8118711 8841834 5518618 6741017
6542780 9893336 9544542 8571030 7220189 9095490
4252864 6483164 467680 7684602 790359 7549053
308873 6353171 1197963 6623826 56749 3930212
7669058 3184750 3847558 3914473 1358100 3986455
316844 9692289 2939399 2073834 7278503 181338
7600768 4497018 1605651 6896877 7923126 1900699
4246768 8338105 3826669 2012367 2874965 4286144
8629081 2607575 8661223 9342035 1040555 8025897
3344653 6973869 1937435 4188498 1172776 2333868
2893458 2628307 8535236 5558087 8254186 7527900
6156091 2179029 9204661 286341 83834 6293340
5943401 3411995 8430045 9297264 2377058 1718643
103543 5656690 309784 9561414 5285392 8750524
5325231 974808 8651733 4913501 8729181 304633
8243903 3412269 3324241 9271782 4003418 5294818
3365462 8688680 83919 6298769 5856276 695936
5081483 8342739 2523741 2367882 3398633 7628559
9595852 4047389 4596811 218791 4084955 5516086
2024084 3332044 7342914 9784712 232855 7279377
8876166 1242589 3449848 8900027 2042438 6671564
2969098 6671618 9408576 3135226 5931801 3688377
1634723 3804774 9800413 9613848 4479930 6942653
6226783 2957349 7576174 1023173 5317648 4681791
5707822 8025111 9327313 7808155 7247698 671374
7951904 3580750 8455824 2804542 7422602 4613686
7246087 6181455 6300300 5852176 9398783 6727014
8219983 6460626 8115587 908434 8584067 280181
5715672 2410236 8852113 400261 3557928 7275506
9703202 7852992 5924941 8768056 3192205 4017326
7344251 5160943 9423920 8737202 5183322 2351050
5232552 8830181 6382171 5186726 2367760 8298474
642352 374607 3558565 849159 2803190 8857022
6566204 4799388 9441043 9047131 2092483 4837461
1819260 7551642 22822 1180318 3101339 9569609
8688745 8478031 2989250 2282974 8507925 4237840
7303094 9482781 1277304 5764537 5675881 9753886
3898010 528946 42475 553639 9757908 3183321
3716940 8854042 5049802 7067918 2201852 8392816
4576282 8297119 3068459 4586458 6917941 7631679
2328227 4052234 5728841 6812562 6497980 3889729
5309223 8359378 1866682 9320725 3546065 3320409
7579718 801666 9123506 9687157 5149121 1563536
4794986 1265621 7793733 6839501 7463377 4247296
4519807 1620827 6276178 4596433 7706691 210805
1169380 2716635 2564839 3645624 3436309 1623647
4025044 7085447 4030965 6152746 5244415 1398530
1316639 4396215 5307976 1729392 9488200 1400185
9269310 4889125 3147997 1504923 9791472 5652320
9837945 5488726 6588856 1481544 2292755 4877153
7613550 712789 652687 1655876 8151344 829430
755570 3934093 7365356 7499859 5662112 8063674
7532570 8642239 6021205 6395203 5522861 3067161
8939320 2790414 2132626 4875993 5327123 2817566
7062807 9664457 2925162 6912519 3807678 7947582
5034790 2543499 4792692 9153812 8539196 4531625
745843 9660762 6244871 4478546 973822 5554106
4034828 1769450 9227012 5084323 3972352 1149233
9631114 3442741 9965864 3521694 2542224 9502341
2744526 2737557 5385666 7835120 4593069 8486886
7904268 3843050 126415 9417774 2465069 3118613
3270982 8378758 103043 1489580 5649360 5862099
6822290 4460773 1816591 6578520 841164 3557673
3590554 1978484 5692105 1775929 7281404 364937
7981717 1513095 1275 5290350 6409286 5801638
9145959 2910722 5067693 7757984 6574278 7130771
5427691 4617054 9304380 6108399 1813341 5593594
1046189 8141534 7793381 4103765 6699404 8081450
7685749 6166005 1896393 1827992 4244566 2614585
2794781 6128338 6561645 9761478 1436056 951974
3117338 7980631 1969472 4301404 2343620 2738638
794406 9064306 7886495 4685819 1150829 6224109
4253292 7482154 165142 98510 729739 9139870
2571555 3877952 4813690 1919824 7604601 243280
3905245 7317966 8666155 2453108 4963202 445939
569126 5666213 3180998 8352406 2991060 3832710
3624122 6744784 5797913 5054742 3309359 7635097
194954 2999929 5015176 5672283 7574700 6762411
2449442 2696270 5398598 7421775 7189922 7558104
6138283 1197513 376029 1726191 396159 5025654
4072483 8341297 4101103 7440556 4116693 5484616
3043110 5900885 4491093 6332431 6474388 3984955
3341957 7516813 568592 7178593 1724869 4604671
5228103 8232961 9743265 1903743 3665 2266932
5047340 3147350 8476290 5622894 2214123 1793547
3456680 1897930 6348624 772259 982259 4968061
3533994 2754398 8883235 9530560 2629172 1673815
2271317 6117010 6221881 1413643 4079817 9673108
6989511 8959690 9472644 5771357 6498088 2163197
5282388 2168739 8337631 1834171 2393215 969342
7008325 7420216 3686762 2697546 2875751 4576458
7636330 2569698 6534553 5600530 3644598 8970470
5721435 5697543 5603788 8069450 9632425 3886655
6045050 3633697 9067533 8803182 8633382 3254433
2320902 7685323 5399841 4185427 5489870 8813519
6630429 1699822 361182 7913893 2522234 5208956
7987052 9573770 3241259 1645423 3777312 1510119
3138554 1388980 5315091 502174 49921 800545
6559409 7212937 2536313 4450976 5789121 8759518
1901809 8205143 8786833 432329 376644 5190427
9176616 3450903 7079827 7721034 8970100 1944776
8609287 7807542 3175308 394832 82398 58654
645395 4399627 9856384 7557413 5664627 7244402
7939341 1818728 7635401 4599296 7626017 8276933
6277205 2179453 5910701 1601664 6012083 4317091
6422122 7554723 9197126 8050831 2468806 326409
4430292 5417520 2418879 3370314 1892886 2242379
7625236 6164576 7130539 2477659 3805581 1389494
8903133 4344396 2540516 1542431 2492987 8557916
7555026 4577320 5824885 8802894 1443828 6790647
6034075 7007623 1795458 8858216 3972709 2527674
861528 2594563 1930821 9529975 3127121 247106
4825522 4569026 9925842 5393022 6974060 1461440
1146393 3799546 8373872 4521207 2698531 1667687
1776575 4879691 5061736 639210 495805 7891486
4501523 5627397 3973692 5628232 7336239 4885263
446920 8767019 2191867 4602865 1616130 1211017
9458672 9373158 1217274 2293409 6716909 7923960
8632074 2162003 7603259 4363444 7656500 7644281
8416775 1512868 4309091 127771 7081641 9093018
7465938 222318 2098758 4039335 5028451 7499723
6273414 9197290 7232787 5040578 4946102 8207040
9269573 6543528 2183415 7162854 5062534 3325373
450412 9483165 8162782 7137775 2007135 8333801
288226 138078 7970897 6329410 7211457 5823371
576171 319148 1685378 3098848 7136926 1393812
9112258 5419337 4344706 3717551 6019995 7519619
691173 3591495 7215901 9396219 5093871 1112971
5460865 1253920 6450334 983718 9677358 7598475
930236 328162 8215182 3764956 3751108 4890373
9528826 9944003 1985833 1409416 4464407 4626953
6521662 6170724 9406602 789603 8050596 9643196
8980666 6732861 3463170 643163 6446602 8415640
1117899 892007 5044207 6857925 868544 5957536
9373036 9592452 641790 4086902 2168612 6808763
3178629 5347302 1668229 9454333 4188725 6075991
5533785 9281757 9127087 2588948 2874556 8923146
1706369 4671262 3203324 6807138 2003052 2944497
4135304 287072 3881560 9799542 2647056 2859101
9846165 2670900 9075459 6028296 2036379 4871955
3985163 2434760 4002112 2597838 7610974 2703294
7974967 9526333 2544136 7387179 5109377 7164845
9288552 8528951 8017450 6121061 5151555 6197282
2754212 2565898 7589400 7697292 9951597 1881539
2927203 3379087 2700245 8809127 9608167 1517824
7000532 9505489 7245378 4255132 8603784 439796
4921034 9108531 7060287 500030 8832171 2476718
400360 6748125 5177695 6716715 510989 4118105
4841651 3725104 7519345 2878176 3274084 9470480
7282555 6287870 2483162 2120572 9670634 4231886
3048 9165839 9918165 1026311 386647 5603887
9919466 5033420 9925166 7577654 1200027 6043023
9136994 2254182 3733727 5112681 7296931 3203471
6703844 6210487 2868098 8582139 3967475 5883063
3998479 4122355 6231405 7774897 6972576 2315914
7956633 2800462 9437896 2828401 496981 9666331
2558553 9374049 6361478 9573807 6797248 5477568
4192938 7263997 2525076 1476321 3741181 1019902
5736752 2169874 8990938 9279690 5416727 3460147
1363788 1420909 5198364 4035101 7027832 6264291
9372482 2144568 8060844 7609252 9621020 8399565
6605126 6308593 1757200 4067396 2554128 7922882
6841993 7130036 9413239 7390529 4389201 6703478
3357986 2522158 381174 5211503 2038145 4802702
3324975 8676942 7383734 5977749 1464612 9076072
4467966 8523451 2346216 97186 201325 4652679
7416724 6583685 7642976 4125511 4871194 7432587
9262701 1669355 9615745 1068055 2437697 8286691
4046907 3973258 7031707 8494885 677114 4505674
5883117 4160978 106423 3258141 4284277 944078
1015830 627377 4843981 2681128 9599429 4030676
5576666 6744807 6928710 4760559 9973805 7805515
9060502 9232475 7650963 2948586 5948802 368789
5186956 2256919 6239245 9097043 1930841 7491354
2044364 5973081 7846336 7840542 4214069 6040346
4546256 4158582 2299408 6698897 3109681 4243817
2588606 6581573 2069926 5585068 5491389 5692890
1357980 9286348 3999452 9226191 9434382 1444639
6854710 2934531 8212176 9737634 8071185 2027357
4704833 1918787 8696535 7352627 636763 3626348
6184340 7736123 2530738 888363 214303 5815223
5506107 2361605 6122793 3407146 359979 9367229
8298863 9601887 6765529 546354 7739062 2644493
3491901 2818173 6538699 6401696 985832 1279537
7828170 4808622 6087397 272050 1994063 1190893
5547282 5235979 5944809 8443578 9400728 7755266
3162152 469616 9072045 8184229 3720084 7072777
5321845 3447563 2574551 8844947 1438770 8469297
5261827 4158478 4179724 6052041 3860725 7818590
7087648 9782643 6750290 1251200 3060193 5405680
9727826 5234056 367541 4931900 7859864 5123999
3422419 9855285 201159 9010263 7384202 7269446
3572447 5307672 9098089 9465921 1079851 7538269
8704985 8983222 3369851 7618100 5010223 7835585
7011168 9495240 1375254 8126219 1355929 9618085
1004975 1910951 7409422 3666364 8456402 8486027
6705235 389945 5587698 7450552 5422528 1583485
8268137 6251563 6774275 6910278 2479593 8553053
8720500 7621726 8702792 9212021 2546214 4076970
2035829 2109726 223833 2531955 7920731 8364624
3748745 5296200 8499356 583074 8005288 5473251
9860023 9906083 6851269 612061 2760686 689905
1950570 1254433 3560694 1786366 9349962 8758659
1061309 100890 7015646 2822200 9405718 3734202
915293 1792953 9364737 3332451 1630535 6346676
8262194 4173279 2469214 7223074 3701806 126327
3084128 7685063 8246275 1301024 7050254 2573510
1701783 8108438 4861040 8012886 7261451 1291780
516276 249462 2759764 1465173 1470646 7819840
1348977 926545 5890481 4765153 9667780 6212334
6108513 6527571 8275548 504593 2349867 8587406
8220690 4727496 7552627 3434366 8702237 1664898
512384 9760285 3050635 4442136 1120416 1297279
8873161 2902406 4531502 8072956 2816175 1381072
3586912 6797021 2702633 4649374 5874096 2775261
4235846 8318974 8017282 2033941 5192510 522682
4297962 1197190 5758571 6273634 9792195 2533954
3739153 7081909 1547225 1094865 952789 1710361
4769204 6906841 9806128 4593201 5891992 6765374
1680831 8035556 3711396 6894475 6917681 5552846
5884772 3571316 8853399 4777365 9198520 383262
3647615 8478442 4567774 2527952 144174 9923226
5538708 2599526 3110210 1997547 4333803 5734265
9833847 2492046 5844231 992272 9880169 8967255
2969133 9642644 2426982 1251908 353109 7156954
6811286 7403486 4279509 205725 388862 6220878
3680555 8961787 7883389 1163962 7447250 2474346
7142586 2241251 6762667 9882902 9054493 3292465
3655164 9683283 3701752 7977130 7060628 4425634
9708614 4892499 3691147 9886143 1808232 9555875
7956280 2395707 8125333 7410820 5716666 2740687
5643716 5332983 2210664 6889331 8316992 5372016
7850876 8669884 5044795 3369885 3849685 7638917
2204588 3086230 588151 9134516 7596743 669825
3455201 8834156 342857 9853874 497110 5496362
2529731 3794411 7153554 8327514 3207682 5051543
4349012 9731766 6524585 4021979 4239185 3721510
1081800 6765832 1366291 8329736 126253 8390744
9380838 6338728 1042814 6052229 7681555 8722002
8967723 8821763 4798963 7455508 3955619 6882509
2397830 5789841 4835872 6714302 4359600 4522580
8218462 9523362 5462202 9993252 9020873 4117919
1114332 8182609 8847044 6866641 8052716 830911
9303534 5125464 8707902 1952112 473035 4158382
4453548 6477501 6112856 8431551 9359790 4385918
252579 6893504 5776147 9642075 1624148 8449344
8885637 4367498 2406232 6843710 111273 602890
2928542 9387586 7317855 6924894 4937897 9498945
9874957 2101081 769047 3968052 8151973 8830154
8174606 445717 5316805 677489 2260754 7882098
8409724 9786910 163572 1076283 9740673 2127368
8341771 1472256 6558461 397700 7981003 3685217
8424678 2459823 5014191 8105012 9023570 1085449
6840526 7528653 1539603 6613910 8556594 7258708
3616871 6284527 8741530 6945993 1467469 1178430
3132538 8208148 2106743 4524134 8433985 324362
439318 1852259 9646912 5190486 8583122 3465641
2940484 9477256 4120077 7083829 5543373 5692150
3815962 69594 1422147 4231355 3836962 4732101
6342494 1795814 1230316 2904863 7459411 3456145
3385838 1395778 4786 5380030 7265162 9772855
1578474 3900544 4025838 4689828 7665693 7171311
1438537 1650040 8945530 8073961 3673425 9079337
3138630 6533042 741153 3049380 3130030 1397874
9756283 8901182 4371185 7374642 8181639 6638171
9094046 7534455 4392847 6190767 1804648 7187344
3460854 7560454 2212094 4347222 5505355 1642829
1666312 9126134 2403901 4250835 2792818 2186922
5786570 8268532 8122388 2150978 9766232 926369
2714991 336457 8265748 8606912 5623746 8363979
5401670 4203831 5718905 7387666 5595781 131237
2778464 5247769 9845391 1758185 4613107 6112971
6867243 8791408 1027686 9098324 1383068 4003896
8993973 5505448 6108363 2184262 1588072 9913106
8515783 6943068 7768222 3466477 3475775 1468190
8921596 4853942 1936707 3848114 8945552 1301524
5923923 4278645 3530352 2272663 1472371 7545048
2341531 4028384 3655425 2009416 5283734 974824
9898682 3616667 8953389 4261851 9612939 118298
2255615 3217407 2615759 5805798 8871882 8652713
2363014 9311986 1771994 8377200 2836589 9759164
4176264 3019128 9845855 9726162 3174400 7104422
473543 6721309 4033076 8563315 9842731 7559687
6257680 6506367 1659333 6793398 3567794 9859108
2514801 4659744 5241002 1818409 1592499 5728145
8685764 118125 5406762 4877639 9909648 2160385
5773053 3964330 1191795 3896260 7833152 2264606
1128968 172520 442266 1848967 3788308 2891629
6085221 3692300 3374675 5056071 9548117 2365515
6993379 5569616 5744191 1912886 5862399 8176845
4518161 2357854 1426629 4117710 1040397 3056275
1697659 5595904 6811660 1872691 2790261 5878401
6367892 2361420 8673214 9394726 5664430 3395274
9416841 665833 871435 2349373 5733187 7900198
2353469 3629693 570007 3041246 7884259 4340032
6416193 3860167 8101930 3014949 9378098 5475297
837977 7011257 9132122 7385990 151307 8192404
6079968 4212529 902039 7496274 8688179 7186697
3692301 7598653 9905185 2348916 2496044 5196565
7305409 2168788 6624667 3526430 1764241 7410704
2486268 8656412 7711644 2471628 5456498 8930094
7776470 3352942 2983321 3197917 8556749 8653173
4263152 2030851 514526 2679031 6269404 1520657
6998159 4857194 4941513 3383309 9348945 285606
4434846 4067277 1364122 2905364 5709540 7209309
8850629 7311546 5247015 1721417 4899721 1494894
480759 3608340 8756031 1971945 9719803 5335237
4203376 494383 9041903 1252012 8085764 465193
4682039 4626377 5899384 5104010 6528271 6907046
2469191 9102959 9307467 7426038 8036781 1389221
7565971 4871105 7643401 5774011 4347287 1245203
3406157 2541734 7131129 9019631 2198272 2661063
2764625 5026214 5137390 9606275 9179932 8854561
1243703 3182834 5981512 898928 8223325 1083162
1309924 3746619 783275 8339969 9252226 5796762
2187427 3054720 5571558 7366810 4405973 4848698
7691835 8429365 6147096 7796700 7845854 5544030
3334064 5662407 2428105 3238321 2339384 1502056
1769655 2862915 9923026 452905 6182335 4853946
5407708 6667043 6647780 6560239 4464086 600667
461927 5066187 3289507 1334366 6832204 9143551
7089504 5397814 620241 288692 1914440 750567
2707465 3447003 5336979 437482 7564864 2560917
8655057 8071603 1407235 9281218 6570313 6389311
5873736 1734521 6872385 717611 1959102 7738930
8200917 1131596 3965278 5546428 7334772 2779667
2254522 1999697 8830203 3284554 6148816 6941569
881815 1480962 948475 9172458 7745440 2735332
9516967 4970225 9102178 4086863 7905182 6392482
9193432 1180709 8495874 6900196 5460630 5097682
2271165 6371892 3438712 2881310 2087775 782843
6785289 7161036 6112230 2557312 8182960 5565167
3730713 5370502 1922787 4465666 8399402 5089351
5440836 6701277 3989081 4137053 1200644 6988876
8636751 4114053 3226414 7572796 6352996 6154062
4283793 5354325 6539067 3732521 1013388 9776923
3502856 8000505 9393187 165631 2387169 584403
6623101 6959654 6787265 3537011 356149 2534679
4469695 4727765 2781306 3406522 1459360 8759352
1108600 8134112 5171248 6449836 4244559 7973721
7556429 9212492 808039 9958167 8273519 2828635
9026100 9998192 4357114 2145864 962809 398897
5696163 5275204 4314108 3404678 7513951 4240990
201611 5099740 3757903 691735 3103101 1625230
3372756 877270 3894964 7779714 2623920 2879275
4605675 7053020 3755946 1419465 2609202 3174676
9776363 6664933 8686134 3958630 4510911 357957
8177565 2323830 3764956 2382409 7710359 6184155
4445244 7703921 620161 930257 6248224 9144818
4215817 6864694 6109391 9182808 6585411 7396249
8933670 1246385 7374271 1477838 7540189 3909789
6642951 4276698 2666002 1139431 3628314 849017
5554855 6242980 588829 3399946 2514170 779270
7860274 990347 3166911 7710808 3334470 4919998
2259114 3675417 804795 4611127 7203648 5744507
7065284 593554 79521 1289885 5024960 3264525
2983685 6699726 4783641 9855167 5739457 3433661
3518153 3305812 4075607 9771143 5375402 5244
8555989 815871 4350523 5330121 1322534 5595064
4229338 1222861 7911915 2454273 9218724 3864771
3104993 2031824 7073049 6921494 4074146 3034760
769496 4264970 1218020 7324303 416261 5814443
5995628 8005107 5250889 9733249 4192655 28658
844391 2487970 8300015 799551 6055137 6387777
1393984 1735163 9271020 4484457 7060546 3802098
5352610 529412 7481002 918870 6750173 3707633
6360611 6596658 9231665 1040846 9001647 1110432
8787223 1231686 399609 8536080 9334492 3317426
344174 4496088 7030205 7883257 1609881 6730753
5564756 2305441 5976686 685272 5527510 2338983
3763739 6285038 7204423 7415921 1971692 9886848
8333441 5076758 1254933 1543256 3372638 7595997
796992 9803544 3486323 7189582 2012328 4823451
5988167 2857903 2400670 5953593 4140282 2564458
6771893 7469353 8919531 750249 5354113 4444731
7730946 5675338 1069147 6892681 7277107 2716608
3906009 1371301 9259993 512761 202638 4257734
2062492 8800918 1123449 9434207 7086264 1806336
3244429 8375173 293113 1153234 4697105 2669606
9938313 7810146 2144756 4639964 644028 4502339
967317 7583192 9722644 6810201 3812309 7697300
6526849 3904310 2526437 769715 3283573 641026
5563458 5475405 2655265 8142935 3891100 5339363
1441008 7337685 383089 7113194 7505819 6978940
4151618 6577712 978232 8399540 6954368 9466960
571851 9266044 727273 4757654 9545443 2619446
4535089 5252291 4988608 3426149 2907358 3181953
9279898 2474714 5091599 9652086 5589775 9221700
14341 1795377 3919045 6805393 3198955 3306342
4119250 3854123 77372 2743704 2658583 7234597
6719068 8127308 6949942 3059476 197863 4017529
9913753 805804 5929961 35818 3607846 8638809
350755 8014859 4430327 7201135 7833295 5031105
1887340 4499532 987936 1756532 8385199 5158990
5547915 3766458 6067088 7420930 638404 5691320
2542074 1791384 2593707 7754011 6707080 4780049
6232011 6220421 2276851 1074070 9738332 4783971
3291738 9978522 8187531 5280235 6454637 5184095
8876014 6918114 6020827 5046267 856364 8159051
6246661 4962535 9742109 1790951 7511561 6431404
7950440 2492822 167400 238641 7493744 1816461
6045101 2596744 1307779 9650278 969123 1612873
2754253 813270 4761199 6203964 8464794 8406676
6971459 267679 7311820 882992 8544915 3720289
9670493 7495806 935020 4434656 1507350 1744544
5037939 4441059 8708860 5845446 3123629 7245509
4616571 3053096 2484778 6371070 9235134 3857893
3876316 9225736 5948990 4407953 2292013 43094
3397851 42696 6497741 1335433 4819492 7243881
9119584 7067448 3947906 6447110 568148 9997937
881440 1610444 1089394 9563234 4612339 6528063
2904013 6908807 7689641 7515689 1587393 5411697
5921897 600389 1032545 3453927 7006675 9319179
7771298 5262539 5203793 891926 1036805 1464653
5246802 3702506 9621567 1464978 6725862 6056181
3297602 8169460 2484948 2486840 5489629 7624689
2768499 4313082 4613397 9420927 1503940 5383206
2353452 5882162 8455302 1086044 5413535 4219103
6211336 5665656 60772 4628727 8675812 5305609
4794144 9989514 573639 9624740 4316431 909832
6906496 1439034 182944 1633460 4218086 3417932
2926748 3435057 5110759 3407855 685427 2693592
4705782 8350371 3758598 9820586 8538473 5154642
3009351 4160757 8288971 5402464 5253642 1060205
5995408 8668875 9493648 7179339 7692695 5500115
7051049 3143759 9996651 3703564 2514430 64906
5200261 719992 1664075 5037369 8159296 1978477
9108343 2803480 4980229 7367179 9922944 325440
1547011 4973557 1451040 5418996 6615389 155673
2620861 1504031 6185391 9122739 5638051 5549210
3924284 5747408 5742361 9610644 6356806 7541668
2696941 1002218 5835940 3693691 4620325 7818480
3490566 7971981 6001461 6310493 6294121 2450161
6079976 8628228 8745931 9168207 5632328 2719138
4049074 1632052 6528370 9840978 1082703 1010399
3879514 6077521 5081941 6114865 1113085 2411887
6236116 9497699 6446674 7438561 4670238 8920726
4489500 7853319 353232 3632560 1928430 8643407
4154211 6310367 5209910 3735229 3042763 7009822
6803279 4756076 115080 3023223 5561569 4724753
1013298 2855963 9919514 4825541 9814177 8542803
2736539 7375701 6858895 3589573 74376 6796421
6003487 8641415 3957990 9825205 4678707 7779008
2365905 416514 9703622 7884962 5686766 4772335
5800488 144284 3034758 8072118 9311585 6357009
2296807 3212893 3936129 1721920 6425262 1814274
9001211 9663958 8039142 1810428 896020 4552728
1784512 564638 6235991 8413488 7731742 4401348
3051831 6978073 77368 2336071 657317 5145055
5021130 3128336 7169197 5147179 9025052 9669892
5508045 4664420 8064115 501885 1292766 6861483
2860292 4281566 2216152 2143716 823993 5014748
9739866 555477 9520493 5150894 6100449 5122128
8536344 7386999 2412542 8633410 5020287 2333511
6279641 9960735 2555576 8791073 6700790 3296926
4645077 3854032 638906 8369250 6302383 6231600
6488612 1282626 9271871 9374507 5553195 3450175
2185196 908115 6154080 5062619 2596205 101840
5624561 9870235 7027886 2047069 6610834 1638052
7257350 6874635 9644133 5730603 4222244 1332031
4305907 4069219 7580776 8919225 7498638 6969961
4375842 1370616 4253093 3288893 8662282 4817822
5850256 9161836 1833803 8962366 6448213 4112171
6179431 1217021 7364529 2453735 3166511 6830554
6269040 2598008 7243197 9000853 1111900 9427748
6587466 758008 7060382 7939840 5068600 1483976
5869399 3265970 3409476 9184118 686776 1225589
5848746 2335668 1207953 2210064 6196812 7448997
9804249 8294983 426421 5531961 9551172 3005223
3967501 1852171 902707 750221 2650185 4900630
9726764 5374989 258716 4825345 6701426 7904273
7757440 7910415 4093235 349827 3092967 3182243
702694 6995313 530244 6138940 6604989 830843
5622601 4058976 6401195 9794199 9196604 2816917
9001327 1055504 1206836 4055159 3972339 3216429
581269 5119177 615785 8508846 9457354 5311787
966873 1023400 5634241 3303679 4452623 8286396
3355762 9454421 5202015 7244178 4829267 2555858
2474978 7828560 5247182 71864 5127620 8591209
8499434 9932564 6178385 7441799 5824018 5645921
6697437 3702281 3938076 876806 9768557 7973790
2566457 2193848 7537959 5218457 5172067 5581588
5196601 2318921 9606352 8114798 6438437 9742182
7614901 1757148 6226237 8650977 1580180 6143778
7969247 509405 9991557 2024576 9411 9524789
9133401 3525074 5199381 9988320 6606241 750342
4348320 2478955 9685864 7228225 4677720 2635419
5017899 7256521 2656493 9665593 4875262 2808698
8984857 384635 3494127 6436203 9826897 4066869
9419684 8046460 2122100 7794298 2907559 9259152
7982232 541880 2184436 8013170 6085055 1646993
382206 5208281 5712679 8856009 3766478 3959482
56317 386676 7079428 3590818 3633078 4323659
3487285 8303653 5634142 7182859 3039719 9624776
6030661 2697198 3698176 1132512 568635 8559781
8628242 6554021 9571395 426711 9245992 4135840
450983 7004728 1171465 1009500 9283386 9666981
7096018 128847 6618157 9534645 6379885 9440220
6987441 5828866 4413382 7798441 4307012 4603905
3625010 799373 7502160 2559660 1982508 3387857
7948816 9249694 4639645 7152898 227767 7212456
4388086 9629606 1140683 2943588 3139835 6628349
3152194 2477784 9020267 5967160 86840 2910871
3006618 6496016 6317312 4257956 4145070 4739769
4146399 829800 2247009 4967490 6801701 8446619
6633679 7891322 5022220 7783607 3060684 33692
5027336 9943120 9901080 9405700 5146559 6750279
8299537 4043853 2689030 7785032 4646247 1829227
5583638 7657849 712532 4591289 9553041 5486492
7070544 3690860 5104623 9899875 3006499 9397966
4965447 9420596 2827904 2694063 6309908 5248512
1606128 5368586 9417100 8986574 939824 143720
3009791 3600918 1349457 9567033 5958418 101217
2050739 6361366 6183553 417781 9383851 9143851
7734086 2042390 8338281 9535728 713062 9369824
4929068 5127460 6936621 503114 4440252 5725962
3922374 5605473 7733944 7440518 6178904 9277661
2412127 6597063 6718025 568812 1581498 5952122
4137034 7503511 7732441 5003406 7849136 6645132
3214412 4547666 36744 3684053 4959977 4267518
6910230 2070400 4655523 47276 4057506 5812363
3207099 2506676 9160665 5623494 5644658 352945
2367272 4610220 182462 6905892 8005653 2786787
2425825 7165274 460891 2386159 5398693 3209551
1637382 9925661 7278324 291488 7288701 9892586
5689218 238321 645496 3466425 530288 4108503
4622137 2364850 2539556 905662 7361713 9074821
6791456 8513540 1858852 7379496 2636133 3238916
6462670 6308520 6542012 7249957 1258227 7794702
3806626 4524070 6671707 1445971 8409893 4131845
8534038 2915610 5217974 9268079 9934276 5406337
9707448 8900846 4079932 6073958 2283754 5640803
247230 1520163 9803561 1386070 5594702 6885152
1350698 4257886 7289527 4039408 3828817 980181
3350573 8439261 8980093 2850793 9659798 6006217
7436796 3176165 3954956 8407711 2371623 4446102
3856846 7523377 8579264 6452514 7672047 3735287
9158983 388711 4024765 901209 7002726 9738064
7991141 2420556 8929368 9786554 95272 4152007
6842317 4494630 9086792 4237793 5917506 1495015
6426244 6856655 9241048 8073714 8637162 9107589
1685846 1839519 9148539 5357458 7529223 8071325
8305888 4898184 6585839 3554240 4880424 3440106
6955416 2449363 1436534 9242029 4859651 7239242
7076848 7650241 3080892 9802949 1565393 7876993
5359310 9619053 1605870 7084248 26270 815391
4494238 1085268 1751549 4917176 9215362 5163207
589524 2633683 4891332 858042 1480666 5197088
7566167 3288077 9614205 5646686 7282377 3468142
58480 7184214 1997003 2001805 996866 986921
6026696 1882897 274125 1271545 9998148 7910170
6465454 1221639 4871913 5770447 9060001 3795155
1688556 2038239 3234000 6273327 8652504 2225968
2347909 6218806 6169574 7883804 2236781 8277316
8262787 9712623 2336676 8137728 7025768 2842055
8818387 2492433 88402 764628 8890479 7332465
4889082 9317978 2635535 6981162 4392588 259026
325174 1795719 4228075 5819049 3958129 5244137
234141 3785153 8531710 9771035 9653896 4778059
4817346 8142892 9646115 1996808 3008758 285524
5573493 8327725 4195871 2029857 6952060 6567568
3706753 923928 3147759 5901535 1384245 9334525
9590432 5366746 1826218 5910548 7558629 441061
4049240 2443737 5754493 7092538 7903587 3240614
4310345 9047352 2838536 5310343 5947281 747587
7686350 2892273 6309220 2350010 1407668 6064862
6063155 8295316 4843659 7660507 2112296 3034201
2096377 4332606 2400908 9197184 180602 4287149
2951841 8906798 584263 9205053 7947567 565020
4531031 8480955 424138 955256 7719512 7904708
3729031 8396410 4976647 2400172 8215184 8491971
3025304 7240422 3959077 5761356 9847392 9263312
5597402 6388733 331441 2720292 4996160 3570981
839706 5113161 8866749 8551387 2358501 7040483
163324 8481297 4944705 5744200 7818979 2926713
5640723 5107899 575804 6938951 3931476 3715886
8057554 9696205 6117421 3908936 6171879 2940180
328071 7190485 9059405 1320950 3607651 1558834
233579 1810738 3484794 6853157 115549 2606350
9037958 5177643 6037908 7936163 2236848 9733886
3547265 7281104 9421442 1032364 120632 4739493
8687507 8658450 2457256 6615554 4662738 5299955
7453559 6930770 8941282 5926568 8223315 5168016
7981077 8842373 4873646 3385871 5510621 6008241
9441918 8787566 4992349 7969453 7900992 8753832
7677978 121390 7459357 6383535 361670 8890775
3518737 9295707 7069852 4319912 2633443 4949200
9101577 3618024 7147999 8184839 9399597 3184778
3665068 3111390 6954328 869892 9955086 3394474
4860240 161394 1770482 3413201 1590445 1333066
9747143 718053 757457 3703424 8937575 4541348
7840598 1070024 6569099 50506 2407830 8927608
8098163 3661165 6208930 9924445 4284294 1892596
8860241 1257079 9387968 1807570 4304385 4789602
1799504 6808085 166304 4064882 1523294 200276
7120292 105536 7705261 5736786 4572768 1915389
4191742 5398152 4680448 2606651 344241 8329573
6615679 3614561 703559 8026720 2771729 6293920
7185544 4935794 5877099 9877886 4552960 333365
1945097 7939572 6413668 5967855 1903920 2129490
4375043 3775715 9546729 6368822 2930214 2302294
1222346 2361376 9088396 4293540 5732703 8886141
7212147 6253589 912838 1058394 5191891 689823
4086043 3772784 4036356 3872383 6879338 6587500
4323176 7242406 5552575 7371896 3791688 6633196
5501720 8223887 3494232 2550958 8231607 6568525
8782844 246856 684347 8401264 6804373 410352
7205524 2892003 9203091 6990958 2665738 8299370
9420527 886703 2747681 5723845 1881812 8131136
8093133 502660 6896377 2959229 2045646 5687808
6749719 3850450 8569688 2455200 8791820 7508816
5391908 4661188 8021982 4344312 2275549 4945035
5475 5684778 6968410 3626004 6666858 3987334
7384409 7332217 4576667 7253205 7951368 2904985
3885515 9777875 6342075 5363096 4457825 7728946
9672148 5823615 8201210 4996538 1651545 2953923
1840663 4750324 4100183 1694275 1599050 8004549
277388 5076214 8611153 7802645 5718369 6197033
1162725 4467128 3835801 2909042 5574820 4713428
1111140 9496513 5899081 5664703 8569684 9013944
1166740 28811 203363 293035 4672164 6451934
6743825 5008937 4033233 4014486 1785340 1916534
9887151 5690133 5733167 6572118 6975816 2875154
4293831 6082869 4059505 145041 4200371 9990696
3893145 6763106 248795 3487781 3885398 2155031
7054842 6175960 6180639 5086238 527534 1570238
7801185 9984353 404050 2159218 1058820 709432
2163800 7148238 2681788 1919267 3021890 9884686
8980260 4539022 2520697 3023926 1370871 2486815
4954438 1021699 5828440 212667 6399890 7909057
6203139 3256043 1123538 1878201 6959644 5609380
5735894 4800913 5162599 4162929 8770932 6991463
2471103 2134612 5024048 3350073 7981240 7052132
7308908 1973877 3741215 364108 4507521 9346375
9634334 4030915 4805088 3693823 131799 9505834
5741797 7588518 3584463 2494992 5956079 7802777
9585893 285598 188594 7072408 6183373 8220977
4722086 4817330 5768090 5529234 552822 9236259
7462767 1604365 3040458 8776308 2903759 4426012
4167841 5839030 8748521 1777163 2243867 2928728
804291 2042070 4669113 5656765 8421132 1182413
3406999 9976111 6178533 7221270 3764180 7695641
6863537 236499 5790504 5520238 5642022 9690190
3578284 4105099 3478092 5568829 6231056 8527434
6465375 6965488 4684759 9158450 8327151 117048
9054255 7808730 8041731 7259865 6268116 4141302
3551864 9065321 6396198 4585677 2122234 576711
3057725 241496 7840184 5344816 1912771 2667259
8635508 8647603 197008 9058331 8198878 8138767
9450635 5235461 5811014 6141678 9191389 1455643
6497653 4248549 1648959 6061484 8167014 5955450
9653910 9603671 3968383 1649201 1968374 6576700
3293991 8992607 1982865 2901381 2511104 5989559
687249 1120558 5052717 2017500 522942 9679548
9920040 9995924 9609851 9902964 7809230 1032655
8330288 7410185 9873932 4940554 8088023 7873685
8927751 6996240 2074481 1884734 5690906 2309099
8698876 6986306 6679228 3620308 5764339 9206270
6155901 6549254 2724357 9821454 5454428 8070830
6402926 4480153 3725606 1969411 6141444 8171090
6345598 9750946 1794441 2935727 3318913 4558188
6702767 8353436 904584 4109180 3973629 5514863
3915077 8802514 5429652 2743617 3318624 3536635
3000319 6299732 4231585 403581 3747062 1259975
8308297 8508833 1955756 1803102 8537628 3607870
4148078 6958339 854796 3903391 5539136 5939960
514658 5763148 3667392 2121040 6917540 7410902
8301686 2046721 2575625 7209494 5906376 6651913
2641178 3659308 1161528 188971 8969092 9841712
3939504 5942017 6003883 534466 4627429 4810080
2602431 4899665 9815808 7296713 9961101 7015289
4660066 11686 3263378 9489691 2228959 7555476
9869242 879279 9382191 6820683 2101894 1700340
8684350 1098803 2602457 5303842 9161924 4878320
2446341 3959107 7989247 1013084 9963887 9597119
9936077 9980191 1135718 8857312 9518608 2017874
7595093 1004972 2085619 5560335 2549427 5894690
3388535 3151486 1430348 3606052 319728 8089813
459520 7118821 3840122 4303542 1850116 3528625
2207622 7298588 5737741 4937488 4850371 6001994
9026042 3646982 47798 3666259 9553614 2248767
6419757 1011930 1360670 7364317 9225589 1096922
9614721 3124014 8549376 6707766 1915307 6010437
3447971 8840289 3639379 9899434 553563 2845065
5756997 5632534 8130075 7607092 6649689 2220019
6280132 2657605 6154600 6083625 6534293 8902444
5846891 9722276 3597872 9181581 7186294 9307798
6729142 3095202 7893232 2743199 4688821 8726101
4979249 5499856 5383281 9727304 1489517 6010082
2362615 9126607 3093418 7202733 7909262 3921080
4118691 8812665 4362240 9140651 1084184 6567983
4942321 3531096 6589720 9646931 860874 2193031
2412564 4266390 1653995 4331581 3170291 7458360
4951833 3013797 943712 9403973 2627842 1149833
6836738 6552828 1168088 144518 3721009 7407685
5809026 8644158 1813014 9676792 5062889 8373629
4945558 7588491 2011018 1325248 7800877 1157725
2136381 5332318 4638981 3190250 7314739 7223126
4356086 8031034 5956316 5635058 2250900 4895464
2977367 4714717 6184822 3212406 2303913 4531356
5399895 4797803 9810086 9182034 3837905 2216716
380017 2735772 9203500 3280365 9386023 5581800
5447342 3626584 5212919 9785987 7267592 7295524
6510851 3646488 9238088 3944961 5788431 5689975
1451369 173967 6393258 6917549 6699424 348171
2188807 1733151 5284578 7479662 5925353 3003074
1347639 2954347 1494413 2422265 2810232 4578966
8019625 1075721 8645011 374516 187715 8624315
9682545 3191379 7447125 8889297 6701554 8657425
5293267 1454933 9009371 4120110 7730664 3663937
5823457 3462468 6036347 8855329 1091558 7652871
297221 7967680 7701231 2209844 8438348 4313245
5801111 4088586 836255 4659121 5925335 4712710
7044964 1076853 9986252 7768942 7235003 3508044
2901045 3299509 5031596 6627153 2186394 4470419
3993702 7227528 5223682 7830475 6598807 9347764
8542619 9164296 9984162 992139 77294 2220035
923084 7472701 4753031 3133880 3088186 2612967
7821169 634145 5529598 4296661 7075145 6653811
3677685 8054514 6227464 2528302 5954284 7792048
2621274 3670068 5781285 3230811 8216141 1210819
9089562 7970635 7489779 1488490 6116502 6761039
4728547 6052825 999558 7766216 6845858 9762302
8755012 9767164 211323 2418628 8805983 1552249
8940820 9697041 152383 8569870 4152790 8544292
3120299 6014316 3210012 2192113 8370864 6407225
6438750 7692272 9256559 3542212 4044318 5117550
5123188 6332679 4517642 8768559 9568113 1022320
5654253 5911468 1208656 6465162 3773289 6187119
7580725 202645 4864085 4229035 4289990 8519100
1058435 519692 3817844 8945486 8368190 102186
3551027 2536434 7681960 4592332 1327465 9153585
505742 5212800 5722846 5093772 7295439 2473304
7034606 172261 128928 9130062 2915617 8241322
7335636 6655137 2241026 7022892 4611387 8168219
1543140 2209715 3402282 737459 2483777 3524625
1299706 6177702 7964488 4415456 5217532 7031679
3340360 1061920 4584002 2055071 5959419 8560489
464272 2486953 2907205 2390781 7194428 4117729
8390172 1928373 7604074 5576522 1609850 1713053
7861159 6528134 7925046 9513741 3049192 9117750
5751303 9768283 2729023 2198220 3794066 1117737
4508815 2619150 4954729 3097248 5789702 1853697
3657319 5280565 695717 3680537 6558620 2124434
5261013 9152358 5015286 9284553 2347287 555403
5920551 5723183 4567852 6251435 6554297 8689398
9106632 3826619 8012727 5466251 6303767 6191136
5831466 8266051 8692886 1789468 7881965 4575278
9162999 5292923 6138670 5750377 1919202 6329285
1017336 4180622 9969513 5800611 4252727 3896833
4102464 6466750 7420996 2173619 6277669 8070882
6549885 8257380 6064853 6265331 3990615 1963082
3840970 8191067 8976797 4504581 7849070 8292569
3431548 3471544 1270393 440008 121553 7054363
4416732 170174 3803980 8238566 5234099 2373675
8719884 3306021 9573891 4115893 1363787 9837017
8770139 3657847 1988381 622003 5239583 9624585
8510424 2897668 1302307 4175588 1909406 3728135
7352488 6512755 6331551 1676943 2369063 781182
2626440 3662455 6345196 366632 7756886 6107495
4266902 8311318 3023281 3691178 7545446 684594
2389191 9725076 6827279 9139779 5734441 4191223
6304187 2809544 8231961 1645807 1929583 7223884
5752056 241144 8260767 75845 886078 8721344
6042123 7042940 936958 8792708 1489453 7701331
3491820 8403507 5900961 5880886 6355101 6928264
6601304 4819246 5352222 617712 1786396 2184330
6900855 8212708 778313 2140328 5372756 9559518
2549221 980633 1732871 9121312 4614575 7515741
7846727 4191056 7425239 4301937 7649054 502505
9747636 3596482 8235623 9125948 5647959 7330934
8290261 423300 6454443 1303696 5044502 7110337
1871661 5134344 8454748 6076436 3174990 2673370
7943030 3901795 1670184 1377439 6243487 508819
5968460 4370508 3788931 8385219 8034159 2164044
9503025 2299367 7170191 4849717 870076 8189913
3948707 7774907 2564749 3447379 3850066 4949455
3105075 1245524 5936130 4622534 7249650 9480231
9060993 1770290 1016066 4751869 6358906 3747259
8832320 8370196 7352995 7726803 3157487 1277451
3542002 9905041 2389141 4290398 1800671 2745135
9940146 7021944 4264267 264834 2127729 5400082
108621 4495650 51728 6720729 8272364 4997962
4572689 1345925 7120857 4308699 9324226 6263868
1147977 4751156 5940460 3422931 6017396 2499879
836917 6221904 4617419 1287298 9905376 3945024
2560313 8814676 9444852 3190995 4682387 227706
5215963 8796158 9642561 5615983 4643247 1863256
3695531 2111591 97832 2355032 3154113 1811562
4156594 9233303 580815 6125273 3142420 7049515
6804674 6517214 1004547 1764388 9427916 5905824
782663 8821323 4590273 6106703 4160415 9457687
5553110 1381694 6663538 6893150 9092735 528068
6621306 5531994 107908 4077204 9727400 3905804
2402046 8481884 3067790 2805857 7130704 672073
3364209 6435040 5672255 2395337 6386320 8165173
9223158 3451575 9368241 3736737 4833319 5821924
7272982 7588827 7951176 640144 6801922 1772419
5148023 7263443 140568 52746 9503966 7610426
6941606 2727470 6789814 7098742 9362342 946031
2838033 7976806 1690619 3918199 2742494 7725374
3785432 3157772 4995373 8498365 7669991 5641160
1159826 2884569 698674 4285984 6804221 2138572
5954628 1761901 1679962 1295371 7657833 9867260
531505 3311462 6931074 8061829 5453730 3658849
1375358 2124415 4089232 8422210 898703 6856513
4131305 3354782 4846333 225801 6854712 3644149
6777045 6649658 9593451 4499407 8892920 6619396
6911752 2655622 5923249 4651241 1144114 7600440
9266069 1542662 318973 1823358 3386694 9431031
794300 5723602 7704042 1336523 7123006 5545576
1551927 2737616 1985866 3842160 154678 3449438
7292239 5728827 4907189 8035812 4518325 1008174
273809 6032097 4418542 311677 1150077 2798107
7735600 6724117 980301 6488792 9156140 9356040
6537540 2307946 9968088 5415301 9431500 1131109
5940107 5440521 9526652 4047875 2947480 6155303
4633530 3069591 2500944 2473810 7359001 5415286
2693251 1230256 7024336 9310798 1549549 7354596
5012488 482623 4573525 4905935 3600922 398889
4565274 5063135 3581476 2629825 7304620 7846731
3481350 1876938 6297326 3776079 2095705 9077803
1481522 6225934 3084617 8263239 5678147 8080485
297163 5261790 9365115 5565014 3795540 7925883
2331704 7226741 758397 2613491 402813 8948877
6557583 1034171 1839598 9127762 9482600 7884345
2573827 2003704 5764970 4654212 8992460 5482063
9117959 8917171 9134551 7946533 7829275 5323615
4269979 6749248 4804475 6493040 4608771 8339132
1033773 9000260 1267594 5655592 298121 77878
7088334 867858 1474124 7348449 7218496 1061533
7238204 2353759 6743333 5200271 5689412 3674443
2315515 5642951 6269330 3883052 6447054 4878369
8791332 4385170 9397465 5434782 8343511 3653564
4144402 64543 6425400 3500466 8093989 482339
6616751 6918235 1705582 5687091 7565877 8124601
4007938 1769510 1698675 8073017 708328 5475516
8580281 9069707 1059836 1130032 4177525 8965820
2069802 7150721 2553205 6389224 6864259 5912950
680413 1653551 2524347 7820559 3204047 7153952
4636133 3737738 4259770 6260993 8583520 8771177
1968860 6628423 8077073 8144728 9875113 4677543
3179693 718315 3676842 3921949 6854500 9273803
2593728 3014370 5887018 7459580 1430663 943267
7929134 227526 53975 5792632 5006678 5912326
5600254 6187379 8565463 4544722 3436884 6970589
1215745 2319287 486187 2288659 9161171 7549101
888746 3925074 7275607 7875661 3209531 6145944
2236108 6758463 4799051 3250543 5226831 189677
1266934 7176553 2307074 3316502 8331859 8355994
8717201 6176228 1621744 2164747 2544474 3687734
6112080 8634970 7281430 6706252 2706203 4535212
8787616 305068 3853198 8337916 6570833 7505589
3667659 53472 7017995 3908030 3556524 8248215
1113274 2349710 960547 8375786 3277788 6260331
4663515 7899242 3987428 2130192 3571457 2984943
5927356 8723999 1380600 3587873 1763581 4574560
8864513 5529855 4052259 263838 4462926 4921762
6336478 2929017 605719 4801485 9648843 8278387
1337999 4809171 2619704 3373529 1051472 194763
2727186 7736294 5357182 1021099 2042737 4806961
547784 6657424 6733611 868254 2410559 7846833
6124989 79786 8289890 2443434 5043516 8026668
4195955 849436 7886784 6038785 2039307 348771
5654611 9862030 8250399 5709040 792193 8762286
365239 2553827 7672527 1185836 860686 4027287
9217378 7843414 3487117 9245298 9716053 7805502
8188151 5468223 518457 2758886 8676495 9569056
9988497 8894564 9765654 4593035 9177573 202035
2307978 6688401 5696986 5008411 5366488 2180707
6556561 4838744 5865231 7971324 503015 9856732
174306 4939152 9219099 4262603 3226056 7200102
4539550 4950657 1133383 81281 7850633 6571083
9830313 2895725 1185534 8681342 5720543 1897628
8996632 5772203 3376254 7470491 8877858 4172285
8330301 4208966 2476926 1306410 2688736 4877309
1940271 216826 4965208 661725 2584579 3737342
349957 5725894 5668507 2565551 53484 4226915
9068652 2226697 8837767 9125902 5178098 2470762
995172 7875218 9118200 3967602 8974692 4730811
6480478 2703814 6061294 5046813 5932301 9017089
4723176 3233140 2261920 6256073 8141010 7633807
1605875 9168587 311145 7448191 8331385 9994649
6229120 6431080 5718718 9149338 8401838 6651160
5334517 9204398 9030868 6163 311237 4813518
5759108 7972668 1242134 234396 4181247 9880764
7676048 5303143 9793592 6651417 7842375 6820344
1964994 2812578 4085686 1203960 7520026 6009510
2159617 3546981 9543833 9123550 7738481 2543611
9012092 7331139 4301976 9410133 9712296 6727903
9986220 4717012 2921902 7448402 496964 168341
6391672 1371479 4987339 430380 9772143 3028241
201057 9577703 8588705 8898374 7184343 5589259
2565473 4130556 1684372 3021358 7846546 6764256
5269684 6635557 234186 8698522 1222303 6850108
5578788 8265914 5590847 3065688 6665196 3125363
3898442 4516592 2315614 3917345 4812287 6148546
1022170 1729236 3774837 6515592 8922493 8160778
3954906 113718 146795 8712716 6844659 5581739
5043530 6964862 6870466 6157645 2178717 3861406
9934154 7693150 149176 8137231 4851591 1506228
7437393 7135368 2912506 5463341 4999931 2667751
3273645 8648128 9318269 5535825 1999187 6117309
2989418 8754092 7713064 2073408 4743616 1108584
6703312 6866072 1421255 9108 8022157 9700334
6254896 7740796 2337874 8454207 3983190 7119137
5999369 2884939 6877644 2268609 9078198 1787125
5248272 8491564 5113786 7479044 5439070 8196531
6263470 9507705 4965675 753157 3168226 3424624
6148342 7860746 2949533 9040592 1433919 7985519
84973 7428285 9113210 3212172 9208445 7259134
329877 4819438 4664937 2199131 9536455 9114248
9239664 720809 9675894 5925939 6825135 6252051
5994797 9224268 1427001 3224724 3745638 8514452
4734658 5501739 4572570 8913249 2305865 6122444
4169603 6958777 1451020 8892125 2183636 1649913
2673914 2036100 9283119 7854652 7149166 619632
3531593 4064338 9971249 5851427 1513493 2447417
3748730 222402 1035610 6697481 3045794 2209650
6558518 6860248 3682647 598757 8477513 3706706
2686564 1416627 2513572 8542492 8029527 2577677
7663227 347538 8537172 8025981 3252024 4789035
6968932 8140145 2075101 807368 9693130 9681299
8543203 8883231 3988245 2125152 5164518 2083462
5086833 7472122 3912983 9241369 2333606 5323387
7967265 2075156 3558586 5576412 5168087 5732539
8106059 4989100 6034810 7393571 8188199 1165954
3910244 5722749 6970377 6246575 9728549 4905648
134548 5751150 7167118 4001347 2055554 9594281
9718460 561412 6252108 430110 3455658 557405
8664694 8421857 8013932 3213785 58715 1176868
1230448 1392519 2972058 6342562 2701308 4704029
3646489 1149631 695032 2822291 8214908 9441769
5113084 8840258 7743572 9007334 9106820 6582456
8156268 3965918 19601 3964305 5857952 4606675
9480430 7675949 1533442 5477404 8728877 9766341
3152022 696458 5664033 5793509 5016126 8336029
1933590 3791986 3049841 2463089 354858 905923
8899249 6896168 2346503 6810339 5317025 4615399
2813832 9657360 9315037 1431475 5057516 6092797
1157266 7266143 5534567 8365383 6862132 5025358
3170587 8169084 2420754 928690 9670269 7518449
3777735 9319574 3824132 9407543 7073743 5314834
3532614 5693179 3611059 9113678 5065055 8961783
2260171 2670091 2358923 6918042 2663572 9071517
451304 1720546 5638942 9571236 4636243 7749982
2801462 3568207 6929854 8024482 9292502 2185774
8485169 7970559 7225899 4828054 3032603 5997451
791267 3406289 2583616 4000202 7898861 9364337
2481737 2043587 2201088 6572783 6105211 4192041
2666435 6252545 5505512 3349237 477385 7949722
1879507 4206498 4683331 6074149 6606081 3505536
8384980 5508131 6400677 1425285 628509 7094496
1735883 7432117 9637487 6361472 6126774 9257282
6487900 6451101 3821685 6274604 7089499 2592655
5548894 6228678 7462995 2737812 5358047 3039956
6680261 5135932 7493173 9276176 2948547 8826104
1314119 4717117 6800208 9078079 5615222 2390729
2963660 1056451 1415078 5106591 4836899 8673094
4554553 6304962 125770 6248229 6861336 4026284
4128037 5604902 7116999 2090676 525255 377402
6042540 5647167 150084 3360720 4745023 5492577
9601323 2459707 4483570 811382 5047353 1409657
2457074 7409821 835879 1430956 3310944 6033048
1177577 442303 1391778 8789901 8183259 9053084
2914186 432032 8274596 3466889 5148139 7343644
1709105 9223443 4191862 6422805 3035539 9968054
2240645 9602939 6311427 5922501 5505268 2377192
4189524 3743171 1257609 8716113 3791154 9451514
3190404 2697081 2293957 1083951 913098 82952
8985623 7252638 7463908 1096999 446534 4312991
7217981 6134434 7311567 7139925 9102277 5823909
7217794 6034268 4374281 867825 9190311 3708005
9721620 5255076 4937034 9014586 4600377 4440087
7795474 4198072 6640877 8823081 276484 2451057
5049686 625153 8310344 4108910 7437181 5782900
2504146 1143645 9156405 1998436 8704519 9370834
5065624 7049598 4640893 5433700 1498319 7756885
5077233 2322579 3506770 8585952 1362330 5658022
5145917 9971037 2652261 3023820 3301524 6248461
7672113 8394899 5857949 4860510 2090238 8477123
7513565 3108884 8597086 8591381 8363679 8046665
4551599 7723184 6550556 5566200 3948962 7550778
9799194 2361774 2699753 8883991 3745847 7953905
8944287 6463734 9262823 2652321 8962992 7466144
3130638 9480325 7842120 2907943 4326322 309619
3512885 205114 4959359 6163770 7920135 8389434
9159798 6485851 3958900 5460104 4034352 3639146
9107466 9579717 6022074 5101483 3224626 939750
3548707 8788121 4649052 7904043 5916222 5626504
9214300 4861243 4145891 1130942 5460742 8883353
204544 1643655 3396861 6240936 2053315 3743847
2591418 3635423 4441639 4310318 9724192 7259996
3995005 3484183 2429381 5623676 3544855 9383275
1444070 8029154 6255698 6902370 9359236 5538200
5660567 5608841 4288892 9332855 6949470 3058891
4243543 8028856 1025109 5075546 5255559 2390696
242285 2866530 7526402 2278227 2510065 9589203
6498110 9238388 9063928 7389055 3909038 2432038
3197123 3590623 1316388 4762615 9686872 7431587
2627654 3302173 2284419 7858660 580368 6444473
9454955 3258563 6685952 1382747 66774 1695335
6234887 8919458 8228623 38684 5381391 678325
1856873 9165842 5519089 6666495 404260 120847
6474271 8271511 1699802 1856853 6135731 3358846
1742503 9480928 8341984 3593521 2447891 1953385
106277 2383624 2286161 1081928 2823271 9251501
2903250 5115362 9171613 7368593 1154168 4989580
4203415 3158438 8209232 638062 2905742 521029
1912497 5961159 2897913 2163572 1384388 2308856
4744671 7598101 7122831 3327106 9640244 585846
3353351 2641365 6471566 6275238 9932407 2997766
8392163 774944 6342571 6267587 3763245 5288897
949233 9105678 7117342 6710222 7653438 2977292
5149613 1104440 6575185 7820955 1681023 6486732
9055471 7942704 999236 9977305 6337256 5225169
2128670 9576143 5475118 8585766 4015242 8512803
8518013 7928176 3226031 5211466 2245899 2130797
4178458 5644909 2197913 7609015 1214338 2278709
5191513 8034449 9944663 4145538 8177492 8535803
4010661 5532395 960342 9984834 7219766 1989702
1998530 8414858 4437687 1117401 4138917 4187101
9813779 2363466 5090436 8604539 8192208 9725261
9751261 9938147 8858541 4444387 3642497 6036113
4288818 1446456 6728366 8720526 4785791 8302807
5280506 7983131 1398651 6939314 4575105 8482846
7552460 8533179 708410 1236328 3212936 3831041
7693110 3061056 1505992 8010812 7795236 8850872
7188272 6586973 9842240 219401 4394277 8239345
9677262 9566273 1889897 4924229 5696015 5773309
5261336 3278003 3629066 6134880 5836895 6155786
2788450 2874465 7788361 6607590 1052079 9659029
9016850 8514932 6725210 5027499 6751277 581441
4530121 6278006 3651220 7877494 1532253 8198818
8460567 5061104 3588853 3159305 7262051 5008831
6592949 2628231 2837163 4935100 5974992 9934932
201974 1558230 7224161 5350206 5222362 4920770
1062510 580682 5534894 183211 1202551 5879345
1514134 4649762 2814996 1308456 394108 9418009
2122089 7383842 1745749 5430248 7674312 775790
2566932 9629144 5612413 2779529 14640 8423847
6821865 4081749 2539939 6790278 4825524 5193047
3357279 9179914 1055644 8730449 6814983 951571
2663923 8277355 3858553 7709508 1645170 2612288
2193835 5284492 2234123 3419154 2813010 8591150
8189182 4771726 3883917 6448370 2783273 5593217
9308357 8282981 566041 7111046 3361346 7120801
3339405 4723856 9824238 7621949 7951176 1214193
8362365 3391640 568858 794178 2766324 9396957
6917237 4857423 7983973 3000124 585694 4730148
6189724 3402710 1268739 3948789 8601095 53798
1309130 6908908 6396641 5462426 9422091 8532001
385530 5552876 4916009 6737752 4370103 6921314
2788050 4571886 7333316 1019929 5056789 9421370
8022291 7395004 2005401 4486960 9531133 7925850
7609243 6308232 7697287 5835893 921321 9958635
5852062 9390615 6122761 9770440 6312819 1042268
4817552 2899938 3969548 2036857 408648 7213447
4480947 179484 487319 1062659 212074 6013807
7396832 5169795 8345921 1847368 5926498 1206090
8048396 6822170 7377774 8470790 7853183 3113859
834714 4549636 4631555 4957374 885690 4979487
798553 3017610 8259067 6291047 6202377 2156850
5451821 5985434 6986356 4791953 6012 9351649
7438530 6546584 6096157 1683479 8439061 5751526
1612713 4004693 3464117 4916670 1722043 9490648
3664493 6346761 5046755 855688 1202142 5859011
2581892 9523573 9293794 5507832 264105 7194464
7754740 1105784 8967417 6189070 6395547 9941063
4219733 3256442 6816157 8026125 1032260 1306599
7017701 9151235 6110575 8880028 3344660 6880997
1515370 5881882 1295566 8768418 2626554 9855616
7110095 4596132 4783291 1127345 2210061 482439
57854 1930698 6282478 8901693 3928738 7333277
6784109 5423643 7609145 3523053 696937 8465601
2674491 5638368 5314500 3740155 3837987 2050907
9748436 3701864 6178913 2412797 3992461 4382223
5898897 8986322 8479230 9111801 9078975 1799414
5157772 3092388 1046381 6333718 7968270 9101562
5024121 8116008 5222496 8777298 2095919 7921017
9271851 7992316 5184945 2829964 6093926 6988185
4541115 3369939 758145 2732384 1378909 8508197
4303525 7645057 7938236 1900254 3002795 4942415
8854046 7672307 6344667 5809731 8365281 7604548
7419220 6340772 7670097 6212938 8716034 5721978
6828410 971137 1605944 8257896 3140946 6000144
9197277 3068933 2892395 1491044 4570685 5709035
1041269 2425388 1713479 2538183 2030192 323212
1163325 3123866 5113212 280080 9923251 4423611
1576349 3462119 9627035 7580396 5410744 9753154
9318088 8328176 4653905 5036166 5903973 407771
6902252 6045629 4504111 1938091 2702977 9933862
2050019 7363002 3101622 635632 4768461 5939892
5891069 4881036 4310579 7346884 5049613 5592168
608765 6548329 1047886 7182333 6681547 9678826
6373108 1616880 7658189 3139241 2172956 6242509
1055130 6005102 6521414 1305708 5635931 5984563
5819101 9225233 420889 5179350 8230060 2560248
1321989 940716 8693658 3687142 1689327 529707
5442574 1971203 3278563 9061737 4427401 9355643
9359884 9719919 9364082 4825285 5564982 1086096
2275673 8910778 5190046 6859112 9580502 8763359
9418478 4585361 9245105 8326016 1527783 5824379
5171279 5429415 8318268 8487637 5860343 5740830
985168 2685966 9927553 7128481 7696667 201752
2963946 1993393 1577701 7165771 1945823 5916011
6620480 993815 3660250 9334792 2903677 9319282
7370202 4462876 1360214 9930298 4268664 7103966
1284601 7116557 443419 7454183 3890457 8997986
1037374 872246 3859576 3623252 3840117 2879016
1158542 5147191 1214110 4988293 3895166 7587109
7185658 2252706 2639537 3329094 1705536 533967
2164128 5836486 2525737 8998986 1117435 1397467
4380616 1054869 8417301 2823587 5843879 580110
9758333 5509762 8102935 2579715 6128396 1073576
2056435 2997228 7153698 781233 8176249 7756485
8105172 2381908 567709 3773105 2744640 2015958
4464428 7955507 5411021 9909451 5290054 8053971
6472248 2038388 9754811 2462109 9242635 2785247
4461715 8334955 9303311 634000 5229959 8385404
9484173 4605943 6124309 1565961 1272659 8708307
3380268 1382895 7660236 4769252 893814 8735526
829757 607511 8310228 6401343 8359158 7888372
5169089 9848882 219708 48963 6107466 4090008
1318765 9594326 3754592 4368451 6319518 9841294
8453173 7471171 7151948 2182305 4288931 8138697
5891648 2898467 6682848 6702713 6529182 3907159
393734 1702995 1144573 1019284 1632351 8635124
4475018 8060372 9975796 1414939 5464911 5381077
8165696 9435209 8498476 2034301 247195 1678333
4953715 9011817 5063376 7818942 6316078 3422642
1583577 8647451 6318579 171531 509695 5460691
1205524 8466375 3319699 6312548 9655229 4404471
2945434 299480 7961974 5119468 9893432 8259145
9865497 7038234 2006260 1770871 4016609 4853721
9640221 3857346 2651271 5004514 1748998 7517364
8843782 2574792 5386917 7721931 9435707 2984900
2316544 4303487 7550677 4515105 209414 6998535
2061378 1853147 9779980 4094004 9088866 9947715
3716358 9834246 9118385 6804231 7953445 9277844
1416382 9812706 4630842 1464858 531310 6652348
2809420 6201009 6717377 5802334 7468766 7080436
9017554 5223503 863773 4977073 2802923 5589945
708468 5350392 6828820 5007724 9709492 2163461
5073740 5546216 4768480 2703556 1288156 1914751
8398979 2039551 4621346 6109073 6305548 9623000
8354057 851686 3772177 898329 1705685 4008404
281158 6259043 4384381 2699543 5076450 3865363
9083941 8739284 7031323 3528440 6095762 2603053
2449023 6408657 103213 2467380 6391117 4985093
1883867 105863 4912853 4802626 7403355 5429214
2459090 2908481 8917954 1240772 6623016 1951236
1817768 9810139 3644706 2820415 4726566 3450448
7779080 2374196 469765 903116 3619614 2548871
4883427 4870539 5943788 2018293 3660049 9896891
9519786 5886677 4460568 8787083 9014461 1599821
9095551 5478531 8855688 8955166 240453 2167969
4947409 7843168 2116268 5080087 1710672 6285623
8958346 9628608 1682091 6652765 4688300 4016921
4515328 980751 6486248 2363982 9919198 2532815
9485426 440797 9248431 9021063 1720986 736338
7490667 3030684 795677 2044885 3724864 9248034
4594760 8823913 2133742 8301795 5955707 5776446
432602 9803339 3159867 9658164 3059946 4031440
8214800 2867021 1198376 443647 4271755 8033710
5113572 6731568 5559332 6322872 9469740 9799656
2919538 5926345 6122182 1379929 7589420 8679987
5489946 6913461 5903743 2434056 2058005 5864387
1883178 6213532 5025043 709802 1931379 115859
9372948 9827261 7380850 5216990 806262 8853965
9537962 7047020 8758929 2761967 6931312 6993295
3688702 8271887 9354172 2334086 5382257 29361
9654263 9052672 2213919 4479879 4168218 6146485
8127696 5780744 809016 5333989 8560469 8058222
3008666 4403770 4800189 5443473 6949924 9642479
2418805 7702547 5120083 7268217 1841967 542399
9921058 2727978 9982148 8910448 8745354 3786117
6510214 9549091 831275 4995681 1055538 2878706
7901939 4893069 5659042 1234365 7089293 5025518
8044948 4203972 8486551 700706 9753300 2527542
2193106 8245228 1321963 9711693 9915280 7679710
4909278 2386046 7210704 1671519 4558820 1440240
6164336 9217248 7035390 7022898 8823775 9011377
7226947 8012985 3348231 1921482 7541534 2056854
3983436 1184440 613253 94564 9223268 7637995
2055848 9220352 2974677 7454606 6717342 500125
2464154 6798521 9633811 3151564 86402 8669492
5668002 6230419 334248 4218802 5070028 7872045
7990128 1022050 5380197 9475173 3473758 1740315
9179310 271623 703693 9265108 5728256 8730840
7066457 4814714 3162777 9572709 9615670 5338468
8465562 8709730 2499906 6535264 4558744 2025254
9377566 4075383 7926582 4678739 6253480 1311115
1722606 9764634 6114412 2741207 2104435 8201218
2257798 2580675 5746594 1234362 8275295 6445718
9796432 3199046 1070264 902971 6085107 5271688
5506714 6095292 6614748 4995779 5753239 6360298
5372139 1454864 6463306 3354943 97607 9398375
3813733 4500571 4018143 9392578 7542501 5963622
2616427 4325249 2710278 4961559 7314911 7034995
9591874 7231200 434434 6054187 6738831 1359697
954989 8474595 7990275 2654893 9172025 158187
4696366 6726826 4011394 9754114 7369068 649571
1737912 8902854 2483067 6348218 7420629 3774724
2427574 403854 5656544 5106641 8286543 1759858
2561410 545154 8780381 9579752 5403905 8522039
5925863 9317951 4716032 5103608 2399953 1623012
1408099 1158839 5328546 3859956 4696211 815675
1952227 2862313 6956180 2060707 3223647 8412056
4551928 3243655 9810570 6659709 3626612 6334977
5703153 5848347 188051 6230417 93483 8626870
1377805 5116614 1322920 5489354 3828250 8051116
5933538 6634304 6502901 860054 4940119 6261789
8446178 8567618 5707642 4840868 3154414 5424230
4803677 500703 7321507 368325 5027823 2160249
8711469 9266154 5691338 8381055 9400454 6551605
1434961 5177682 1065356 6701675 2482150 9579597
9492754 6462872 9034062 8905064 6127168 6589342
1909154 3691874 8303536 3548780 8213530 5058994
627334 862285 2693933 4763821 1426739 9592779
1305362 1009480 88790 9162671 6777885 4562095
2359777 7552483 7233850 9951296 9425093 9762436
5196433 1744502 6085467 6128045 5348114 6691541
6390167 5898613 4373534 732164 8459170 1335949
3856713 5162688 1052623 632344 7753720 8538168
3857671 6671140 3750942 1472576 5396312 1472670
9490807 330083 9684987 4471966 6545286 8574685
9355492 1957858 4266781 8541100 8352347 6469027
8973527 4499289 5514171 6002392 8373653 5528126
5219245 573198 2550310 8752840 5305957 1615197
3509472 1727433 9798762 8695681 6093624 2753952
6011493 3723857 6348190 4612796 6637238 5018030
7006554 1918200 9353326 5798849 1376671 6501311
7069168 5315613 6810340 4583595 1658817 3254431
3023997 7855279 8297486 8222816 6253331 4823114
8922360 737966 5024125 8069789 962494 4817853
8775923 659811 5864234 1512828 2529606 4628490
120837 4360730 7862051 496140 8995838 6455453
6174799 9420395 9196526 6048998 1683671 9990344
4804856 8925876 68616 6544331 5671683 8238345
4456466 7788676 7470525 1525076 5690436 5899271
9993904 8936764 955705 4535473 7022926 716860
637077 5556340 2786006 2181850 4462757 7298087
5392379 2527857 8859440 1842033 2048016 6832935
5626587 2873361 9054295 5033781 3264932 2036617
4749236 2231591 4988128 7625888 7056361 4740929
7157964 8595761 8670293 1962780 502235 59073
5499747 1639325 2397469 8479666 5411921 6127331
7204338 2623006 4463119 2770529 1151951 3143825
9378904 2614432 5740660 637590 5898488 2817075
6844976 4960123 5671832 8919088 9786236 4791334
5728731 3011188 8499978 8045076 5023886 5866996
8627793 3429599 2025621 8800367 6342286 408690
4435465 7146921 7461439 2926963 7829442 641926
7573498 1978707 1079639 1844302 8246984 4441929
9000269 6520374 2697273 5853218 5117803 5542111
4387241 6580658 1853088 7606135 2750934 2400733
7627352 9159261 7599120 8596122 4142735 7722351
1118204 578537 6272146 5331969 6202124 8751566
5355635 3918012 7130681 5029906 1345589 7807529
3711694 3884429 4764203 4058049 9044806 8503511
3169723 2774575 8311795 6483510 4413125 9761627
8555601 6829330 4395986 5060706 5299611 8670180
3042805 8977375 7835972 3357288 726098 7668446
8169782 3668300 318249 3945706 497583 1199791
8411430 9357334 5235069 4045559 3894440 8866505
7636529 3569303 114455 9095608 5426399 1368160
9410556 4634694 6165411 6510518 6776367 9372793
4355580 294928 8618400 8460500 1987100 2368213
9971556 354406 3158330 7095757 5888266 5376506
8185262 9224016 2276991 7112004 8072079 5055791
4526558 4510042 2934889 5529481 7424177 1730308
8555725 3947197 3550976 6467812 3946731 6091404
1503034 1659263 6891933 945455 9590126 202654
2581390 9950930 7370234 2866855 4074003 3540034
5708174 540771 7681036 4737949 910346 6202382
9091168 2298551 6562614 1109620 1983960 2266325
6437903 8826098 2870751 6888092 9904774 8039902
8817237 3503744 6407674 7066926 5592722 4229002
8484572 7239806 9633890 2074337 4530613 8121148
7685556 1659702 436038 9394855 9821306 6883405
4049271 3817776 3036851 7348593 7376644 1648180
9528789 393414 9675303 4625608 4507551 764027
7331903 5693298 46156 9330331 4049617 570259
7132359 8641247 4948049 3452033 6253376 3670539
6568491 7016831 7767938 8441465 3424063 324257
1830286 7043048 9004792 5987346 2838820 6086997
5003051 1468643 6127100 4759494 7538136 5199308
4553699 3858964 2732254 8869863 4742434 8837315
8074992 8355225 7610085 9865779 2262496 1180059
1935355 597238 7564400 9366311 780101 359812
3880242 1087324 6969350 9351045 2795321 7464503
1759235 1344556 2854477 3959158 4327279 2580973
4443158 2372865 1103110 9748740 8898334 2394412
938284 7698628 2274397 8930622 366473 5068837
2714172 1964506 4780551 7824732 4051990 2241582
8522597 5636739 688542 5767287 879251 6450812
8229957 5202653 1063642 5267751 7110628 3397877
5982837 4115833 4027945 5029111 5422620 9889630
76948 2186615 1698903 5169988 8428026 3081473
8085415 4949619 720850 1900512 6636872 830815
2683951 3934502 7292566 612895 5436561 8690540
1892431 8675871 1493613 4652297 1518782 3695680
1330769 5670533 587999 8876519 2947785 6250639
1040891 7685061 6541885 4890921 7747784 1865375
542678 3352608 7208712 7607068 7681871 5929632
5729961 6329444 8565780 232827 2583799 3176126
6105311 5369942 8679271 5337405 3136679 6746749
8396017 5424650 667832 8003223 3839218 2757493
2493474 9208896 2001834 4470210 859621 8951811
4288929 7793030 6186717 5427191 70216 2083952
1481827 4285363 994000 5563981 8922335 5189337
5129899 1097942 3086734 7411872 2771208 7577842
7571368 5703486 4548382 9795136 6494903 2323134
1197542 2539455 9513390 4451219 5113594 8472974
3927797 1259751 5469823 9613969 5943897 4790768
6989408 678120 5299725 6595318 3855578 8851316
5752749 2832036 6502314 5478495 2873323 2741276
9670758 5081601 6437688 4423991 6898842 5156135
4403428 4493793 1298126 3863583 4229648 7530761
2570562 7030607 9171768 2521025 1636183 7662584
9719513 5515929 5154044 8295965 422464 2093087
2278117 976049 1847907 5697066 4042386 3662867
5820819 5719046 9666131 6772114 4780460 31992
2035286 9503806 4360908 313688 5210540 1450104
3492642 3125825 6448471 7768964 4024756 6824970
9679547 3231724 1195852 8839729 5758981 7357393
7587231 1374793 4659137 4344600 2145874 5922793
3308227 8706362 451406 7635259 8042764 8510602
7864629 5798448 2250147 9139775 485738 2132377
3301676 9405824 305389 3703940 4803323 7296638
5644616 4509153 6951293 5022937 6017518 810662
2467015 6981090 9960065 2308737 9184883 3405667
5372855 7690686 7357931 8438115 7005461 6504177
998697 5857382 5083061 7937869 9904334 8226308
4574823 539771 2745985 9063474 5538053 6353156
7052004 3883290 6571470 7362498 8699984 7636721
8971499 8285290 2688843 9640744 5168243 1061674
8550537 5555892 6613565 8844480 3766920 2795052
4774445 4863561 2400363 3801211 2705243 8945940
2213577 7706747 4604818 8724985 448113 5477747
8064676 3403540 1443037 3606908 5256732 5301592
6834197 8010357 8990702 9721210 9466615 8720171
3815333 1357953 689139 4021386 9387331 4348442
1612742 5730343 6772850 9950933 4289029 674491
3952793 3250793 1178047 7625529 5148920 993236
3031902 246514 7837176 7211096 1576067 1764703
9618637 4943628 299159 1311972 2010282 5756563
3804349 5053234 5396945 3680192 9985877 1347289
8256801 8192190 8319415 256376 7112242 4717770
8704896 8113742 9114511 768545 9654115 2005939
4123544 9208667 2861436 7997465 6689308 9220100
882994 6604237 9781885 8924435 4402749 4443702
4049282 300770 3720060 1016287 6146583 9235794
5277545 272600 3264916 9830757 9368728 6956729
2673820 2775526 3134272 3119405 8506199 3462324
2650192 8850091 5289513 8293220 7188427 2801615
2895126 5806884 8363926 6176845 2797197 3381639
1565403 9332365 3789441 3875712 6207093 6811471
997710 7688608 1967158 9878716 5490999 9381514
8741022 4292786 9839939 5904707 5323644 3913782
6085828 7763588 8098037 6319560 6274243 5552658
9154188 5756062 3112342 918444 8121160 339699
871867 9100700 7475403 9883276 8265354 36362
3167288 8798108 6568432 6322800 2121695 817591
1495165 2771475 3359092 5907999 9552197 2895641
2961676 6990419 483239 4450144 91017 5033608
5283602 5245843 3058121 8236783 4721523 451031
3699129 79265 9567447 1627459 9006849 6390298
1906111 8857746 6027432 9803576 2737418 6525536
7345350 9763027 5641893 7280446 4824394 3502768
2193565 3246189 6203864 216701 7956768 1130741
9856459 6421723 9009683 2441794 4599674 3019511
6978241 4930505 4076584 6117400 2623670 2042430
1250143 9867706 3764626 6968794 4001888 694450
6868208 3158100 4253001 3957703 7104794 327989
9391715 8003155 421448 9555353 6043217 1475334
4247166 3482428 2122496 8436706 1770999 2585125
7380614 9464316 4258072 3007921 2825334 7806913
2448952 1227949 7139356 3599463 6030303 4956688
9738142 5224771 9244300 5509414 3348492 4798668
6877740 5898756 9316928 8681694 3050079 6596518
2598063 7422888 8887287 2601249 1870233 9141242
9919933 2813436 8096706 1179500 9588179 4537571
6436378 3860286 332765 6446087 1508751 5876844
3188632 5792251 1972852 5464759 9817210 818446
2231033 8737752 133935 7323828 1558966 5872243
3268196 8698920 6414237 7661554 409858 5402446
8919625 9847702 9357715 7998114 3679530 3216867
6859981 8558641 5636591 4706728 9073036 9488206
4465902 431652 4390005 3440083 5493061 7257827
4623666 7133303 7605677 8068841 370215 3132481
9007306 2596104 1254469 2224463 7911303 889259
8123334 8774823 3450428 4930319 7526462 1661048
6519129 5190518 2112721 8755984 8604777 1258568
5181854 7524304 9664716 645729 2857926 1127313
1482237 9828113 3205858 9156409 3037887 3276555
7796769 850784 9477486 6225234 8990807 1083425
1962397 4635518 647338 4747332 6583394 298212
6037777 9535583 2905190 2728956 6920954 302542
5145106 5867681 8528525 6347108 2886987 2845910
3467764 8361576 9738178 127155 742225 8083190
7683400 8966924 5736935 173873 7133550 6675677
2183562 293894 6199710 1029295 6793587 3969258
611230 434521 940910 9366504 4607951 3322342
8222123 8753280 2907158 2903315 4011303 7170206
4748029 1449660 7963796 6631575 2757470 629231
1345246 1835241 3893293 2564148 7063932 7616470
4561276 5863904 2402033 6229512 545394 6627059
4102832 4115810 9074094 4559266 5735878 2452465
1905000 4101260 3753624 6415836 1905032 1988944
5176031 4780084 4955620 8566729 5425844 5683889
8711880 5551986 7536424 5570479 9684048 4958345
75965 8047082 3370589 3324439 4805228 8744047
920309 1992610 8207886 6280098 8800483 9895493
8096112 188762 5713782 5511331 4726574 8656209
6875606 4929410 9930209 1904348 7388116 2283848
2660850 5994546 438060 6718143 7517631 4993408
9090635 8532352 4431761 4115748 4483301 7688796
9081876 8580561 9296031 5009577 5495526 9912421
3781058 8895932 5979600 5060127 470616 5237081
9970107 3200549 825411 8880214 8694873 4754637
5028136 8171617 658965 1086741 663589 8810681
8305986 4202165 4474979 3214478 7189463 268131
5463731 3980363 5705461 8024986 6429455 6146013
9360178 1866028 9433884 17788 8123290 8492183
6304247 7600722 5523930 5200978 6748036 4317081
4167996 210420 9837478 9677123 9087612 6311683
7029830 7995135 7916971 485350 6703591 1293360
5437442 566579 1706469 5711469 9596395 6490252
9531620 1945121 6771094 4679397 9520036 6828845
5320753 5010347 48327 2166782 4782493 3062866
3286751 3105007 7454129 157897 9046482 6979043
430652 5786608 4892751 9393777 995155 8434319
8229042 8874827 5162437 8140523 4580346 7556710
6785714 592778 8004327 9033677 5669357 4802914
7545987 9488598 690383 3008633 4356369 4077264
6263356 4863048 3212641 4854104 7198599 3598583
3839231 5279544 1520097 4727426 5280816 3809786
1597501 137843 949966 8336774 6450355 645209
1666407 7180230 430001 2491617 5381067 4189715
5058538 4253074 7435649 2651215 2611909 9557883
6288659 7422018 1430238 815486 3130421 6132107
5221678 3374938 1676228 1563854 4301292 9300801
6036612 2058287 5311962 4194541 7436175 5531514
3852948 9209212 3038243 45174 1342226 7176139
3647262 3771739 9481980 9022926 9795565 2945525
6162933 1188015 2667634 1962214 8438766 7858797
2379548 782014 7007421 4817858 3115096 3075417
8968980 102553 2878938 1129200 6455004 3322780
8877752 863997 6816898 1904134 8798266 3402697
6519640 6243485 6079792 4254099 7168224 9358682
6650126 6198751 3579372 8730703 5400920 3113276
6633166 4074398 3619521 7453164 1814992 6654161
8524093 9035089 6094116 9962825 1076193 1239672
4297200 2518062 7316734 6159200 145173 8931567
6128626 4258798 2389749 9264937 5442573 2195281
1779005 8125449 3613790 7648739 8167732 6916344
9496044 238277 4701632 9765662 4496033 2380606
9703258 1424588 9049005 162736 3380041 9763177
7308580 6556814 5167291 4840119 9956898 4650161
2041947 490926 6053578 4647804 2602076 1142121
723526 7368229 8631824 1424239 5674159 3689543
3040371 875354 867357 9177772 466781 837916
6538039 4531538 8022028 4936128 6455941 8720585
9882562 5965890 878757 2626571 1956356 8885759
7027989 6938885 8168550 8963628 5606791 7676806
862766 4848239 7636200 3559511 9042135 7127804
3748781 8279019 5750428 5359461 7122364 2504687
8895820 8130808 6090033 4329375 8302080 5425359
6628133 7105819 4034984 7332992 4765242 6636186
263364 8096955 5411872 9746065 4396249 8735274
5520992 4076743 5268563 3190550 8315005 5618541
3201715 2978528 5489403 894223 1187346 8176922
2970156 4523100 8843525 8374069 3730751 3825548
2795726 2698614 8636805 2743191 2335494 8500971
3641821 3529773 82997 1000014 3296146 945180
1715932 4002716 3882769 7015154 9838468 3045621
7236124 5705269 9815802 471491 1127660 5323551
9935956 5733909 5918472 5858062 4362836 242141
7792660 1889295 4366203 1586323 6950339 1697635
98469 2777801 1741248 6767591 9548729 4785232
5535544 2201700 9682382 4544222 9178291 7184630
4294153 5955002 4684632 5797903 1137945 8025481
4009745 2324234 1570953 3313253 2807234 6601585
2582498 7783759 9166937 9840855 3207354 1406851
6578976 129608 7052377 2185133 6916685 7060667
1304372 468532 6156539 5030570 4935947 8925960
5641169 5391733 6555617 8733842 1563909 8407833
5557509 1994756 751349 6340721 7576578 4626104
126681 6785215 9970566 5139663 4185092 1764970
5618295 5694688 8994346 8275531 7965246 9048683
132253 2109019 9038317 7623964 4493531 669413
1868942 8979175 7388286 2644993 7672084 7415501
45967 3848656 6219850 759103 4283346 1212597
655501 238254 2553030 2426272 2058451 131469
7090101 6164709 6283439 4391569 9412275 9241259
9931614 7365638 7426487 7506934 8601588 9454889
9369516 7933544 7501225 81936 4471779 8597403
7237818 7481688 9113130 2555065 5093695 336435
5545120 4859191 1411342 7781748 7620029 7726991
6495652 7705981 50568 8906847 533863 8328821
4385973 7477372 9566899 8147027 2713379 306446
9989014 2539032 5247068 6764960 1389586 6349801
3711371 573565 5766474 3955626 5188453 4576763
1018338 4535035 1071013 5947003 8846448 4553083
7829917 2149865 9745608 9699495 1011281 895607
9404320 462669 7399681 9172403 5695963 6994407
9030503 9090790 4768308 8806684 2566051 2554663
5089367 8780159 3469604 5061540 4070376 7046463
1960517 2540026 2517527 5473805 7888508 5998827
7257808 8438969 8630923 5013816 317110 563514
560837 289518 1527750 4351461 7360639 926917
8950119 4538968 4877602 8772067 4925123 6097663
9808454 2211654 1968984 8516350 857636 66289
1083479 2768376 8079488 2699145 7738978 8471255
8378079 3930515 2574160 1400853 1914595 7256993
8363483 4016687 8773680 4204794 8245847 2276532
1026912 737906 1419519 2542687 6111420 9531408
2168861 3188449 7614902 6419864 5665351 5676854
4029842 8741457 7581332 8564634 3930336 7548733
2484025 7861692 2550540 3056494 5973381 3430124
8352756 7549266 2624372 7620608 408584 908436
7323982 5603659 3965806 9692452 7489437 119730
8646769 8540792 6656955 8548080 530283 4550528
856353 1958215 8265164 6897306 7371011 3173137
9675660 9798849 86350 1224946 1720769 384155
9725991 7970417 4764524 7989395 4189930 8562154
6907035 4548253 2779865 6706466 9095881 61691
1711047 4337389 1252019 7461602 9917864 5389544
891777 3935945 7331408 8000012 2200141 4015166
5164960 1455450 178254 9451234 7944947 609734
822085 6099036 3882890 3581651 9966461 9519020
5355205 657374 4350861 8094801 1641044 5982030
1770662 4149887 2862334 8203473 5186258 3033621
1921117 2214058 9880984 4696805 333168 7784823
3052746 1725978 5770276 749358 2824435 2734479
8383900 7455800 6603305 2170130 5884380 2996844
6178800 8129395 4370928 1732999 2106397 9260490
1038682 2796976 2294900 1349377 6229349 8050254
1152831 6961486 6269192 7144632 7530117 5730889
728750 6125280 5765867 6098066 528905 8240482
3748744 4605846 7832938 1616382 9710901 4185243
9378725 9600531 8265506 9865489 2024672 7056862
8662693 188118 107660 620493 3658122 7536192
5489922 1703368 5496629 7720021 9596527 5862948
6465286 1239267 9925683 872415 1441380 9759100
7230977 80733 7600490 6130445 7984255 7500551
1427551 9422300 3086075 8109657 1970652 6628817
9784747 1287341 4936814 9212329 8481939 7341999
5623229 108256 2467157 8229675 608144 8825536
2743853 6028722 5009319 1969990 5151095 8471634
4259559 8506309 8159151 8506406 2634512 1943938
9456371 2532247 2203862 2607109 9192942 4235822
4450117 7380265 9732716 8867811 7935273 8309185
926133 7252957 2757327 2583684 5249186 1333123
7291942 9001301 9472589 8774954 3386592 1955532
2491231 9457560 4271204 4614440 3850097 3464343
8469666 1278341 8652829 2992875 9755958 5949692
5138136 3016120 915314 8231335 3779558 3227878
9092819 3876042 8093449 6700134 1043856 7898138
5714306 1675875 3257122 6826027 1214463 3633211
2471349 681417 9145655 248329 115877 9735381
9964617 9835676 3530167 6268372 398144 6656932
9656355 7933258 7496998 6807635 7445547 2233066
417809 9060607 5221743 6244710 9682134 9510550
3862083 5791097 8413703 6373065 8900134 2174222
207220 1643638 63877 5019618 521526 9074540
6804036 4889806 2900243 1179932 8266717 3943881
9697711 2824447 3477897 1436516 7043778 3110598
401139 8906671 4230327 1024055 6408218 2153856
8411467 6226638 999282 9635104 6386246 4324779
1321677 3591552 935542 1355945 6061152 8754506
6593054 4636737 7411731 8422457 3598 2555741
9332823 9237876 793890 1277861 6546999 6857687
6032653 2425566 8747319 5303105 5971926 9993462
7943894 9183165 5235420 7910021 6608150 4294888
8075258 7168932 8503560 8575463 9858255 4675165
3008339 8341765 6763294 4723390 4843462 2407040
5698867 1978681 8903072 1674586 1691232 7170341
1359965 7133605 9679638 4141594 3602451 3960679
5577459 6018572 7619625 942079 3412051 6877986
3519086 8683032 8028587 3116842 347199 2834666
4052180 757359 9379621 6118725 8269522 8205233
94392 1309262 7582103 6340279 9604237 3993244
1090390 6269307 7491932 8065078 6550055 9474544
4615249 3933663 3566480 4542880 2998004 3839682
7055539 2066259 4929714 9885308 1204304 6160430
4378453 2582024 1631482 6068406 7622406 933872
7790720 5241240 8864083 1474405 4047202 2293188
6378575 9237180 6414334 3626381 9851689 7142743
9386054 5454007 2132976 8554042 8501593 6413536
9268185 9509300 7759355 5539938 9063186 6203262
3275519 209084 104958 1421673 1961825 7022212
2361762 5021983 8646901 6558060 274358 1308815
610460 3140844 9886461 1273292 8164304 3760823
7425348 3429157 2214570 7786970 499253 5750297
4027454 5824411 4080431 5217946 6800221 8113105
3174517 2250782 6178054 2660821 8198885 3838117
2188230 4956902 7275354 9392122 1264619 4829705
8495842 2827994 5179648 824161 7943581 5360748
6527074 7994892 1344995 3998531 8114590 5634028
3988692 5488548 9709830 4354660 7394219 6137414
2941781 7143816 8221762 533795 3383542 8023576
5130760 7949639 4941958 6048343 9085062 3207402
6485468 8033225 2164538 7384864 9291128 7671259
570648 3203292 7880829 8719682 8690871 8805328
6768110 9175985 4136191 544025 8672129 2710337
4128286 7833569 7562683 1137940 6450340 4120803
6607943 7962047 9444451 7156072 5693400 9993942
418790 478731 8909830 8137593 7513063 81364
3469490 6603827 6197420 2038571 3784012 4190926
8256584 4222099 8452944 9416434 3765684 4207557
3887384 4586735 9277510 2231621 1920056 1251492
5644718 5347528 1582885 8043734 776921 1329081
8226808 3414575 7509892 7886887 8300891 8212139
9895497 8630517 1662922 4054827 7074534 2068301
6512916 2089715 4049557 3371757 2881355 2228241
5667858 7191508 4196362 5236893 3268687 1106664
716432 8187169 8558675 7658338 2492874 2165534
8498479 5425755 5826906 4868339 3811763 369436
6681033 369697 5921207 240805 9520937 5135167
2544635 9832557 7512200 7209208 5718704 9830341
7201935 2272960 2466173 9354643 2375876 3585412
7132718 2989914 145888 6403227 7170455 113722
9653464 2237159 6137642 9497387 5556348 1648779
6241394 1644577 8277952 3680121 6690723 2511657
6307034 5427052 7670571 9061194 2692258 3436130
3594464 3507223 2468464 8728334 456402 219913
9699361 9143835 3049879 2241494 7735620 821848
223548 277805 3199242 5807484 587341 7283777
8997524 3047248 4276209 5863421 967813 4074127
1552388 3521814 5582236 9954515 3047609 6948823
5914840 8071523 297656 6709757 2808763 3663231
7645258 925130 1780756 5917729 9798025 6412512
8598899 3999900 3908956 7456103 3456573 6412918
9312415 499549 4839711 386794 63670 9645009
9159921 7731042 2539410 8394336 7175945 6934588
4637676 9744846 6096226 6101055 6326653 9664096
524192 3513790 7469042 9536010 8162226 9662210
5503021 3079795 3249222 7863696 7264521 6967912
165171 4096285 65241 9169318 642099 2548059
2109111 5528046 8007853 652646 7549836 5077720
1123821 9250921 3749185 4846167 1280052 53179
316286 2497844 7673246 4244859 6931910 9942782
8943875 9776405 2337323 5177501 4883772 6983875
6395787 1296224 466521 5571497 8229165 3079659
6869347 5468358 9102747 3548166 3991943 798607
1656243 9871546 5963953 2391322 8412188 8911304
5913025 656853 1799743 3196043 7547410 4766677
9294665 5920312 7164375 122458 225443 865694
210735 6931610 644273 1023978 4256858 6253612
4611199 5552324 1021756 669525 7976819 5811693
950432 6768120 8505900 6874639 2588615 7060364
3978828 6552552 1364216 3426019 9264475 4226919
5184131 3199744 3748813 5699843 6276831 2308853
5915283 6746889 5242914 8237053 3337430 7060333
154333 632265 5614687 9710341 7780123 2859863
7889548 5243500 2680033 5988049 2245611 779290
6260777 2420025 3331696 104011 6143629 3672890
9501477 6784716 7667135 6417354 5839846 1057114
2504798 8911355 9275493 8712902 4754241 1229930
568779 2713379 3430689 1445567 6720306 1956350
1445676 4268487 8772429 8504352 5536470 4020975
1546885 9196082 954133 2969523 9439066 3856805
8977157 5811272 603259 1570023 8735575 6552713
9393198 3736978 4792418 4557573 7205542 8868767
3584370 9176645 489258 1450103 5419270 9532232
7348600 4815210 5699719 1375345 8658334 1875141
4900461 997124 1248245 3646159 4870469 6643764
102981 9535274 9472288 5418687 9735745 8942969
626670 8998755 3977803 6877975 2052368 2983327
7163932 6888103 7062944 9903661 4919981 6359825
3531716 96782 3776812 1421901 5620922 4623856
8157085 7601811 7152937 8728117 6669562 7738451
5304468 5747038 8866509 8148653 4454591 7670267
9396478 8165683 9440899 1546289 823432 6420514
5554428 470625 2762841 2716391 4211412 1770231
4812197 4996799 6077142 4888420 114443 4773687
2866952 8681080 3914351 4848432 7261601 2133933
1790031 1898553 2329193 6239351 1573507 6305330
4116818 9015278 2433511 9392677 507183 6754298
6918925 1985427 9273349 7356297 5867472 5150297
1861015 5440694 3390399 5382706 3915920 1672763
1661309 416047 5632595 4092822 5281701 5773511
3755915 4548046 904081 7306965 9756257 8924878
4091321 9315077 8897117 6457510 8599573 5196134
9336719 5419519 4489616 9322843 7969494 8129015
5500337 5510654 2813608 8764054 2987416 1820907
8743534 6407325 7982632 656429 4578041 1157459
672735 23996 3733577 6660000 5636761 5959136
5850216 9611960 2229169 348471 3264976 6552394
6253179 5403505 6841120 8194264 6045986 8496400
7183147 2338466 2446553 7503579 8592485 9771046
2959902 4991861 1560629 9083174 8563430 3348932
942246 3434891 4737036 7739658 5784774 8575577
1462557 2676719 9782758 8530479 3472626 8357534
5899845 5151866 2245677 6261213 2510874 7583911
4979786 549269 361338 9486231 3473282 2239575
8710906 3169155 1431510 3962530 3700097 644899
4398507 6767042 1048529 8880236 9406224 9830085
1815358 8513521 9618730 8265543 6731707 3369267
8713641 8652667 8865839 4089019 1603733 3440618
7525369 6698689 2480987 3976717 4103387 8014160
2987593 1456014 9961608 2497460 9028752 2615618
7144066 7500026 8976621 9137859 4131972 6705584
7309004 7019608 5745641 2415592 4445855 3997353
7965181 6714243 3817562 6992071 772590 4820614
3373735 4621886 1565422 7990891 6437161 7001408
8163912 421789 2663655 3034368 5892643 7950210
9868476 9317897 9484768 7003111 1121476 9231680
4392646 9575782 4520695 2160255 6780014 4584124
7694977 5109776 2252833 8483633 6011536 7389143
4196598 5995522 683424 5140993 9123725 4406865
1050196 9153174 1062865 1975212 973947 3710183
4041929 4274636 1126965 7795430 2547115 5127957
4512584 962069 5592766 4585881 2599425 1196807
299919 1213480 7841872 6981297 295914 1327384
4748575 9680278 4410252 5274511 8837769 9897120
7266786 4727482 194172 5077903 5952914 1968302
8168815 2417433 8601835 810512 8118326 2505377
3457159 9899546 2562660 7124876 3971048 5049466
1796376 9610717 3396096 9486616 4841074 7910244
6564992 4068899 8857260 9735481 7226637 1293668
9299930 8767417 5436866 1229845 528644 7819632
4933784 9434681 5009154 3624464 6417066 181991
2594972 9489406 3095154 5336494 3524138 396367
8764723 7623698 5709229 9360786 3478134 9227052
6501023 7780169 9886408 2283927 8512910 1884015
3111042 8433333 5190796 7308166 1510581 9350908
7068511 2227313 9370901 4743028 2191091 4536367
40311 8171912 3193651 3214105 6891644 5351667
4815090 1228498 544761 8460892 970757 9602938
5584438 9939144 5289283 6209814 4728821 2748474
7933224 2649856 921771 3125139 513422 7983732
4991195 5286805 7978824 3744245 8267983 1296824
1025465 4021695 5432607 1172862 9320474 5306222
6033401 3286918 888525 4534740 7468837 7284411
1339254 4650149 7462576 5587857 1723728 1571437
4061624 858696 7498492 6622426 6809803 9541234
3614595 6915172 7658489 5209918 8222910 1604838
7372842 1070844 2960514 9247936 7435426 6949061
4170331 4411576 618670 9983061 176413 1441902
1859949 3398483 5181019 3637359 1785884 5863273
521155 9403337 3563077 6407387 9682620 7409287
3798331 4403039 7211892 5891372 7558267 2405301
7647732 823482 5064008 9283687 7161897 6397992
4323897 2091317 7214723 513515 1417526 7312152
952767 4078563 682283 6056589 4762477 3411319
4360215 9977235 5129288 1795216 4688762 8819573
8041761 965455 1388223 5551227 5449604 3032387
9737169 8278959 6853309 8213368 2335328 9352930
6377894 2576261 6236586 8783026 9313462 9694566
8648549 7640 7985810 6250925 5454620 5604057
6727003 7741742 9640561 3800572 1531156 7581031
7276013 5852516 6134719 6244435 1241926 6196442
5009768 8772670 6641712 4182336 776346 3138567
458842 2739398 1743234 1329352 9678694 2186215
7174733 5577188 663773 5434721 3146666 4681122
833762 1790835 5510835 5784166 8824223 7707862
3391825 5936596 6747802 9272277 937355 6482812
3218210 133459 1334335 40144 3773258 540791
3052853 4466213 9231294 4847243 5792082 2715221
3860822 5397651 8063047 7454345 6625839 5953968
6917257 1841291 2705849 1453597 5410672 9451090
685606 9225602 9948447 8933850 790510 4839749
6390764 1186565 1802042 5260422 8111142 9545235
851880 7134589 1803930 122981 2381867 8680453
5449827 5986518 5998753 2795613 1923344 3426572
9644815 5937480 9310757 793834 2355019 9096063
3776962 1764612 4722786 1883245 9354537 4547656
592344 4119003 3675703 4391544 8456478 4605517
913178 8600399 7286508 8517811 6602465 9491250
4150038 6794276 9459423 4025396 6003770 9424153
3452336 7889993 7302258 6521875 9289034 4853029
5528992 5596930 8831545 2705979 1483460 6346529
4822449 8968634 7780051 7256274 9530636 8262864
5004749 1058282 7530040 1393236 1882434 3322944
6140063 1127003 9335015 9819506 6643795 5560743
9636640 9751565 5760842 5298632 8430908 1464544
7245397 4070469 4829968 8822673 8862552 2859547
5773971 8207199 7116939 939979 3695362 7633830
1711198 6893764 7263639 1196559 9020647 4945487
1894113 2059100 6007558 3979313 381811 8162031
5518014 5709485 8953134 3270802 3069338 1731894
585687 9523816 537725 6315507 10876 5460167
3432895 6182075 2195730 4670492 5619265 3675234
6206005 5200084 7431641 1701184 8108307 9750031
8297103 8440081 730918 815354 3404518 6371808
5456985 3266084 3688657 6667937 3304659 3153066
3906413 2503169 5137860 5385044 354291 4171546
7096105 5395691 6882887 1803472 7763663 2838571
2749756 7223621 6439835 2332323 7773308 5181727
730390 3816830 7601177 9203103 4973698 4629257
1000975 9770332 6119297 4165917 858521 6744791
1771509 6764958 2877416 9042664 764079 3116095
8537374 820960 4845792 3260094 4605079 2712616
2867143 6493631 676418 7892347 8065597 6180897
9931972 3124661 5492775 8506930 5937547 9487829
5551888 4703309 7529470 508603 4384069 583958
8052248 2930187 4537169 138096 31963 998704
9961154 3707092 6459542 3323739 3794949 6952348
335935 7470295 9211751 4888561 6335959 8480067
3952839 3108627 1704735 9938400 4233944 7733860
1252015 3264578 827411 3389587 3490776 6060769
5586625 8028770 6436891 4261833 5207846 1674891
8175447 2729047 6461667 9677713 7931192 4358505
9721355 6608233 9329712 8540427 8170995 8467252
276077 663326 8367350 9049403 6555763 1275441
8879223 8113848 8696242 6803309 8886080 6767384
171293 6571567 216315 398772 7737114 5766178
515456 6074101 2262448 7536859 6713113 3606911
2018399 4275126 5177435 7346230 217044 7625711
8404148 2711587 5093583 2360159 3113509 2827449
7693418 6537222 1473007 5161449 5382610 7093998
2978648 1372138 3842967 9694282 9506420 1359625
4142189 9322582 8871119 3563533 8024971 2096893
6204803 2739218 3950213 4760438 7031003 2280637
6098005 1532992 7896803 1070531 8399160 6174492
1673800 7811133 3458058 7388866 2705353 1199891
4293171 5354006 691490 5168450 4558210 5340975
9763944 2324116 4768705 3817810 3204041 894461
8754592 4840614 4686616 2996690 6155355 374290
8877236 2932980 9506218 9192370 9063444 3849617
9197195 1908117 2972977 7668474 8020481 1695286
7901566 6753322 6617229 7671227 9270362 2670964
1405402 1036353 8181007 8609238 4996493 4706886
7511931 2280195 8328951 7002341 2315939 3558546
1487875 8677110 1655777 3083767 8511629 9772373
1693672 5100801 6290562 6841873 5971254 2650093
2367997 2095470 4303634 3073418 5916243 6450718
4277232 1083364 5570252 2015652 1591287 5119002
2193282 267998 7936486 4799332 1680438 6783248
5520666 2194853 9592177 9414431 6180598 9343371
39508 4817799 8241693 6844855 5977554 4169561
6380401 4563529 5065098 5530914 6241240 2901023
403251 4438512 6363952 1878233 2725108 1232575
7988294 9472223 7085823 6536775 890484 8243631
1835887 6894340 3420362 9507314 1321207 3776400
3057915 2953566 5914871 4960263 3033910 1098443
8209025 7432377 5105809 1400690 5635251 7027758
53904 6662368 4026757 5035462 4396080 7241925
419295 3642432 9469745 8359602 1426137 6708375
2257548 3502733 3927315 9998061 5008968 9083214
749198 6873086 3242322 1288697 2472998 3287674
6986152 5442988 1404602 5265509 3669207 5292730
6126765 6587603 3836972 58064 6482871 4228115
4216873 6800424 2498260 6178437 9088019 7678774
4306655 4698312 1527429 9206496 2702715 9531176
7171128 8210963 2423409 6022594 651492 8762164
3785436 8765206 4189369 739083 8049310 8953091
5837323 5153786 9973224 4177014 2232837 4838533
2871403 2199483 7019861 9699199 5781187 8208543
6584954 4570761 7785067 5563547 6982042 7774686
1760244 7779656 2740273 1873425 8094380 5458244
2869321 104170 5936110 5074808 6272628 7717664
38746 3477789 8751114 3545168 341114 3934232
7705549 129640 2465475 6688895 6335093 503231
2511315 7471929 2429775 4214865 9437640 6080730
977096 8221888 1783164 6414683 8978839 269654
6212818 3963897 7059405 4514980 1307692 2128666
8902422 7796594 5926855 9302197 9660452 2303398
9457429 3039786 4229647 3850834 7857997 6852401
5309210 5071349 1444563 2237041 9362110 622450
3028468 8654456 666530 9855380 4097711 8050739
5934500 3624063 4498950 8481459 7332349 6377216
6874827 3190568 8821947 336808 7786472 8538498
4576376 3209117 7811477 126377 4757436 6397854
1851083 7126261 363890 4930762 1105472 3907490
8825091 3975777 4601787 6436954 1486512 2653236
1462136 9047042 3698883 7876116 3367696 6036389
7804447 975969 5707436 7852431 6976007 4667429
8030453 4972402 7284876 2906064 7660664 6152992
2810973 2902090 3897019 4268676 8004297 6971449
7686848 1003737 2518591 591460 9656368 3356572
1775429 437872 1704056 6168710 8874672 8739429
4839614 6700260 9841421 1775087 2321930 3781466
690417 3998651 150254 5696461 6900309 6133070
6622613 5919026 6315112 8448794 3625980 8584421
8756217 7193460 1042745 6727433 189267 2363959
3517798 7212987 1319600 2350864 6077001 6538135
2963372 1861742 6097729 8545446 8066450 960404
6311571 1035886 580160 115552 3578258 4005645
6821195 1990386 4103428 6385520 3968846 3737342
7041459 3326634 6811891 3119634 7412493 1681212
7696684 8112181 6510992 7477462 8257289 5108942
2461866 8339552 7921650 3612119 2733089 5038566
35340 8077167 7852576 5354708 2137223 2590094
8004261 8640664 3615201 7037100 9906238 8198880
8260530 7132277 3244140 7582258 5309405 2750366
9726243 9843737 4449249 4416517 848762 9954268
4449411 8834108 2778596 5471217 7653686 5238705
6083994 3209075 9257297 9064862 6350180 5891679
5884766 1686750 1189411 4221796 5115373 8771829
8066010 659583 8205942 8312111 9216931 1125012
1864802 4879607 3030147 5171283 3885875 2889351
589317 5618823 7228404 7898307 905297 3303114
9811498 2533043 986977 8376495 953105 6697162
8941583 9195668 782096 7352460 1697492 3622654
1560955 5504446 4728363 5677419 6350506 189178
1748326 6137299 9617176 1653583 3606415 2774078
2208558 912711 9323200 6367945 8475544 731357
8663275 7986459 781453 7886296 4410298 2582330
7784851 9689514 9706478 1508780 9370528 21263
342915 4512341 3182115 9407492 3610328 8381428
8160988 4911897 9268316 7039226 6149980 4767997
3685937 8157914 8926627 8212898 6167937 40394
7373962 2573638 720123 50739 8689185 3711032
2841201 3674658 1094148 2146033 7892568 6660992
482700 239545 6766771 9595913 1310668 9094074
9591962 2801066 7302382 941771 8206956 3563647
1463041 1624048 1836478 6013455 4200359 6252383
3655702 9571952 3521577 9666084 4134817 6796889
9301139 292176 5823155 9471082 6566291 9935670
7287280 6014954 7019329 2607323 6556525 5910435
8001226 4090023 6847246 9832553 8620935 3366871
2738011 6432191 4366681 7156475 8587698 7065136
1874554 6827745 9474299 4841765 8490330 8320615
3139414 816616 6104728 9969882 294774 1018491
3270918 120879 6234775 7366712 3654490 2192002
6544318 8855717 5067522 5926043 8012229 110335
9405136 3823149 951017 154706 6928072 7702626
2430207 2144663 1704478 8758018 7596528 9738545
461371 2445514 7524624 8698713 9467909 5739909
9805707 8031344 3795249 5828755 6561634 8500055
7132096 5371298 2777700 2174679 612157 9731980
1997613 5948511 8815516 9363963 5436628 4667181
7369598 2984708 3888543 8402101 7539674 8150110
9314013 4512899 2524351 6496229 6905341 1208975
4667378 7845604 9387808 9327613 6120335 9980884
6315085 3576381 7261514 2450961 3022610 1556773
4924926 255527 1532506 1972497 6760405 1648016
923028 1097407 7008886 2857442 1329115 6483200
1851366 1403605 491670 5645138 6514741 2048735
5975704 635866 8465957 1568724 7507301 2766552
344172 2670000 9828175 8834632 3048877 1860246
7405666 4918637 9962097 2331770 3477175 7284146
6617604 7341515 7752494 876335 5573200 5807933
4200089 1809935 6516489 2904607 7476247 4716730
9489214 669947 7061639 5212779 6475256 2386743
3090815 3356201 2748226 8765953 1628325 4090404
1819840 2088396 8048529 5148640 5451776 6410478
6521102 9519595 7926429 3207523 9027533 9173226
4296240 5099368 5062665 2658023 7368635 5697366
6250063 7439564 5193753 5111445 9345417 2378930
4798606 2192887 8443380 7575353 9240954 120974
4535920 7851651 5713190 3662090 9056494 3484804
7759404 9051449 6358158 106010 6383504 7956651
6790300 6281691 1642413 7888413 916538 1375888
7324078 432792 5987566 7050859 2515890 4188760
8896650 6708395 2742978 5669599 350033 3258889
7967098 8945748 278641 7805455 8671602 1175882
3460036 634150 6042874 1577860 4898619 8317186
9339207 6144052 1056059 7237102 8321145 3063726
736517 6910192 1276348 7067491 251275 8808161
4133407 7485061 5335761 1524429 4765439 2348099
741826 2089804 8701415 3099269 2138912 7437755
7678009 8984844 7610088 466530 4428377 282388
5333013 5746217 5534172 7670380 7711651 6371837
3132700 1659548 8387249 9679251 4933082 3439840
1982541 899606 8694473 1470479 3672048 1186541
5840121 1935606 5868710 3694774 836034 2808814
9615770 6239938 4005140 3618304 9559093 9336300
5453638 269986 2481815 993959 1734478 4505057
3273989 6463027 9773409 8963924 8391728 3105891
3960849 1062574 7156722 5261575 1116728 1239305
8743282 6207529 5312796 6423547 4626409 2492771
4413677 1638239 4910183 2725358 8054609 1471713
2366696 9514396 2100454 9050949 4225613 4663095
958025 988581 9165128 4189415 8196490 7209020
1413131 6876197 3543877 2762819 9733925 9773460
5652091 4354195 5123209 2765835 4875021 3351563
4023504 9030090 5643577 9989043 6580281 96238
9594874 548630 8408417 8301696 6597227 8877332
1005436 4909900 6836960 2493627 4303549 128146
2074177 4553866 8011038 8103776 5010415 7750211
8948893 1650858 1904314 5136722 7073266 3700414
6348503 9600860 4639374 8748890 5027445 5195522
9019518 968981 4408299 9068889 4594541 7647859
8800602 3111435 278969 4666545 1757382 4824024
2936499 3158464 50645 4995062 691658 321155
5340525 5919728 4019675 7893365 1040150 4929423
8191924 4458151 3475364 4708003 1953192 6996366
4237957 2256546 9882455 1641437 3474109 3334567
5719847 3005287 9959324 363179 9303173 1898980
7471242 4282348 9893475 7080289 2200223 3914802
3649768 1353440 8909202 4318218 3408365 9107716
1175847 1126152 9928831 9478875 876964 136389
4172495 4092598 1158243 3282602 428587 9500836
4941569 1295061 9684354 6716078 9275215 7686370
361830 4977346 6616554 2120695 422123 6757802
5035948 1111635 2257928 9560561 1058235 599751
8087163 9919739 8848180 774738 465590 2347956
3405736 6240971 2128322 9822935 6190683 5210574
740736 4188639 3853760 392638 2138719 905161
4230447 6933690 2078225 1222832 3956388 8431019
2491162 9055152 704029 3171029 4442927 9765329
7878461 4611933 3034363 558491 5195438 508848
652656 4166831 829471 7336397 3310341 3034243
5558047 538895 8786662 1405979 1379958 6233483
2904041 4643309 8972916 1352766 5330113 4124544
8521525 6864331 5963351 417160 8283576 1410437
1643927 234707 1798043 2362993 1944474 1578749
2176211 182245 8993201 3344912 9739982 7971888
75690 6894049 3623348 9043981 5664785 3417492
9644357 1085182 7675194 4470545 266988 9799618
792413 6525694 9281820 8909818 2036965 8331107
4545497 235495 5883254 9419033 5692470 3075634
1236200 3195054 8594421 7207912 9229768 1197712
7240282 9559128 4903326 1001027 1277076 8436063
501196 9477544 1199546 2545858 772803 7198394
3735243 7173382 9967718 1998425 1570580 5418779
2296929 3266392 8145279 662093 8799415 9504486
2088633 656656 1201579 547714 7807781 2469730
4823071 2436444 1855413 6477481 7230263 707859
4896291 9791385 5248617 845756 8408622 2559421
7131560 1999639 9462692 8684860 5683790 8519088
3107915 9237774 1624473 3175641 4910983 5963376
3052433 6578188 759713 5398839 8912394 620420
7234484 9953482 1669763 8729815 7722786 8336359
5342980 7257761 9943119 9259859 7102133 1779195
170162 1451172 4857769 5585858 3530532 6799776
41794 3403772 4972865 2682491 7439798 8570006
845257 1647430 7525460 5892036 3425048 652074
9948146 9497452 878990 4628197 3611272 8455140
889658 8401745 4276852 1126333 3341879 8426029
8575968 3848056 2135641 9845278 3005479 3459810
1105606 7466575 3047655 3959937 5357045 5508621
5647555 4551992 2513683 3099756 7884557 6075356
810898 9450943 3832713 9291044 9311713 7604681
900204 5541964 7839900 6402629 4696200 5128787
2522923 8915461 61892 6546835 4106522 3591742
6434365 999979 8641951 4065650 4786430 5958472
7604418 5988208 4140406 5370368 8980642 9059279
5941456 7789901 517187 8201496 315435 3890936
4593316 9284924 4536343 4530959 8945073 7463514
5619909 4702977 2770375 7918868 1437013 6441583
5446729 9100719 445469 8921941 6665390 6884578
7433404 6745248 4664513 7874240 1686625 3323504
3464274 5529835 6561322 8780620 461172 6906298
4611599 4321427 8600026 6170956 1953519 4821598
9055399 1903406 2054905 1178436 8445740 83453
3188097 9685550 4551195 7698822 9923639 9879923
8613810 7019515 1124511 3632608 768091 3570186
9226422 6719075 7598298 1212838 1066684 3415237
902192 6839289 4241804 5864076 3307268 7115585
7841557 9275772 7147199 5623871 9866541 4761984
4829673 6254968 8299507 4581060 4686142 2001074
8772308 5765451 5606196 6681399 166810 3441656
5781787 978990 3553336 5029839 6944534 5234444
7223299 7842560 836721 8639667 276244 1606451
5841648 7324020 6378282 7435609 9857265 647866
2732723 2989938 7152973 6362526 8802935 4513122
5270679 4645361 2032932 5597223 2440529 5301233
7809041 4220793 6672478 800147 82289 2328277
3562249 2811718 2331238 1912755 8400571 2023981
3925263 6190005 5978723 6693056 8739411 7362121
5622792 1336699 5908186 4958329 3948675 7176872
6288682 9419260 2176055 9040213 9759160 2299172
3201511 1626075 5402030 5535487 830626 6055451
4933972 5041500 7241731 4050004 3873360 7045547
8316628 819968 4589366 5128992 2437263 2612930
8534399 8577622 5905949 4670810 9974431 1103830
9393046 2850711 272117 9495605 4511464 663029
152222 4522035 3052558 32066 8711243 6774496
6621950 8389775 5359378 9923272 1759083 3697911
120390 1572788 7463339 8862639 6641701 3128707
2587505 1159690 6981997 9563125 505814 1181537
6393222 8530700 1651644 4298200 6142441 7979915
5783333 5438366 530036 6578701 3897781 9351325
3992988 8284562 2108724 7814870 8507042 4047487
7253551 8611126 6818538 2208038 4550420 8401643
3640491 530407 6209009 7143410 6908100 3351774
3681031 589097 4016220 1871020 3638843 180543
5122851 2323749 2247334 7379463 4139938 6320716
3167874 3541688 7675006 8112013 4869650 8357139
1019982 4772635 2652647 2934509 2309573 1894687
4362998 4185183 3980280 3250001 657709 5612033
1770905 8639923 8530266 7178261 2897669 3308684
5335104 2121968 4645718 1928181 2692018 6183292
1800152 9874088 4471188 497822 9040164 1008731
726637 5528477 5660757 7851870 6123427 2135465
699126 746521 8279523 2121532 7508021 9453660
6200262 1872850 1666040 6635301 5608557 5500015
7790450 5989612 644019 4366321 2776909 2747681
3711421 9091801 2080616 6469355 1134356 2435485
7423499 3865176 5145019 2971548 2523364 5129231
9951275 3919035 2516495 6394801 6479135 2151147
5029160 3213571 4613946 5192058 5727918 819168
4517251 5164851 4265530 8971173 2707372 3050551
364712 6360315 2751568 2913075 4140449 7031626
54848 4229770 9612164 5844038 4698033 3642845
4308640 3228714 9349486 6536808 6684025 1689521
2983519 1395648 9510477 8492871 9337161 9563337
8133735 8519363 3363882 1261447 1952104 5969505
8169955 8452326 1157804 2094468 2606836 6163048
2377663 7038200 9778586 5484869 6339952 2249364
2538982 9185122 8515538 971101 883417 2499204
1469682 7980442 8480826 2576008 5987654 1311723
3540073 1871840 7023154 3188230 4779340 5621085
3667743 8793401 2277666 3642659 7674082 6245706
2485040 2214172 621877 3186437 4159145 9645825
1910935 7498649 5055695 7261112 5953888 152038
1047798 7162633 7635945 864678 9791765 3971661
7488678 5593946 2464672 9846081 8554394 734995
9139894 9189432 2258859 4157500 1817126 7546551
9971698 8896323 1511039 2269832 8486061 8669244
1877326 8283245 3821297 8835001 665073 8489004
6256027 6278960 5917952 6871115 2140432 7616707
7985139 2803065 9001635 8306005 6153981 2080136
3781034 2638959 3659777 9886881 4046542 4969712
7386965 7753434 5681522 7509144 7289414 7057565
8640999 8777966 8676572 8966701 8987351 1508520
150363 8653677 4928873 3975667 3590053 2275433
4817042 2268779 7049000 4642152 6172360 9014061
8544915 1665692 2742341 9430903 8488797 5847101
5009466 1990445 4236702 8851585 1448035 2911638
2807481 8746883 8989546 8860387 8230116 3362465
8940134 9018438 3815713 7493115 8155641 7500303
7151262 9805366 9048905 1384344 5069838 1777763
7920711 2744812 1581074 6667461 8964229 5623721
4315223 9210096 289168 2829470 3957234 6996906
7271817 1298777 7205641 2017235 1168185 4843170
3285887 5956655 4038662 3686534 5702017 7153921
5198347 1051799 3510051 5242038 2279640 8683430
6798195 3625122 6920606 2458938 930874 8703222
1330563 6140019 9782653 3365824 4545163 9020020
3073296 6110664 5061204 6818807 221297 6856863
294662 5134027 8637180 4205735 8098456 9113183
7739100 4234176 7042795 4427152 1469114 7912429
2113670 9073185 6930455 1605738 6031274 332111
76300 4812879 367903 8502418 686671 5028166
5060516 9920063 1411491 5018642 613238 9591353
2092717 8379539 830501 6653187 4947375 7145613
46249 2592460 5526666 7807422 4719837 6696697
1660427 6903411 4670905 1870224 1252153 5471978
2089564 1467558 79389 4729092 6742507 5408418
6488960 1792243 4447355 3609014 9145219 8178392
7701691 2720458 3620938 7451442 2334434 3089575
7081927 5460483 4125809 9784841 1559488 3438814
4805445 2268877 93041 3671205 6841990 3783260
357260 3190291 8667910 5939512 2929077 9145679
9511963 7363625 1637031 5422083 164227 3155131
2698257 6437235 3447240 7348273 105731 1999379
3075759 4208985 4568977 1581329 4788296 5791670
1346169 2304722 9908070 6640575 9923646 4473630
5315376 2817754 4950252 664095 3251754 5954927
9510482 1762178 9791380 4475259 7939478 4970808
1452543 1659844 5296255 970677 7086584 5122253
9991573 7457171 2163145 8093662 595446 2633005
9214283 8775930 8401995 2876239 4593343 624354
9237608 2871388 7439978 7163401 106706 7346472
8204878 2034162 3185481 7492313 7837791 8343552
2207998 8600500 6269506 9598168 128786 3128452
495414 375491 5218138 4785817 6649001 2466475
2310484 7221714 2222308 2317247 1449812 4475823
7552932 6634243 7168834 9167025 5237650 5068090
7530829 4289142 1553138 7949782 2765798 5052421
1936771 2499260 9619380 3819593 5885664 1994945
6363498 9616114 8647144 5273543 2380824 4217852
5406216 4451790 6222386 4973503 4852916 2884992
5124164 5887631 584350 8709657 9939381 1203548
1174717 3040972 3362849 1201416 2067338 5839644
1575313 2545632 7609692 165717 2849045 4149740
2847095 8490891 1336050 227362 5953748 1833697
5828678 2279389 4253418 2950982 3760809 785859
8845703 2557326 9436225 8668146 2825618 6878167
4468070 3227114 2559879 8415832 2644875 2844691
8632095 5162081 7548775 2807500 3698229 9835192
6608159 5240498 1602745 2072645 2126408 6362025
1548941 4896801 9933882 8750652 2880979 7659992
6950129 8223735 9280162 2576990 2355713 9510012
6403418 2907167 9720013 731525 5697646 9621931
1589861 4431263 5846015 8491358 1595267 791667
4284921 3021178 8581159 4418225 6342823 8520311
9183114 6773057 430918 3074200 7119204 7928816
6944284 5717418 346134 4899887 1465702 4421140
3564528 6055105 2806368 8038763 6404081 791061
115178 5876633 9542852 1980813 482784 7695145
516009 3057582 3301534 9142215 4465730 9859800
9078832 2531904 1880911 759851 3393876 5582655
9079094 3329218 5787963 1791196 3787241 9980228
9275796 6689974 2965560 1424875 4926829 5540161
7985298 6246158 6617097 7790098 4303046 466190
8977459 7202300 6290273 2735773 2558190 4061621
4627282 7802068 1251687 486334 5821055 8933798
2540229 2804677 2661229 7223712 8959669 3074862
5003098 8323982 2089391 9562623 2705017 3792810
4729584 9091134 8130753 7761372 1156917 8219572
3242703 1288734 8228857 1414721 1782392 6191575
9292382 6343321 771028 1726341 7163914 5985173
8728540 8789462 868918 4031762 8884646 2122152
2878932 761585 7286488 3542234 2786999 5979064
8376798 9414835 4497282 2497462 8006188 3467056
5930868 6865910 6645151 3032114 7243631 4532320
704941 1125508 1022285 6469653 7931330 2616348
2303834 3276756 1160067 6104218 834083 3915555
2923891 697821 206487 6008600 4882439 395331
933084 9700468 8501734 2249792 3037922 2367556
1694293 6794919 8337132 7303971 5795473 298004
9340021 5696425 1545831 6336598 3326821 7759138
1099867 6409279 2830255 4670140 1238399 9510242
4818996 2272580 8580752 581727 9573571 7308367
3260568 9922267 1983470 6249819 2099030 7543162
6030586 8455148 8087585 8654728 4775360 1136410
4279216 4999862 7481283 862063 6764196 5137657
2369724 6587293 7370999 2447349 4908733 8473160
7565076 6262944 8462069 8991491 7430795 765341
3786804 1112565 7221348 1028764 4043403 5873205
8314533 3090202 3597395 4002668 306011 4871673
9671552 2445138 1633919 1693845 390923 6238537
2028959 3956932 5508384 3443094 8212003 2986278
9937367 813219 5013534 3510309 8684743 5836086
9081093 7039094 1024353 7322244 4867924 3662794
3915062 3250451 956459 1608078 2547530 3673993
1540262 8367055 6281281 2499326 2775797 2463595
6839240 5871230 5872020 2223531 6962532 3473862
5256957 343709 2900562 4235069 1091397 3230184
859671 4804223 4405458 7761308 4921575 3266917
3847320 2349308 7577213 7971124 7778782 7140472
5282077 420881 1409402 1834390 1902832 9844948
6704996 7438040 8037422 2549938 6671069 2813512
9964066 6857561 76562 7550490 2065286 4524214
762232 9679992 2159053 7726275 748406 7743306
9268535 3778953 3445479 3014364 8652006 426488
4886381 8868115 8092448 8731547 6941454 6541650
2064459 3422567 8440877 3055614 7530072 3653356
5192762 8309732 8133154 1591946 7797241 8064014
3190354 6296829 284021 3052999 7208892 8098790
4981418 7555802 9672474 3666096 2565855 8123878
6399468 3690632 8786033 7610933 7663557 7802953
4721064 1232519 9916106 3534911 5486030 8642718
6083337 7706618 2149919 8505697 2533513 2438674
9610151 7676588 5981711 5381465 9824009 2355177
142466 1833382 1659223 9993658 3750128 9385652
6869176 8398362 856712 316998 6656145 3839440
4867322 7581828 646174 330201 6870881 6564722
8147907 9655443 810799 1641303 6969662 9502273
5948870 6475721 5022289 7233800 4055945 4889266
2142166 1018003 3866622 6430856 7468466 5830175
6143729 4727406 7482390 530454 6665735 7087667
7786006 5766338 1050472 8310479 3638374 4951684
1792499 9279950 805706 9416989 7233557 168566
1544378 8501163 4863719 2156949 4044787 7274406
4363362 9635376 4342417 5967446 8174831 5638142
9972817 8436465 113361 4815999 4186471 2143475
9082331 7617452 2989707 3723131 3855296 1203323
8451801 7638390 2837347 70604 5441300 4775995
4083559 2725177 3784445 3698056 4886478 8967303
966455 3986780 682618 207984 6167091 7030359
2745250 1818559 7591506 5412330 8337662 5201908
4838322 6976500 5093478 8662231 334657 9616104
7178858 7821246 4645866 3660395 3705148 6406396
4437059 4292758 4194075 9566422 1883886 5449653
1853696 6274760 3549986 1146058 3849543 199691
1460857 8874347 1450360 5959348 977881 2036736
3611817 3039470 9300728 7635438 5232281 8464800
9682516 5421328 2390520 4168341 6519197 7065232
4321436 7306059 281631 4276221 5770924 1874333
2836283 3178827 9934673 2141852 3558634 2062901
1651921 3692264 3126956 4893787 7201373 1460309
8165743 1219509 6843365 2609129 48578 665678
7105668 6801620 9060476 5729275 9883905 6462558
3059132 7685355 9755562 6484754 6824621 6543484
9918059 7184635 3103422 9576027 3123065 7799053
2102063 1469964 9480835 7237827 5983517 1540017
5337844 4788729 8219954 930211 6002597 5299688
221866 1712306 7257481 9615953 7170553 8969304
2813857 7107007 3294922 3472114 9082720 5873279
2307338 5167166 6867642 6583472 4975728 16737
8356886 8589716 8096444 9044312 507065 8578614
1184842 9867840 818103 7520458 391431 5095176
8242604 2128921 1682757 4455874 6262888 5112314
9286002 302105 14082 4134118 6762170 6016057
4504131 8629949 2387244 3607556 4930489 816350
4672375 8754372 9813001 8203216 2573325 7412880
7203243 1177554 1205240 8678867 8431111 7302712
8151201 5293398 6715576 8199745 5229510 6953798
4190521 7851463 8904278 1755327 7297469 4673622
2655 4222767 1827546 2080386 4540180 1877116
6191369 7577285 4937351 1752 2848083 1637058
5282175 39387 9555596 4269877 7252630 5085333
3907073 607135 1870994 2711370 5982916 1468772
9300480 6304385 3400439 5433445 9417035 7079025
1912071 2917047 1456902 5139378 8200561 8350557
5585334 5122857 6637373 9328124 2487497 853825
2365360 8149448 2445314 5078518 2917570 5190122
7398202 9920644 598832 3818945 7848253 6690334
2802628 7291284 8239850 358774 2779906 8235795
8476676 757924 8160250 7858325 8089681 9931035
180155 142796 1838826 1205038 8684542 2129773
8447959 4578949 8119638 1017168 346009 7833468
9023457 4221962 3386815 8210317 8035243 9496390
6480193 8093125 5068794 4766568 2336750 909276
110706 5226560 2342950 8401578 851447 1729573
2693575 4507034 59767 2514279 4898362 2774774
3351295 6193163 1236101 8469059 5370985 3269304
8570695 1785459 6945275 406382 1335317 8557943
4848980 266359 2722681 8663859 1378132 9996555
4862241 5413587 7806045 929549 1094332 3457982
9786822 46381 3727501 6390065 8323593 5838974
7773701 6509177 9323600 612041 4859021 1842079
8260289 8011133 2722140 1799489 6195872 551291
3964001 9704323 3891243 3785007 3552598 585087
9006891 4029715 3128902 63211 7652037 9484775
4968728 2421746 5098830 7778119 8682236 5324604
9541802 2180630 3461866 1106300 2632681 4826139
9234343 4236938 5407338 880601 403570 3366998
7274415 3062751 9217714 7254754 6965548 1390008
9566738 6001815 6493782 3142413 7383173 4293877
2710072 7710489 8857139 9838824 5643312 2437274
6743248 482169 9328897 7397535 2257687 4015242
7089425 2857701 7071642 9065103 4550663 9315659
5177749 8126290 3626145 9761903 2788796 4589286
267061 7713974 5456198 3708821 8211380 2680421
8830822 6399388 4797457 9167989 8396227 4922192
5968999 9395518 8593626 2970063 4137352 9921400
4038101 9876880 805064 5202472 165329 4107847
4318366 501634 1451151 7178122 7964664 9256882
667731 2948169 4921692 4267853 9571763 7929338
6981076 3034426 2270788 6648476 8566712 5858298
9217784 7921435 4461473 2149449 3096104 5155144
722033 2207685 3988937 3704745 5723801 2911916
3784221 5064589 7548644 1348350 9390455 7709745
1229269 1652699 8434724 5540575 8500257 5448058
499 1701146 9823754 664287 5988986 1102926
7650611 7389625 1310167 4946766 5984687 2243893
9646373 2168917 7405530 6296007 6456089 5756978
5267944 6962986 7224367 2009776 483632 4507174
380693 5632726 3643971 4561042 5419207 6914013
7423574 3677208 9421178 9013414 2148950 1394958
5331389 57745 6218699 2886011 6054133 8334176
1601748 8837455 9079901 5304751 1701977 7221538
304215 4933262 5196609 2677745 272630 1537271
8223691 7990723 1217513 5316580 283593 356260
7458954 3089568 1970418 4396154 7523191 2307478
2822714 632959 19966 6010572 964617 6398344
9538279 2381933 908852 8890190 408027 1646176
5427273 5075942 3930748 6422433 4256827 485945
1717403 4745829 3404578 7883906 789722 4158227
177444 14809 9774151 5862438 5427057 2964565
6363758 7205594 1314263 6772422 2482036 1069017
7201571 4293642 3968644 8798265 3139465 7890697
628419 9333501 7582695 9571337 9889306 5207651
6425511 1036521 8832740 1484473 2678750 2777362
8902900 4938808 9843236 5861739 5833128 949807
6624192 3675840 6954875 7944287 2526432 3202433
331913 8654851 2593905 2861731 9220862 9963185
6517300 2919137 1606363 5513880 7255487 1456221
6575531 606107 125503 4566499 9436926 4390536
4131824 4879285 4526844 8536900 7869521 7543228
1225780 1339831 8460514 3018837 2174072 9463624
935821 2684132 6807069 4380262 9239423 1234455
2613745 3563780 1815658 8869555 4967172 9759612
1170999 3389020 7683320 8387015 9286207 5227021
824304 2057692 4238913 2564339 3812462 7647146
8675588 1795012 785329 5050677 1635950 7881030
1502671 3498462 745065 2142738 4578059 4571355
4649152 2195269 1366683 8891047 1952754 5873146
2574877 5262268 9912112 4767231 7365901 4480501
9859907 2838764 2053623 3233492 2194533 116380
5224710 8371481 8871669 9159922 5704673 7444410
449125 7563068 1927829 3934627 7366884 1468710
9014547 9028261 8810960 3111965 3737863 7090938
3860337 1933256 104938 8365767 9989462 8550194
7735034 3908357 4429111 6304828 5190769 8797185
5827407 8269178 1303929 628685 6918027 6206577
5699685 5489229 6490596 3922272 8441921 4389685
3945317 8640249 7895383 8443401 5752683 8337639
5669540 6747942 9100901 4962685 9373155 261276
11441 6858943 8382019 321474 1424888 1796315
3015299 4144297 2372298 3130643 8107220 9097706
164781 8385862 2110233 2604383 7412279 8248633
600341 9938064 3491334 5715252 4420450 1349212
654810 9291632 8155673 6091471 635287 8442827
9696284 864721 8896023 1042652 617243 59083
7824557 5378211 4064341 4694280 906973 4297624
2017387 814673 533028 8797677 8278620 7366821
6227406 3065156 9335663 852267 4362343 9435090
6769942 4296188 2438493 7032806 9666663 2133255
3640641 6923827 3509010 3929471 3434359 7242499
201683 9122129 7768618 2051149 4779825 2034068
4184292 5906061 9031091 9193710 3697865 3605777
816184 1857133 1013011 788852 9864065 7570130
9107163 8844016 6502378 9460932 4272709 6321055
7620590 791751 5711547 1931085 1053638 3983146
788613 8087915 7380313 3290529 8595993 9156491
9598202 4176256 8285331 7301595 6667975 8456282
403999 7576231 598322 8832716 6216622 7809530
1120243 2851788 7059761 5938879 4822307 4590343
740120 740750 4849419 1447563 4430559 3988074
6322520 2253206 4852422 5047944 8405097 5609950
6225463 7525654 3261139 1856520 1190650 5687808
9284799 1805568 2176040 8046096 9056933 6696478
5722732 8787874 4575129 7902016 810842 8201850
6923384 4849733 3265608 2789970 2550408 7855243
4307071 8150638 9745697 4297257 979074 4414769
3603859 5356054 9171134 4988372 2607252 8690967
4548390 9263722 1661137 1371952 6654080 3016738
2414302 2694024 1683816 8152940 5724830 5642685
9412944 8420504 1442364 6650572 8124560 3555363
2344342 3435492 4975245 5405896 7549449 3040012
5942111 4987541 826494 7761271 4442236 3700879
7525343 734360 6180621 5884161 3353626 1547119
6540712 5551431 8195652 248869 375668 9856384
6171426 6154130 2425807 4103011 4884312 2558570
2972405 6953287 7231494 5615771 2644030 9171759
3715722 9142493 1714273 8621125 5429841 1666538
2190244 4653030 8251788 7982937 627597 4990470
9462063 3528783 5066877 9895244 109860 2573128
5359710 2095472 3059824 5118861 9234470 1395318
614204 1839099 103229 8267924 4788866 7488948
6469384 1909572 8090329 7008861 2168438 4211132
9832845 7919586 121590 6529114 8058625 5722637
1604596 8188488 5526533 7435337 4640948 1355528
7491692 3077160 6843427 4658365 256061 548557
6111935 8596861 9908023 318955 8006921 3590741
1563309 3922319 9864164 762839 1513552 8718024
6900140 2453202 1360344 855745 62399 2190273
2451538 8830596 4036847 7337186 3514265 1045981
5868784 3178867 7198151 8747700 776231 1711705
645521 1811018 1653511 7541772 896925 3571577
4303108 9513889 9912664 6530849 4965804 4136305
5858473 841756 6674935 6808508 535196 2187745
9995184 6635947 3014761 4653153 2206827 1425464
6511709 8774748 5082596 8862041 4450171 4828054
6392589 2815608 3146087 8152458 117317 9702533
7064513 9358368 1556276 7788767 6552636 548509
2277608 5920689 3864791 9900541 1478713 2672508
4371045 9060275 2643670 5010406 8752516 4140284
8696944 5992367 9604191 228046 1030062 2122176
8488980 5441066 5063718 5084610 138259 2150195
990218 7706014 724438 6972401 9743995 1176828
631468 2206417 83311 2466251 2375544 6286138
7560673 6611168 7296035 2410088 4490996 5389895
2184384 1382183 4063092 9005803 9455514 4124949
98342 6836466 8328306 9434099 9299786 1111569
5484790 7192998 5782429 1714595 8910323 3772698
1948069 7398644 9316279 1466842 4378937 6546099
4056973 6230692 3616823 3318052 2667373 4418894
4826141 6078892 950070 9673823 2900226 8756075
8087103 1984415 8250499 6599488 6874058 2907529
2848522 1197369 2906630 8971742 6981461 5182546
503709 5846077 7700844 3523337 462018 7092351
6073615 717541 7003246 7516993 4948829 3224822
508126 6780290 4169093 3909412 4607958 3220893
161498 5810967 4292772 7026354 3627492 6925908
5522198 5348580 524585 6408750 8618320 3181567
3639468 5085230 9249231 8434276 2814343 6821295
6718049 1302803 5616874 3857719 3600207 2182684
1752829 570109 7035585 5025677 6091361 93768
8738435 8939110 6589410 9685737 8810244 1170493
889773 3477355 2218585 774936 8001138 5113437
6567766 9664864 2099221 3821678 3877524 9863599
3975591 2073849 3965947 7347797 7191362 3305154
7604018 6303779 2210760 2110088 5273524 3057382
9890322 496521 9257218 430816 7670314 9679210
6592157 3953731 6274986 8078737 7544503 9336988
4602710 5943113 3301665 503436 7289952 3935342
83462 7931151 6692585 7171986 1050085 4017511
6127821 1390638 1747747 3284255 2081718 2506464
8959733 8779685 8203830 9161202 884613 7504616
5856218 6136950 1994549 2420011 7229521 9923793
3588612 5896853 4529346 4628959 2745086 1248249
3489 7100581 9013826 8275417 2026625 7342373
6364797 2718336 9446435 5239706 4302995 6279676
7931462 3307901 1872012 3768521 9119004 8764817
1133157 5441508 5058499 5797048 4647218 1153002
1940792 7663451 701629 6768791 3583373 5153232
9488165 1498861 8645551 499497 3280766 4981136
3492637 684315 6753060 861456 2796404 8166276
8058180 616511 1833954 5714873 4488548 3921619
8051781 9820090 6777848 5764529 3495801 7303578
6189749 4206440 2453363 7860824 6334624 4363174
6640743 9596006 9134962 4293203 5751541 2804133
7634125 7431964 27134 6890876 275883 8434689
2011757 271701 2645103 6892222 7738867 4030706
9319047 6225919 3174902 6780010 8717010 3763283
8375383 3723635 8003060 1341972 4309747 9074325
2527772 5631813 4349690 2389885 4220712 3200398
9031313 3764977 4864970 9029820 8080747 7056584
3894485 1160905 9544206 8343159 3752772 3224100
4658475 9297527 6467572 8422657 8541776 108705
1188272 9860733 878995 5371679 5917819 2027906
4801073 6292152 3122216 952808 4363103 4644070
4084998 9621871 6050988 9444704 7860909 3973890
9165736 289227 8145172 6118318 2885524 7556105
4219077 32224 9970863 4778960 6683497 5012220
2606753 4105115 7090036 4240985 1201613 4359979
2321403 3659634 7847157 2837063 4228746 1788594
3934367 2941676 6797801 4900135 4258160 4130900
7173111 5213770 1436617 2493681 9256921 8252549
1963533 5069953 6975208 3322890 1152602 5885595
2057042 22113 9608655 8109996 8346055 257988
7554034 9844013 8420257 1691009 7123301 4201274
6126733 6328672 6060480 6356577 2183951 9943848
758303 9318941 5774063 5839962 7605848 1469727
3575602 113071 4848193 8837487 2277452 6131659
7384770 8998512 2507031 1961561 780021 4206633
2179939 5824371 4595620 6539813 7346101 4414147
5710643 5482102 8090469 7235343 6366948 2928249
2192068 5606955 2886002 7031360 2564586 1833661
111531 6217079 2416264 8138928 4534393 8232984
5409794 8716546 7566560 2288597 4306239 8124788
1694243 4165171 5548650 1853846 4176637 6359580
5348227 4218490 1972839 1359916 129319 2123746
3379257 6340259 3746122 1919944 6645418 6670496
3245657 353409 6433925 673370 1850030 4562941
1790368 4041011 1289977 6362636 1130018 8629554
6847587 3422045 1175863 9965680 5541099 2201776
7379598 338221 1430318 6526422 1683132 8346096
9860821 8751615 6087760 292518 4759670 8194133
4486861 3489850 2071128 896064 9042940 3952829
1690862 1020872 2315141 985709 63478 135625
5069602 8985591 3088471 3343284 4512328 6707273
947882 3413577 799159 1544346 4540345 6307196
5240177 6719234 8670277 8087829 812548 3098414
8475180 1497850 9281341 3095844 1875774 7640168
6558426 5951523 4379105 7223034 8274817 4520227
9886634 6393888 274743 1294693 1456820 2697541
5257625 6517537 4239286 9380486 9344635 1346092
7394973 2942514 8949504 5763931 5655886 2323705
5282551 3603033 208324 9216727 2510528 8565627
854283 1973758 7109816 5448302 6784857 8560805
2328168 3724848 5138760 6278932 1657711 8146457
6032453 3945484 5262414 5972736 2830203 4295011
8859127 9094693 2153215 7935249 5700870 8933259
8690664 794495 295636 2055399 1940482 4671783
4311903 669907 3883360 1709116 440409 9483061
5587724 9809323 9732679 5678480 7052318 5619786
6207331 1116040 1284803 803047 9731477 1710402
7061290 9309815 772829 5913312 357599 3415835
6412412 2919033 6272887 8176556 6757637 5990362
8265169 272768 1784366 466976 1967029 987804
4263096 4323337 3505074 5779352 385011 3020880
4562332 3180646 2042375 6533428 1727918 4584829
7648456 7887617 1063017 8585234 4994109 2630666
3898953 8398590 312308 467525 5296703 7521376
3210174 7411167 3051685 3742316 7413311 6779550
3835420 5740354 9149011 296998 6539950 5408140
8205327 1281937 8924803 7751948 1350979 7176952
1373460 9878984 1191115 1688058 528099 8870020
4927344 9679934 5278659 9153699 6568023 3568439
675495 3795571 9026633 5983698 2569178 2973843
9969195 820015 5767335 5262824 2698008 5987563
5435818 7351457 1347667 5654876 379907 3712171
3705862 6147005 7047611 3135355 9094064 5417719
6330260 1522115 6883068 4181665 8814972 7733377
1500891 4681720 9172331 5580572 9621503 2744378
6381507 2221629 8712759 5950960 7782753 530964
1409617 6110635 7180975 5203552 6252239 3176641
7522352 9272467 9300027 1566487 5447836 421017
6520827 7540139 4701507 3608913 9653438 1047062
6090775 5787530 2005043 8033957 3761933 8016287
6815231 9855246 7729954 8603289 9273369 8158277
4999412 7754902 8364251 6516647 1725738 2983429
8236744 1126707 5269876 3706426 6659312 9542504
8433350 9934403 9233883 8751313 9059744 2081363
8042871 2772593 2568191 7665696 9860184 1995223
8525920 3375659 2348702 9164687 8388320 6396992
5446687 8919063 9999098 1141749 6567075 7692933
2056766 4180 5814401 1718077 5372169 8526730
5777186 2384349 9128217 2462538 9600607 3827530
8782403 8063917 795502 5648591 560418 6500775
5590086 7333716 7894717 6369028 7990726 8350078
634727 9072056 2738387 8872883 8259739 7740249
9543406 7291600 3367327 1540950 6694547 9055563
6266961 6324793 7400424 4041460 1888509 7475835
2867005 6063382 3775052 8521171 382283 324402
5601490 9798095 8358644 3498323 5551662 9233359
9798215 5687737 2013454 7464322 1083349 6300113
5788343 6904302 4124610 1387967 2919132 2309006
460202 7241453 1369370 1739939 9381629 4235624
9100351 1548625 5445206 418882 3502022 1927343
4575026 2113555 8689772 2413984 3271393 8461643
9381604 6045083 1739938 4133968 1742734 1006809
7042108 8802638 5241443 1100310 8253117 4984206
3351225 1479037 3144250 1466045 8060969 3140829
8955032 3861551 416466 4123020 4397971 4003036
3788152 9379333 2185715 86111 2889296 8969794
7610340 3374358 3632909 5662966 2006363 6874049
569068 6326233 5498719 362560 4697830 578990
8994181 8000040 3295508 460999 7067656 2022984
8783093 3108981 4052585 5548942 3458951 9409842
8045177 5258584 1647111 7736901 345815 2363400
8821094 6955997 5913342 6271649 3489969 4878758
1351297 7688258 9472674 6270200 896976 1734735
7642109 8592472 9163720 9837475 5128839 6397931
707528 3327153 2311677 162730 1303017 9780315
4917208 2061398 9915407 4223067 7617789 6747779
5226937 2832167 5980418 3135319 1541465 7741833
4665648 2722531 4510070 8416749 9109702 9379397
2550309 2512892 2212004 2317849 7906832 4866479
246121 8207702 129745 5249180 7029372 7018662
51723 8658364 5652979 6133027 1354440 1428571
4963351 7128229 70469 2724895 1043263 8064809
5754317 4506790 7051006 1421886 5171827 2406307
1887860 2290779 4217450 2932279 7612420 8790124
7568310 2599358 4154565 5048928 3976945 9410087
6618033 9977757 5802794 8961755 3083596 2883101
2088853 8532620 1368090 3081499 3453397 1981473
9308928 9825414 1469629 4147195 6563532 3400042
7815472 8824235 3035874 7723437 3361319 4738593
2801211 7119444 1045943 6862854 8564716 8755082
7274006 9914423 3151283 660381 6106861 1065505
2262014 6792562 1423193 4167905 9333032 6639206
1038216 8806361 8837381 2235977 3623350 7787006
7320495 3421115 6035826 754522 7233455 5152710
6374212 8894596 6616437 1064201 6160543 5964152
1837157 5225999 9967903 2613008 5807492 3538974
8830189 8648546 3718552 404123 1885180 9770969
1976848 3647567 9491203 6396668 6685221 4554958
5901211 565234 3496093 3258937 9542359 5143601
2719255 6519483 2680968 7998573 4286169 7212265
4449068 1197813 632018 5459041 2330747 4107033
6671303 8425207 2998868 5298407 3405787 4974803
4068453 6916371 1535934 6264856 8777673 3585888
5661507 9977544 2209375 2061479 5162990 5595309
2468059 8578220 5683639 4824301 9893753 9288009
858006 831616 4362377 6506287 5955055 687367
9138951 6517807 1316819 5384169 9725365 8260013
1556090 602803 7159446 8521289 9190483 2625988
3607667 6454399 7741809 9095079 2337066 4308624
5002890 2387588 6034822 5036708 2990982 3752527
8423394 1847001 8531454 3710858 4440401 2574171
612426 7562166 961315 848566 7125905 2259866
2269068 277337 252179 3949361 505388 4560186
8435862 3946769 9387736 3057650 1216634 3439354
1546200 1762926 8494549 53752 1503397 3567466
4652545 4102242 3526825 7564292 6960775 7878363
9728558 7845231 6162401 4585274 7908863 1628317
1664673 2759101 9328493 5481943 6826011 2059728
4056445 1053528 1882200 1474636 6600845 9044212
4364790 5365743 630367 5092100 2164658 2677475
4079622 558673 6058769 7393848 6196021 3023662
8733040 4704776 3316561 2373815 4220802 2660157
8397785 3850588 6037906 7759419 1392977 8457532
4110860 6064256 4936915 6434820 5997307 449868
1685266 3177909 7501396 4482613 3199501 1595032
7247996 4636458 5680573 3484925 505652 7350189
5569548 4270824 6563080 6304831 6748902 2121234
8743166 1682629 6832725 9222042 3076850 2750257
3006306 6605371 3972765 2172834 981240 6100401
7740560 7644801 4561366 5608900 5708581 3018111
5522265 4250427 1505274 1721529 5125819 9584344
6979583 4912859 3344936 8687716 2189871 7122152
1894452 7806028 9315354 2815680 7691654 4314677
3617143 2463223 101058 4751139 1476306 6594130
7622266 5075161 3655218 9580171 5744365 2860850
2788823 9960647 8562243 3544968 782565 2498475
615960 7021637 6556810 7248380 2242459 8163991
9405321 4318589 4415499 6850613 278382 3175211
6785047 4924880 9953147 246688 1991756 3245357
2917053 771126 2774120 4911143 4099263 50657
5929126 7399412 9168493 484085 5898893 2229223
8559908 8349484 7023463 6816878 2199719 670016
7757867 6368762 220764 1937066 5345818 7157717
2178631 771653 4796779 480006 2795124 819485
2907703 2542135 7968890 5316885 627914 11438
9724355 5704817 2922374 6506152 1319254 4843047
8995497 8921235 8419695 2186276 8290704 1928898
6151748 9968169 2725160 9283130 2488820 5622994
3024592 979986 5425308 5616402 2732512 3327610
5253877 5449119 4604287 8349008 7576381 3356758
4260332 3243023 7721569 7012024 7092522 6494902
7747642 1251714 5049508 5377717 2941569 6424582
8738021 9992354 2480948 2867881 4328258 2826955
8094325 3624573 53314 2345896 2292293 9647927
4586130 4107952 2972305 9594764 1252275 5870134
238759 646489 1344854 5062937 7925943 5047681
4207328 9139723 2875646 6230258 1535487 1237105
573485 7646874 8038417 9000726 6878380 2740157
846661 2385995 1120861 1777332 254683 3951807
3303443 1914436 950729 8073641 2425894 2984569
3522597 8152878 9999439 9179373 5138958 2295079
5079727 3675084 2066411 7433267 8660553 5188534
9951309 1864066 2089086 8816208 1772410 4645418
1609510 5585403 7229572 232148 8748102 8866279
4749273 8461427 391806 7393046 1759493 6011507
4096951 6133687 6713829 9891076 2707661 3382608
1237666 1394111 2507916 5743338 3920998 3203296
673745 3413393 3725442 5932327 1826022 8390616
1862721 4487235 142025 6305311 6464131 6840490
5754997 3290448 9404775 1133159 4430100 6677530
1903273 7686680 1915591 6054904 3336316 2526866
8474704 60232 9156405 8706477 7578542 378299
2137501 5866171 1664405 4026276 9558402 5334709
5140837 8816946 6635404 2001190 5530325 7272258
5869482 7791639 9669555 9873339 4136078 9417212
3977832 104506 6964010 5830385 3840064 6234317
1287704 4618841 77077 1198576 7457622 1765790
9234210 3156243 6908692 9763725 4167810 597959
5176085 1728721 3732046 4070066 5992321 5613154
42126 9902083 2156355 4643333 185422 5544676
2857310 8601364 5924153 9739193 4728645 7474035
3414288 6307115 2026107 5430087 2738571 4939561
5257631 3942261 1359323 4869614 2766979 2374082
363565 6105756 3623829 9071595 4697254 2407357
5685165 9907766 4112184 1350856 5788259 3937981
4077962 6644371 4433419 4532401 8341265 8856257
5841636 9495016 8427598 9434656 6349437 7860694
8571852 9745997 8990149 8792485 8812434 2050060
4253831 5172511 7135103 9782273 4279767 4079666
1920846 3785714 3904110 3516796 4054028 4820879
3361850 2063432 518855 8088125 1352125 6094199
506142 725230 5600995 2503065 9027978 3271962
3946484 928909 9756318 5763135 499743 4951256
3417207 6892680 1095331 2062124 7097024 615747
6802877 4295688 2364604 353752 2611555 4555551
4952147 2324839 5440988 3606718 6072805 4286005
7341838 483727 8393872 2895950 8286343 8087204
6449065 1750765 6144533 3863140 5835789 3350858
4323347 6157710 3285971 8952853 99589 7161347
3725547 1299726 4966407 9903108 1285247 7056436
3729595 152389 8113675 1045444 7550918 6703138
7830973 339765 4856103 5470313 8421297 16016
6557383 521257 8606337 3008127 5613058 5346259
4471214 2939737 8459899 9013746 6030405 6453844
1269579 5999293 2225250 8279641 9881170 4773079
9319597 7438730 9198479 1337436 9166354 8133953
9973528 5403620 4199847 9441395 6032166 5496023
8494754 8853034 7736413 3269955 2395469 9578331
8555010 717420 5686668 9620148 5431893 8345510
8596536 4715849 4121983 1659831 9775864 1551624
4477887 9551332 458594 83024 6150716 982566
817536 5219947 1354902 472383 3034598 209437
1146412 5029818 6907570 2963875 518991 7177371
8717430 7999624 3603824 2646919 9724630 9163749
9086410 9699449 2006836 852969 2740900 4450505
4011970 8313697 5627756 2648222 4963507 6480834
5037429 8411730 2702317 6753846 2452419 7175522
8223428 8082627 7682822 5477230 8473736 402075
1437940 5632660 4196857 6944612 2942400 1776240
7947800 1830968 9826702 1294844 996613 6451267
8975730 9964566 2479047 6904397 6460413 4720900
4581681 8498189 66311 426736 7926446 2107261
4475053 1963584 5547205 6428302 4423490 1642003
1480927 3609180 1225712 1604761 9415029 7108239
253648 7067357 5371297 3851515 4700422 3132539
6654131 3742585 7415116 6251050 7778116 2487852
4696474 1319031 1622213 2961922 895548 9975546
335763 1011204 7706214 2089596 2469558 978816
6229035 1519498 7407477 8184698 9813917 7387432
5225554 7370969 549537 5370807 6650749 9393055
9349603 730165 3797767 6933771 3772604 4183861
4692144 8224002 4185468 3059353 1731827 3104459
19790 8519005 2713631 1250166 1268997 8403825
9402024 8164051 4597798 4392481 7622480 3180924
5725061 8469433 3928667 27683 1025496 407146
1938314 9325666 4668281 2229157 3612319 165383
6177779 3401991 7238599 3522353 7397451 4245556
6793347 3169681 9787670 4303018 8164908 1294911
4673801 3975387 6101971 2145712 5968783 8486697
4795257 4957121 3107684 616843 1208710 5303171
255193 4664460 7198505 3778321 1121038 2406160
8436177 7790632 4906686 2548248 5072386 7867005
1165225 5879671 766600 352242 7599133 4452798
3393253 1422043 304524 2633756 5353882 7050108
4305174 9792601 3356883 6181584 7433900 8655197
7057698 5560936 2193281 1935428 3267160 2732991
7047050 3015026 2048642 7381510 5866840 374276
6388225 2125553 8903001 8234966 980487 89112
7720097 4443014 7357988 8654885 7223589 9786667
4998646 7621436 9310578 148397 9473146 1328437
9049276 2254593 356731 6251488 5490549 9511450
5673724 9229796 2612510 8033609 3305191 4584106
2404156 6011742 5555202 9930248 6245530 3228329
8147107 6070208 8812114 3267771 8461487 2990885
1297209 8402812 8337346 2406613 6936782 5645723
3422413 6898653 3541880 720205 8332233 3612247
17544 136736 6635003 9391550 2561242 1750690
7476601 9686488 1137823 2773881 6250729 1211847
4231464 5068397 1375906 6082249 2001289 3402938
2516322 5781505 3793105 7365846 4954279 7087736
1174104 3267110 2293014 6966786 4611195 6406538
1042226 1683950 7679508 1942954 9912704 6108793
6593325 8755557 3508966 7061423 5791169 8774999
1853062 8523328 2152083 7125498 8175148 1868384
4269817 7340164 4897364 138942 8203882 2550728
9819142 2651698 5182457 9547267 8217445 9294131
9457676 509815 5075292 4731285 1731654 4566779
3532338 2288510 5155693 5267112 9488923 3245731
9893971 5454899 9990336 5018106 5512783 6430951
4935653 4048605 5091961 424629 2696969 7271031
1509174 903284 3480067 5128780 2123812 7261005
926335 7046057 538112 4214834 7603747 5281354
3699707 7121777 6791673 7585303 3593160 5886638
6712690 9002704 7851240 1651632 244970 2748983
2560391 4801036 7138914 8751506 4611613 4168839
4202170 9033046 7812845 7804260 3222110 828370
1086712 8403557 164697 7894688 4340777 2442866
2707619 5679137 7851151 4708982 1318398 8391005
9639277 7350349 455445 9205322 3711939 3694265
9419791 9857541 658314 731083 2568388 7322776
122090 2174829 2434444 6369272 12663 8570700
7468508 5895446 3899666 5963303 6498591 5189602
5721941 8818002 4661927 5408374 8944012 4565832
4897831 7851409 3482637 8747908 9112229 7261263
3713393 4996847 5321106 4118580 8384468 3364569
170055 355628 5835168 2841920 7772597 2165948
8421 6338346 5666473 9280451 7240473 5422951
4491339 3675974 851758 5265843 3483381 4893936
9032338 4011417 913528 6092481 5833251 4716979
3840139 1374181 3062599 5173180 2655878 5015816
3249593 3349928 7510977 535097 5793247 6142962
9354433 2880020 1045405 2495979 5399952 2605666
8899358 5617380 610936 8059685 4256569 5436255
6409505 8447550 1513466 427170 5086241 4373051
2451040 4077574 4522376 1118189 9001781 6398415
9103348 4835241 3682467 650657 6030857 3890545
7911973 3956242 7882726 4708795 5911409 603361
3848531 6536359 8611464 8307862 7193123 215871
4106043 5780453 7117612 7626344 8763675 4208327
3502349 2822423 8263686 3137926 8084056 1715673
1620586 8236243 3878238 4646990 3392630 564711
8923198 8248700 9586523 6720390 147711 300327
7553528 1700709 2536141 910104 6578638 8549882
5761587 4143177 6884450 4306505 7012146 3221328
9280802 1477003 6071565 9474139 7148307 3208433
5626858 4774047 5872185 6167053 3088209 7675165
6725122 9201541 3143728 8046753 9384664 8944422
629347 7385652 5632741 6817285 72816 7062965
1672186 2592245 6243784 9713804 7376339 3940878
4831222 7314080 1224097 656910 5366187 1915627
4493145 9449058 1100392 6378089 1093532 5373664
4428141 1386475 8612500 4860975 4184981 7377097
5406154 7714833 4758513 7940028 3677157 9626494
7588586 2463517 1404186 9008600 7801953 4556062
6964648 5913054 7397708 1931306 1335830 5774128
6451068 6068212 3835353 1228100 3553607 9935606
7844029 4251257 6292119 259077 2389143 8686341
8450465 6811210 8407263 8866686 4307649 9661505
9182365 6891194 3636922 1597603 3068323 2902669
511441 5484545 1647104 6544329 9413440 5180478
7975955 2496835 50645 2838371 8409907 8116769
3541744 4178053 4161225 4822906 95998 9425900
