16000
7738017 8570685 4746693 9893436 1264433 3135723
6188582 5610631 8164264 1663764 6534061 9698820
5947066 5793469 5291893 8167973 6433994 9845126
5104013 3131984 325732 7688823 9725689 5012823
5919289 7727526 1499356 3757714 5760510 3705203
9487649 3031632 4930315 6255822 4185369 5050312
4542236 5119735 4988760 5870205 4098530 6797579
6808057 2138632 4063372 977392 9006442 6781158
155437 1481889 8978763 9960387 4160407 4912514
8924882 49193 8844996 9733870 3974146 3536907
1636367 2430868 9850121 4459060 2176115 3502429
4768505 9691243 1608099 241581 3625737 1314259
4856366 9233807 9033454 3528153 880766 7587056
949450 4941896 8721083 4718198 3602276 4278621
4726440 9527261 8871225 17801 7330940 4136176
6205316 4808365 1145588 1451852 4233838 1667662
6947457 2348996 9962516 560943 6208887 9315199
5173058 9913856 7856151 7664504 5104021 4926599
5879060 5396728 9168427 1257940 8784419 9032250
4815824 6918168 8828591 5571500 9732620 2648854
4631203 4750703 2360303 7471923 4036264 8817371
168670 3404513 4999969 7365792 6580695 8531769
7624539 388507 8733008 9405884 9545139 3688420
6422469 7061935 4423239 3944625 4138741 1934211
4967748 4947376 6023946 2113337 6636028 7315669
2839070 1375957 2616375 7313662 5929739 1458183
6954895 7701134 5877591 9038780 7495833 1699508
9926629 8513267 8816032 636657 3633400 8395912
299241 5409940 7373028 5140171 9149030 2670684
8225614 686578 611962 426091 2504175 9088888
2793425 8055333 6768485 7684300 4526722 5204738
5915393 310877 4458767 7274825 2450988 1844005
7810828 7383688 9566102 2723731 4017996 5625473
3118178 4331091 1313975 7628034 1814096 1226087
9942640 7698898 2226926 9945691 9088047 5243161
846221 6528803 5196959 6788702 6245355 9440500
4931022 2242329 3986545 3611294 4721263 3322523
3937144 3024416 2958951 5529023 7329343 1765342
3104582 5501882 6668581 4986489 7307912 8173083
7774913 5165390 6241236 5542397 7741660 6827823
2977811 5969702 1222829 9215606 6428604 5922184
6647046 1022125 1138333 125602 7792708 1775667
1638928 9506884 9609827 7991452 3690889 8789680
8267135 4413616 369555 461584 6841108 3586164
8574579 5859731 9220890 7023875 9013789 1079964
3199263 9388625 4500669 7158721 633482 8751560
2099693 4721538 6595811 7036767 8881977 6307217
627008 2978979 7709173 4892914 3347560 7801028
8563256 9783460 1474501 7451556 7275261 3328043
6458268 2516227 9128593 7636664 641026 568872
6701293 9623170 2008335 58368 6926338 8404083
7274997 4480206 8873401 858267 5891758 8969351
2193868 1230368 5531639 4062338 9834575 3862129
5876991 3681664 2512171 1419862 8460619 9230329
9605463 5747707 2113363 1172625 700453 8117255
9622966 4463029 4080511 6026939 335473 9258806
4298881 568640 6052640 9305090 7617916 8867353
8927626 7704989 3891702 2505149 5257687 6044892
7796403 2395930 2681651 5266464 1759673 6959361
8056700 5281431 1162551 2778006 452904 1178631
6290719 6102371 3779753 756146 1235300 1428729
4888839 6166928 894895 6272833 9763456 9265935
7809488 6571900 6063748 3644817 2492235 755629
5338626 7100314 490019 6068470 3376222 8304523
5435603 4356502 2703355 7121150 7970238 5054042
8096254 1520874 115735 4874009 3014370 1515544
5087600 8171480 6469688 2462972 7616309 9090759
5149997 1523570 2632473 3415716 7456975 5187772
895613 4411883 2789195 406922 7439379 3352590
688611 222248 2726149 5475230 5320542 6878798
8725374 7767689 8196689 5840852 8176578 8242582
9150199 2935479 3557530 4548203 8557216 4320755
4285940 2875654 9484004 1399260 918473 1852652
5672049 2019887 6899526 7515582 6225536 3558355
2264846 7689332 4081494 6763144 4185397 2792121
8789395 9612370 2850938 9590890 3737598 9848620
894069 9309145 3346991 4389891 4265516 4521495
1630242 6347410 5854666 8468439 6120981 4563725
3868586 9289351 9303775 873497 9803180 3300654
9979271 1209791 1542152 4638334 3576006 487246
4161087 2387055 8750082 765408 5758808 8944846
1469817 4695049 9138056 9635384 505190 1609327
8505661 1282157 7754370 2378030 5885340 9878126
7703688 3796406 1568351 9517769 2894557 4896046
3488346 7915898 9809189 9550283 9611619 2527806
8306467 6255735 5733139 2859744 228804 1878461
5771413 864834 588602 6909819 6998622 1425931
5425669 4233202 8784160 7694447 2367836 8521023
5546284 7601240 5324451 1664026 6934645 9779599
8918895 4643318 9492497 3854035 7277061 7842909
9135657 1919534 5083430 6610249 1328917 4249455
5876188 5645916 1053353 5875909 6606617 5020505
9289524 793869 6797784 142419 4092099 8661355
6111886 5793898 5548061 1288166 4003998 2010378
7203355 6642440 9321089 5953539 3940849 5585486
2385964 1917377 3587772 2745692 7774162 5079088
6342500 8815420 2904285 4534704 1818258 6721919
7467669 9670375 994623 303945 2374501 6140776
2981815 8776475 551218 831141 7742149 1483163
2294848 7847491 7915535 3073051 9406893 4686476
4928366 9922649 1705067 5467867 3489945 4689239
1432733 6543832 3019707 1718695 3799919 5276679
5757070 1577181 3975640 8826142 3820496 4333623
1015755 6899410 4267939 3180313 2971724 5164373
5034267 1554822 4175227 2104609 450843 9926670
7163553 3269448 9408526 8217809 9606338 1895609
5016852 1999801 6180430 6305383 8871212 5830669
3121069 1263119 4976556 5274538 5074071 6164968
7507523 3468705 4026994 3581911 2057296 2507483
418536 1748052 6950924 6540693 433599 1935122
514012 9328124 6092988 3093036 4555142 530470
5868153 7539261 1970843 2080030 3809289 1820694
8153193 4710372 8028198 8437270 59244 1708604
187817 9759729 6480750 8010259 4597086 6982138
5899676 3581642 1212152 6901043 7799272 7858285
4944684 8476158 1566202 4245307 5791370 9543088
9737680 28032 6707977 4446085 9406385 7534810
4194124 5427492 9659415 2206299 5428718 7346923
4479285 1981266 1688808 5242319 6352876 673869
5454372 2503752 4731037 9110850 7193360 973499
9318317 8967110 9739989 4112558 7135345 5333131
254492 3907886 8919001 8485109 8699589 31211
5000627 5741731 353344 8945940 3816135 9169593
7322722 3693376 8152924 3865229 2421757 5818005
6169476 9702364 2123282 892332 8790935 3287617
4812050 626829 2834672 5734477 5127768 439275
7794821 81566 8292146 4326284 1951807 1520831
8427921 5994175 3281676 1657597 241692 611145
320525 6508432 8687617 5561443 1788128 3499983
2820575 5453088 6545352 3921983 7943081 7432980
3209849 9362160 5116951 5631383 3673059 8072759
7196538 9266149 613962 9914069 1151119 3734568
877447 2996437 1741569 6632092 5437307 6427582
2536328 4511879 9460672 1512136 571807 2282502
4600000 9250606 8838701 9334689 2913901 9674679
3893922 3872837 2138485 859165 1116435 2589647
6403880 2796538 2321115 5208917 4461059 975543
9997182 406455 5357312 4953049 4683996 8791690
1758413 6188483 15781 117769 1385655 3431201
7972308 1697712 8790353 2834448 1031383 4422453
9234058 7861848 6352247 939283 6020146 7278281
1596083 18281 1880002 9151922 228211 2640769
4106466 7327411 50820 8485129 1514954 165351
6925190 9646951 4566609 47010 7576275 6725417
9658898 3776153 2487182 8707284 2886857 9418722
3799293 3569432 1765154 7898662 5974858 6599210
4623295 9057899 4386309 8079030 3356965 4665715
6911688 2606491 5960272 7375011 6011302 4058243
3380380 9487179 182758 8625001 5909258 1384432
9855843 9187047 285573 9626829 1280384 2243992
4791099 2888799 7131424 2461279 5352628 6658778
875614 6207804 1352552 3451610 3861834 2457054
5779041 8846159 6289985 9900894 3135322 4969784
765145 2283886 7764850 8428938 5326903 3399678
9235964 5174292 7660174 380721 8042819 6787811
6313637 4996465 7777514 2142316 3287931 468166
7534290 4450409 7253862 9301494 6499397 9803498
2705691 9928770 5625344 7725703 2845960 7063098
5094447 9954948 6051724 5315788 8861684 8996498
4479141 6362161 7561895 3731746 3225315 178336
8998603 494893 8164984 4564740 7137972 8865368
4679539 3636725 5558227 5821818 2366604 8684913
7715921 1463650 5784489 7961352 5723246 5398132
7774333 1510260 2328331 597075 5286274 8087871
736086 997848 6134780 8781016 7663174 6925769
2906270 3802544 1225094 7075526 302890 6004504
1638514 8140950 2790797 6759976 3046163 9209235
1504871 9272628 7588344 7366811 7599867 7398033
3212008 6517789 638914 2163763 5957412 1715054
7850004 8401527 5208618 77112 3828653 6140124
2730587 5898523 5973550 8632458 2915547 8564059
7459819 640395 1160760 9779985 6322838 7582296
2607335 1014357 8464096 3119096 9092204 6013645
499527 3369275 3397980 8736747 5569007 1145385
6286854 742507 7845131 9510039 9225521 1901362
795885 1561401 4312296 6650673 4029388 7147640
3235684 2872412 6357081 9024284 9906992 6959472
6237273 3432023 194950 3056618 9556428 4943055
3250957 4730907 9309323 9194972 9577585 459378
2742143 3993840 329515 4828165 2345604 2173040
718927 7949779 1414873 9259397 8984099 4761437
3269999 5956661 6984968 1316456 9883412 6219792
9656564 1475242 3462282 6438508 2499473 2136984
950434 3230235 1186079 2902076 6259081 4494613
2592039 1600912 1983815 3852918 3908529 35547
6818124 8407518 526808 4184040 8305356 1957212
5544599 6977875 4447923 5433513 9786619 3599766
7958086 1934501 4847495 3089530 9538408 8102342
6997095 6303635 1494367 8192530 3877731 9115368
986961 7816851 1690697 6920259 6667358 7383187
2777622 9417081 2048132 6949421 4498331 1475893
5692983 5472523 3169886 1505069 893909 5521598
7689061 5516920 3443616 7586312 4943989 4324579
9647118 9502508 2062504 3881472 6855822 7604894
8541180 8625594 4529787 1411440 3197079 488505
266515 8624339 310517 7064736 2655891 369538
1551633 1008664 7436170 3371601 7396547 4065884
4932456 5492025 5409725 5972768 503469 8360810
5671751 3400648 2872861 7366117 7273141 7164849
5320683 8896149 2561258 4443238 8408241 5872737
6946106 4281543 2275444 2681380 1238554 2269570
5211080 624324 2861029 3074078 6034678 3935324
6888409 6275516 2105961 7996619 8949016 1363796
2195168 2568411 8122124 6168976 5739688 9796430
7615643 2900397 1351197 3145667 1744052 3759742
7808279 7108395 2600423 1563433 6425495 3115003
1790439 2251075 4253470 3140155 761688 9879144
5499781 2597673 7365969 8937536 477708 997625
5058888 7324063 9947132 1197461 2248070 5839829
7750613 777130 8541854 2479014 5065737 8338157
918372 2065412 8880272 9101287 5265798 8926283
1334901 5324976 9850020 8990957 6206179 6697940
7110325 9055012 1806722 8242979 669194 3142015
2430460 8678106 2422688 353572 8086779 4419988
3812609 6610817 4860324 6760593 3812820 5648365
4573148 9311425 7185338 5915313 2221783 8696275
998872 6398494 7331874 8439685 7602635 5152732
1147604 6067930 1117884 3249191 4087135 3193057
4033106 9507633 107935 5399839 48553 6387630
5915469 564800 3978633 4460283 5288677 8654980
4065958 4574307 1512156 4201655 4417808 6894754
9512602 1195012 6833229 3110447 7244106 4270700
5810141 3990774 1075470 7269956 9205967 2018848
3302104 563417 2523682 1667267 2727487 4305186
5540429 9173309 9262872 797707 9999844 1656982
4717641 6538589 1109816 8676893 4373727 3028328
3640576 6945948 1650122 4223130 3736589 2892123
6359828 922659 2263527 5837234 9589698 6057778
5312159 8645512 1358832 1959785 1158178 4725260
6131298 2398691 1846820 7206969 8661226 5244499
7631882 8714894 1195168 5176246 8392805 705516
3160883 7133247 9617047 8047142 3629380 2260018
368726 9078974 6826827 9631559 5307439 1804827
2041658 9703194 9583611 3205093 5485548 1354331
298150 2757856 5380411 6384556 2545594 1975035
1181508 6433606 8284722 6405622 6591247 5021694
1696954 1183581 2529853 1558010 2676351 2456450
6440731 7265017 5016132 9098813 1591059 2079203
7898432 6499739 7091252 41992 5165311 8958031
5660887 4426788 3229346 9840837 4878096 5634948
5325105 6776326 4587653 7642012 6865633 7195774
3975296 3963103 2487726 1805133 7934604 4123857
9274973 483647 7026843 7127160 6764361 8220530
6338198 1199336 1166797 3301207 8486124 6045855
4883783 1139515 1268294 9326691 744735 2164459
1792347 1856116 6305485 6894905 6232905 5900024
7868797 8798719 399383 7820358 5123517 7627956
9591476 6093298 8565134 2967394 767019 4681663
1931187 8533727 7662427 5008816 3502638 3678760
4468151 2023898 8290202 8541797 2758228 5726117
5927479 4648604 3218368 323267 12785 6078487
7818372 2380068 4250742 1126819 9258363 7965642
7821146 8517839 6075818 3538841 3709730 2392825
7480720 1916388 372496 6586631 7395504 2211007
4502031 6783531 8353478 2626725 2426753 4209006
7609822 9326999 6040490 4673265 1892879 474913
4409588 9268208 6080513 2486646 5149022 8386950
430920 804367 9275363 9696784 7187669 4984799
7602941 929310 8314167 5897376 1061076 841840
5353621 9340847 7253100 1007360 5821235 3229253
7725009 5191647 9953314 41735 3516997 9931364
1925151 3147880 6624960 5600905 9129253 4441522
6312312 4994074 6767365 1985546 6155710 6591136
2935644 4805247 9595861 3368678 5023783 1497443
5894839 1712445 8265922 5198649 9319644 2552031
3221812 3402228 3446972 2851259 4761636 9957375
8433636 389184 7287370 9343998 7771632 4039788
8359838 2002036 1800057 3872645 9585063 6067002
4074474 3368075 3185137 661963 8071715 1015988
3633391 4356330 167863 8455870 4146896 1804551
1665441 6726502 3828236 4072928 2379092 5727025
994549 3461053 232437 6809989 3551909 5766525
9303765 3591645 7033614 5556073 5008840 3021747
9697386 2022194 2127381 2198919 1124174 5951569
9366894 2559849 5330512 2430984 9217867 405306
9789512 9977765 6242288 5482819 7678556 1045130
211552 4286909 9622943 6073032 2878095 6124010
5834565 7264485 9816165 7418611 1358198 4480069
3982374 8077318 9347490 7146115 8758484 2124701
9677169 9466522 5602327 7876666 4706034 9819243
396512 8563565 4243185 9827131 7020477 3574144
9524237 3820945 5913089 5988483 5344520 721930
3398804 3624354 9144098 6003371 6364353 3859689
6135404 1948283 1201650 850443 8448609 1140548
1057815 2643396 1219280 4117586 5805650 8212034
5442803 2334886 9580875 9803700 5676519 4314530
1880825 6007434 244007 6242020 7894373 7537252
8566980 7993890 2732798 8625559 3747311 5134129
2980602 3673798 3102168 1742637 1741261 2757751
8617592 9546068 114955 3102636 8769315 4377080
2354863 5406650 8015295 7701054 545680 3009633
1141055 3595104 7947834 4829568 4122545 356919
3615682 9893384 4053909 3664398 2283463 454719
8407750 2432255 8896085 6085151 1136984 2131852
5109866 3700166 593624 6823123 1186107 6130450
4199575 8778188 7238118 5866926 3887156 2487723
9521957 865925 7448210 9723164 7484504 152207
7186294 8151034 9551252 2745249 8126954 1847877
8703842 4953194 7262605 9660235 4694886 6337060
5480995 6269712 4269666 5883442 2591188 6845513
2416009 4317931 2408996 1817383 629992 5344357
3118800 7748755 6006227 1566185 4142440 1417537
3006508 8684585 4947751 8743877 8898856 2985949
2580599 2364616 5573211 8745747 8119281 6232913
8867845 4539339 4083301 901058 385930 7617443
8218057 3638514 8274737 602696 7307155 3166572
7743211 5368910 7521042 4206895 9626449 378199
5841649 7137656 810753 5845068 6653726 6010300
1389309 6737118 7370856 1283716 3302842 226571
1272302 3670262 6198650 6176082 2949538 6090652
1261055 2217741 7362824 8388784 3348128 503926
3142799 2403812 1377430 1781178 1000666 3529945
5464907 8373704 2738167 5195012 2904097 981624
5422160 3022776 7885612 8073001 9511749 3648812
246587 6934340 335671 8048166 9330394 3636893
6967921 1567128 2419372 1430389 2945839 7408707
3015374 7452865 3789527 306826 2702268 4249914
4632870 9608130 5736451 3840910 5818808 4929138
7488403 6077290 766164 5217025 753922 9926761
8205039 3188054 2705991 3714011 8142196 6413787
168254 5094633 3073417 7740537 4813256 9433537
1110572 4034518 5427865 5329459 2179637 5451232
7192096 5115333 320508 3635698 3440131 9903619
7912361 6405676 1115531 5406533 559762 3253104
2870728 1750896 813206 2492610 3225349 9757785
4702715 9301363 9310668 7375740 138571 7607635
1176497 6892332 4794873 6302913 2730337 1784290
9501273 2158943 3897653 5314931 8024928 5638588
9606253 4569341 9747923 2802372 5801650 1736520
5298256 4761721 4534871 9820312 4869808 3062360
8620331 8617962 809168 5670079 626744 2878273
6140563 9816356 4976761 2712872 2459200 6547798
5108745 1609447 3675338 9331240 5905260 8400818
9355451 7555797 3725967 5174618 2886357 8656007
9862 1900343 3499713 7574148 2077484 5376850
3072763 1356184 2022523 1732513 7682582 4112375
975122 3831193 1532199 1019379 9174368 8208571
661826 6893380 2110140 3200124 7693627 4192202
8061181 5967015 8856461 6134053 464861 7314011
9336393 3445712 5731604 2153160 5660217 8726400
9378560 8566415 7738872 9599911 9640108 1103016
4525274 3376232 3926864 9562962 8356118 2074066
6868618 8336072 8381428 5517395 4512791 5992976
6545867 6809737 4206715 9307510 9512966 6110469
6520389 6938710 891323 4708512 2396120 4236869
8380771 8821961 8170976 2805798 1640818 607952
469699 1061915 7253271 1007124 8674850 4317395
265338 8498219 7610896 6782394 9265434 2128788
8932582 3818997 8932921 9738628 5607293 8850479
4519684 71050 9053448 1628403 3079522 2701398
211693 9816762 980111 9689994 1182191 9534157
3903089 4062819 6695254 7773476 5047696 3450876
8739704 5538742 8134887 9889320 9042172 1014747
8499572 9737994 7673276 8762534 5775929 8577122
5303948 8642143 3214667 9320496 8286114 1569767
1554503 8841295 7982393 4551873 795431 8858088
3337283 575343 7316027 8076738 2879305 5202615
5433534 1159106 8771301 5482045 998923 68550
715592 4630364 1028878 8038701 3128830 3341527
5028121 1449159 4040832 2402989 4386046 2540048
6319489 4582593 5776705 5125486 6218972 6206400
5468482 4187831 4743311 9276799 6552037 8466828
3698719 422833 6858689 2470660 3328999 4616823
9805821 9821903 7643219 3146116 8604904 3655749
540889 3515802 5712464 4640865 9523751 9346271
4817255 934294 6189297 4775979 1757249 8296711
9425909 308048 4940133 2564900 13562 6811092
5325239 1438792 8078326 2562049 4339982 2705996
6482838 2557460 8120159 9424008 2597167 4564142
4896828 3173372 5977688 2120955 4584597 2703170
493936 827616 4664079 5397039 4459543 5617743
2277531 8922740 8665584 8561977 3044751 3020950
9676690 7240921 9808340 832127 7820877 7166111
5577423 7978839 9175820 3006467 8158027 6966290
1226111 5393247 8337127 1625154 9879150 8583876
2319023 7304954 5723451 2236963 2070963 9185945
2147013 9928199 6979249 2460583 284518 5417242
4040412 7920861 9512709 5099209 9747318 5356245
4755801 4064700 5352494 8811576 6543532 6605757
3527350 7487468 2669589 7697788 4170927 9066296
7280616 652377 9043589 81708 6242953 5739796
7297499 7439726 5169957 622394 8685114 7892678
186862 3116840 7694321 3758577 8966055 237165
7453581 6126902 5645928 2980881 6869352 5814450
3231381 3507447 761422 9117693 8709612 4583495
6516356 4449224 5757271 7912952 5179967 9632140
6373652 3958703 1677907 3772912 7801710 2307591
186287 4133406 5379586 7459816 8624713 3426692
8911436 9768772 8521412 2432423 244207 8044025
3420368 4299734 3783024 3229139 6850326 2735506
4978374 8179805 8730114 586462 4106038 4235889
2135407 2273910 7936872 8062180 7384925 5007351
8559258 3680668 8325192 3338336 2794593 2735945
434863 5771565 4882733 7334730 206256 8940839
6062082 4083932 4205017 7713245 4492584 880232
5849116 3144513 7108377 8942400 8794538 9621904
3577477 9599824 27368 1143696 5324409 6350803
5489819 849256 2383847 3514061 3873165 6563539
9718833 82031 1505140 1047079 2794275 1078761
7852773 7643644 7973549 9789274 4524380 22106
30872 4422161 7781325 7056640 2213063 4240411
7898974 9616857 4886129 8703287 9760859 3194768
2708577 9291167 447156 8531929 1844910 9356999
6556992 2548021 210767 7641478 7994412 4410552
9375091 4802036 350238 6029615 1089627 1150893
1648355 3788202 5075444 5261 1112824 902247
8569477 8433178 8636192 8143436 5615086 4256307
1677409 1015545 321172 8310371 8338502 3503107
631605 9320844 5798733 8616549 3232282 1976359
9811338 2389393 6427748 3370773 7681548 7411027
3890172 1869359 8527229 3735236 7054932 5972656
8119324 2703315 8178343 9544908 9962451 3411731
720806 8413556 6932934 5954459 5964069 6978867
4089380 1064719 6463534 6847131 5398009 1768783
5352159 3031805 555920 3099085 193923 8723430
4474499 5198704 751630 1225165 4253263 3745727
5729077 7942173 3960613 4348515 191047 5635187
5324763 1086697 9358392 2387001 7895742 4818726
5043424 3856879 6425324 9448880 9281392 6616828
947493 7043041 6471349 6758446 8383076 4023126
5416736 5020238 2509392 9454913 5070408 4763746
2660101 9495641 4160292 3187207 225381 8021896
3018254 9740865 873672 828347 1522367 4311312
2410390 2965157 5136063 5737194 8055661 6337044
2298105 5025618 5917312 4134801 277672 7210222
7274378 8970631 9559096 9937486 8931778 5170808
3125794 5869850 6016288 4594645 9726900 8400101
658433 1856216 3631497 8403428 6430626 9540527
5743156 119145 5520673 2160036 4348055 5417918
8887063 9679541 6964577 6172348 7156807 44790
8846434 8525300 9217968 6950069 5912829 1254750
8462799 3080767 809086 5702863 7702552 5652516
8295023 7815745 3238257 6735961 5078760 6199444
2705546 3894677 8594991 6376784 8391644 158526
1689549 5114341 4622575 4141178 1050423 9252236
8206231 6953446 8713043 5971498 5748210 1201599
9182132 3708364 5943387 2376746 9940628 3349859
8731440 40293 2416593 9868156 3865012 6532310
2179660 2151101 4600781 765132 3466801 3262129
1449798 2469649 133656 9059441 5260520 798487
6632175 4321621 2030344 1556849 7496631 749105
6939473 2323524 2067534 2036657 7553828 1370395
256057 328800 3954049 5245132 7645344 8351351
7741933 1821392 1249328 8090264 1961517 8899321
4651455 7441098 3486645 5450913 4521700 3278561
1067943 122690 8447844 5144899 5744571 5619007
1319514 7174590 2543661 1667487 2928683 1541487
4464776 143003 4597273 3230385 509075 3138001
9308080 6204665 4824305 1782305 1317508 3439127
9549159 8541910 2360104 3131022 6905394 55533
7262459 1488559 7801824 8788972 968714 7431137
2922551 5111157 4584228 8335041 3925617 470753
5807689 6074445 8892709 9707840 3625488 1818514
4302048 1421069 6932023 348644 6142833 8317034
8454255 9285638 8805182 5008716 5595740 7202660
3258903 8188492 269196 2488128 4405028 1440123
3739663 5675803 9174288 7166135 307834 5397918
8553772 973038 2279047 4353551 5974615 5243062
4546418 9841318 4916422 541590 8828974 5484324
3123510 6913815 5345726 9484789 334717 1683075
8625955 7913834 9515416 7381567 5076138 5737125
201557 3319561 1669417 7452585 5968177 7949684
2644225 7135912 1113235 1534104 1794871 5169794
6037987 4100704 3311023 3562119 462298 5754422
2286238 2717312 9359517 4784872 9364617 7491212
6094396 4254873 5341086 7491213 8540180 2394000
5882501 1172204 5896899 6541922 4151994 2655054
3573645 7093832 3873141 6966737 7897364 1693061
4371088 1589405 5118943 175932 3446802 6234013
8372052 5063835 7451535 3760994 5095329 2358825
6377608 5416685 3954943 4178204 1358189 1713303
2608597 5153011 8595732 8719235 5651603 622666
9272894 9496064 9948709 655968 9988474 3368465
1881281 5319500 4819948 7666455 413783 7775212
2372269 5918464 808070 9107073 9119160 3476345
4942464 2121506 6076875 3538074 164314 8735309
8700110 9395440 5735643 2159837 4358139 2744353
3097329 5651853 5937802 4496276 903037 3950737
6285303 7716083 5075360 4083070 1879713 9775828
7538877 8711152 5002901 6179731 1805935 5439724
905233 3501524 6033851 5119387 3776770 3530096
4545791 5734820 9331750 1213400 1955858 593034
7632821 9721443 961360 2075594 4569126 4761929
1837410 7875993 5015427 6857332 2821770 1403077
8400984 859394 241793 6301047 5999196 1453161
3732407 2520379 7589505 295919 1254604 856615
6710502 7977941 1875082 2407706 9950485 5168216
4618986 5071902 5760225 4482326 6450248 2158269
8814467 5463282 4142025 240972 4342321 3929942
424297 4047900 679754 4630773 6718403 2917376
3288302 8244743 9735624 7878588 7480993 9435478
3003528 7336902 8466839 104745 5365092 6591185
2886846 9429703 7925507 9847210 2238345 7749867
5642851 3918657 4409145 8083523 7486579 535913
7311136 3491435 8178058 3659563 9871621 7206703
176861 2079728 1259538 8957706 9119403 1705741
5432592 6740398 7590908 6324746 1478797 9113345
3691430 8709722 98190 7550839 7354125 4912617
6004434 577087 1809554 2929886 8987922 2799745
8508230 5204779 758164 9199710 567452 3989558
1257420 9343965 7465281 1260135 9927884 3285364
5331646 3929140 310300 6219766 4414617 5497947
158959 9318104 2439860 5295800 4392093 8776857
437723 9760296 6137309 3265441 7655129 9294534
5397148 7246974 3091805 8459793 449475 3914623
947577 6232881 6172945 3601350 5067326 2134832
1648064 2431294 8781838 6812825 2219193 3424985
4602316 9784667 6162469 6311607 2770927 9669817
359885 3212430 812686 1981307 8761987 807155
7852248 7991978 1688836 8170747 5862987 2680909
193558 6871853 3479664 6395676 5272189 8181736
9325001 6557608 4250777 305027 3647735 1960798
9995019 3624897 7541103 2712324 8663124 7870461
3132064 9085541 4476047 3421987 8099908 7237045
3101937 8966270 7470893 5365790 5749102 7075348
445996 3477317 6568307 6100929 6619266 5347339
9945320 8206639 4512478 7980733 6986605 6213318
5419040 54857 9564695 8851887 1986287 5137090
3266051 5139923 9328853 3818374 5038682 6777445
8204861 6771570 8771945 6242619 3293739 6305919
710842 3959211 808505 7175429 9859030 170418
5392491 3894089 7005630 2193763 2767003 456485
3357982 5151330 2098936 8262728 8002947 8045050
7672349 4250050 6979982 2333803 2099738 609178
7746494 6627621 8438634 9790861 7896067 9847696
6575394 3702701 4912900 8206559 7269891 3027393
5404812 8243610 195827 9394277 3459395 8092197
8131459 1072288 2372920 8872368 460391 9887351
4678508 9942132 8768622 726894 8570269 9043688
9325937 8377038 1859472 199327 9428935 3231408
1731783 5601629 5998022 7157934 5618368 9064302
5543584 5151423 7881439 9071542 2857916 9759337
7849222 8278072 790654 8887784 4202343 1027450
8236258 8874125 6167230 8551283 5112353 7953935
1079073 5848499 5132432 5869212 8880622 8892852
1167921 5205485 8814675 6964418 7662493 7857765
2094175 973525 5453919 3308617 3328784 5308968
2005912 5606965 7084216 9009285 2877671 292196
8253033 438152 4174694 832022 1963068 554809
7064178 3180500 489276 8044086 6078861 9769869
3931869 9674372 6270801 8988586 7903621 7652430
944662 884804 615579 2932889 6793608 3228818
5573531 4927640 5545341 858261 6545370 9505387
869719 2069787 2970827 4840236 7616178 8442469
4718158 335898 3242417 8259865 9900240 4481993
7368489 4050088 4894664 5684049 9376748 3654411
9038166 3017326 7703344 9431785 8064623 1992867
9676617 5320144 3644544 945876 5258491 7035427
5009467 6205916 6635129 983889 7174367 4009073
6799041 9091633 2058193 7828332 4270428 7567722
4410013 2684796 984564 6133585 5564400 2743519
8334154 9889481 5550892 1890929 1820095 3528044
1802043 1437933 4005164 977960 5163619 2296034
4797924 3772282 5077407 6206989 3250397 3694323
7846864 6384600 6875721 885590 8885008 285115
1596218 1209834 8746898 135621 5021772 5379827
1008303 3543031 9755744 901025 2611721 5369009
1484535 3118538 4385821 3107084 9181845 5736434
3909 5821081 3928014 9762159 3030408 498146
2490315 8203024 9434398 7290240 8286721 9179800
5867798 7448563 1004472 5265777 294711 610261
4781146 1666421 6416160 8625337 9969656 1620587
2540290 3896899 1160560 9708397 4722453 131859
9308502 4739779 7202754 1139286 881681 3063926
6357100 1834058 8179426 8248752 7645305 6818748
5945428 3718063 5256310 575944 5033227 5163158
4364537 6218758 2823826 3775559 8325938 7515423
9320274 1378571 5851425 2307426 7221869 9133508
9337585 2781917 3480570 9302538 7981737 3546942
1977045 4728511 6566881 7940545 8908676 8460652
2430835 6532394 4021116 9597411 2679908 6251592
6364277 1964346 8863672 5997401 5343860 8503694
7308032 5532942 6413840 9687330 1819012 9503109
7212501 4049673 4612189 9045917 8911166 4863388
3338178 6642890 5736325 1709367 8598898 304715
8596276 6423991 7310082 4363174 1344724 1793543
3494307 9722862 8698663 9599832 5943149 5257522
269836 3340184 7438057 4976875 1994505 2448794
7133101 2289715 2909498 7063771 728044 4859002
3848462 3384917 7621228 9157727 6259233 6037018
515267 4654909 3365447 8558956 7401125 8919869
1193612 2944858 4188218 4620296 6193022 2096150
804446 7612669 8106524 9354666 8776080 5570982
7425331 8361302 4648384 3287531 4576266 6309183
7395217 1532504 5695946 2451079 514711 7959806
4172315 4336580 3463628 2661644 9084565 1288239
1892075 1710880 5939058 8518187 3783263 9049646
8260576 2512804 6096692 813348 6259325 3115374
6752478 4493795 4608837 2050246 1732396 7897931
1388634 7227735 78643 7056264 1163739 5868620
3223922 8742532 2430147 6228411 447981 1856442
8632521 8142802 8528104 6818284 7462591 7065200
9631923 8907143 4578039 5598737 5026955 2063461
212490 6581868 5273179 2580572 5698601 6020915
3350969 2122069 2604183 5565697 1273010 1856829
1209596 4835810 547140 70437 5294265 5040730
6619499 2032164 2064823 4240250 2180826 8116523
4587270 9934193 7031203 7543636 2418322 2825253
3319891 5789896 2200780 8015181 6843774 4581870
595441 643350 3043930 6409232 2877442 8325912
9252258 3066824 6869791 6671274 5608687 2626781
6518060 9561486 3612877 9537309 8979238 2994791
9998638 5972240 4401042 7156656 7993301 5764408
8989711 5807332 9703746 9778930 2245805 5483114
9656049 3194414 7992035 5965270 9474995 4650915
1996799 210267 9154721 3738910 4987991 9114001
1246731 7915996 4325505 4404422 1025576 2856836
9212375 3782582 6810657 9205989 8016543 871534
180827 3438785 2650048 7279522 7419520 7070109
8622165 9473328 821018 1386676 7015225 2414273
4634745 552790 86490 8961962 7540509 8768971
3840069 6259727 984248 5287040 5909924 77305
1438902 4585289 4781756 6846909 566554 8463223
8672456 450060 5177871 7120501 5784442 6036210
2000866 4717276 2790746 2084612 5116745 5514662
8292983 9860054 900770 1911232 9769676 472786
2770346 250413 6242072 8041686 5365919 1756815
9887285 4893787 7528861 2572743 5840619 2834231
2288353 1775255 8906774 2357795 2714220 6565165
7236402 7514243 4768347 4050279 6961096 2823232
5978224 1755457 1142982 5469586 6994057 6049869
9176534 9527670 4815612 4308970 4076563 316140
2221150 630769 5084140 3421055 7233215 890654
8507349 9428122 8876656 9956515 9796258 3341489
6607887 5935187 7145834 4335605 4674829 2255432
5704438 8720066 3289317 3418840 2063461 3610462
613833 4417699 7899729 1478991 3396209 6312949
8018618 7979383 7698692 8590633 136645 2083450
1481024 3815346 281028 3877693 5542930 7532973
3946575 6021709 1959198 7801493 8861698 1058869
8904035 4840928 4852840 2560179 8604531 5356496
7026823 8802310 8567307 1473677 2807222 2815516
2990924 7028357 6031913 2563707 1937896 1816875
5642796 8017253 5798542 5062383 2854581 859482
1974404 1826745 3177136 5756343 9472264 6041752
1651263 2812339 5556001 6840860 2574956 8555280
1460108 5458439 9374851 2342195 1563810 1334335
3516142 7346 1008124 7465511 886768 8514572
1501060 1382868 4083813 142322 2158696 844444
5260327 3841651 1986347 3993357 585774 6777785
2179360 1270479 9330045 2525555 9822413 9994882
7259515 6150064 4453401 7476632 1103598 6479457
2442024 3300601 6453443 4464207 1546240 2847234
9851358 4508892 939977 4662564 4255283 8089396
1957939 1508941 653643 4711556 1580533 8733305
6568933 7466750 4872664 2597065 162835 293331
2004289 990587 184932 1013241 205996 4736703
4061171 4024427 279269 7604355 7700298 8858095
4391001 796119 2295410 9139113 4141999 6076882
5837808 7516796 7015195 1240649 567616 8313472
9341239 2547958 4569531 5720095 907699 3636848
1606793 9844958 3137765 6160112 2459917 555653
2662301 8838116 4302896 6203273 601392 230855
7810127 4353583 3808642 1795548 320555 784413
6437894 7429819 3324751 8795782 6759257 2646039
3278135 763640 422970 1871460 1672002 7658038
167172 8341075 3116728 6642421 5997562 7855340
5720329 8230889 8336202 1739756 6476811 5303882
1773985 9634534 6915403 6784340 3430522 6214033
4504830 7545691 2227402 3785117 9282200 3477879
312096 2811011 3085701 491726 2881976 1696277
132683 790841 7166114 6644857 6036101 2260317
7114127 1167705 8356020 5953302 6075218 2089666
2448210 4698138 953007 8020868 7021796 7124722
5730636 6493794 7333117 4208937 7366629 4126310
5430636 6382054 9058874 9638849 6330324 3186551
4769638 5228602 5348912 6639924 1607072 5685970
8137768 5129128 3598433 4655085 9670213 2262816
7858012 8551527 1470472 137735 1336907 4584062
2524871 2291228 5789215 5960979 4761090 6388182
4363159 5923746 3424211 3039803 1214221 9654047
3201443 7475278 4837381 5169469 1183663 846616
6740754 5808286 3091065 5267037 9883099 1892667
3526288 1075550 6823581 5070301 6350924 8815101
2655838 5292900 5045147 4474812 7113977 4039096
7397336 8808659 467512 8960730 2276765 5683326
2261758 5097965 3914907 3944386 1453642 2194935
7425435 2688543 7367864 623856 3396981 5528620
1492996 7257834 2408128 3896547 2434690 3685539
9564600 9292858 9572821 4609109 383965 5921320
4608899 8726631 361300 798284 7772133 2375004
379103 7780024 3531520 7407739 3005278 4785134
7977760 9581902 9621908 4628646 7644866 3662381
1447237 2031981 1895919 9516526 2981815 9856143
1630968 3500789 6373968 6781972 9396129 2983906
6110504 7652648 4714000 7993586 9335486 2727011
1833634 6627150 4916410 4992859 244752 5616956
1997100 4085257 4252555 7622993 5918786 2852788
4063631 4935954 1647992 5910439 3161872 8351983
4025401 5092373 5744815 505157 9167316 4271344
6001035 3597131 8383894 547614 1297234 5352629
71134 9984173 246415 6894897 2795011 1017715
8745971 6454377 1787229 6278962 7519426 8896558
5603587 4007974 7582002 3521180 2718341 4460175
1335914 200065 4490776 6362016 3968185 4243113
6982195 1328477 7459833 645065 8991824 6647621
7233062 1449485 2788022 8899925 7551859 5934612
2606372 7168733 2140942 630276 7164468 6707494
6564754 7746438 7572946 6848257 4901569 5159342
6689341 2479855 878789 3923718 9211699 1097169
861853 3709117 6015988 6003302 9912701 1466534
3557881 8100905 7462553 5139607 9045900 6069940
6108535 6703662 6456114 1647389 914807 5549607
2319233 705637 3035596 7783281 9797262 6221746
6670166 133938 6426907 2300491 3955724 6511969
5768831 3309343 2237786 1690853 8038072 3842742
9918624 6603070 7256032 674407 7072395 9063562
9244941 1425146 8700538 1503006 739722 8197907
8703227 5041952 1565047 5329182 1604485 8506062
8061572 3078571 3911854 9794242 9333135 9778763
5039626 1257389 4145181 950583 9370776 5736556
3832154 4417681 8665589 2613372 1728765 4311736
8293575 1644826 3633242 3972034 8538340 8372116
7521207 5167160 9394215 8229000 3597264 8913771
4946921 439649 1704858 3731724 3629281 4959501
9930887 124382 7269935 7477268 5634780 5815005
4918380 8294357 2054369 2963982 7670851 6322040
9532317 6089854 3313187 7253311 7035606 9959659
4872819 4089538 4540231 5539738 2273034 4165974
384547 6810626 7660124 5231410 6003662 8931126
4031698 100430 788400 3706088 2682485 1604382
7041801 816307 6010045 7818236 9053653 243982
6317746 4557225 7496308 3072175 8696682 7507409
5600583 7693610 3404043 1745199 8858904 9539742
419270 4391149 7851348 3103960 7092720 8824154
8154880 9686970 2290695 3123243 8932283 7570421
5533640 5826229 3407369 1708804 211509 6219299
3949613 7054582 5035884 4296248 9221991 7715808
6669666 7312372 8113943 152714 9630826 8310051
5527083 2286499 1241525 1248657 3286818 8291335
3753034 3937840 3723586 7185891 9663356 9366682
7953287 3194503 5624941 9925886 7538535 2870453
4100040 3891779 7482100 7184743 7795585 1804321
4503857 6123021 5169157 135539 6434293 9780347
710210 8002165 56144 3980643 7596159 6645784
6328895 4284982 2539411 5116033 7955770 6273668
2495712 6763721 7391226 5669202 6342961 6027487
2090866 6743779 9773837 5243489 6052674 5739046
827950 8342339 4490913 9437203 6744799 7163796
3122178 3617494 7503546 3943238 6475681 1661190
9310537 3972643 5598343 8979157 3596990 3253552
331042 8984006 5936008 1208431 4689031 1031863
4413095 8834655 9780060 9141669 8044673 9690514
6510 5466720 1949491 4317097 3152692 9253820
2154871 6891692 7540183 5375614 1993855 4338275
8770121 8552473 288040 5730035 6358665 2370318
429144 3111709 3146788 6520284 4912447 7068668
9803038 9619519 3653307 3459049 5024108 7910144
7383736 3980508 5572820 7813032 3936728 1008960
9711699 4993439 819950 6344523 6824285 6705298
5713369 4955427 6990150 1597733 2438310 6136558
743822 8683059 2475989 7409742 8712525 4932964
6543725 3486226 554273 4880822 4514059 3533173
5600512 8695821 1867583 9630038 7991878 8013347
8765454 957089 4615745 9279080 6018336 1365225
1550367 4084620 6287423 6441490 806914 9957019
78517 8205304 7181208 7516749 2715227 6341048
5434154 9973994 5267982 639856 1269307 450501
454686 4830876 479379 7286776 744011 8128464
4837715 6083330 6963549 8976803 2832278 1481221
1520812 1464742 2664723 1110764 5859374 4627905
8645541 102235 2679311 597254 4802305 6308755
6351964 8083762 5980594 5526534 4195884 8017884
2745364 8125598 9687781 4165243 8824393 1187459
885846 4263590 3340608 8158959 1603774 4723583
2993469 1101713 5373026 5699987 5995937 1250484
3676325 4323390 4114619 640077 1994315 1167072
7771189 9857431 28571 4170624 934812 2660249
2147869 9311180 1887446 8945664 6231439 4706680
1793439 7355568 2640348 1477264 224917 1595783
1287296 486581 8498460 7955727 7603784 3700591
935729 651976 2087825 4730109 1850209 9872494
3903264 2105287 6131283 8520708 6394054 8966962
1158888 6715222 3328778 680359 6011089 2292594
2836137 4047804 4870274 666345 3906548 8640368
8610136 2199060 4098472 2518835 9352781 1507733
2668612 9815461 2253646 6327979 3234895 282835
572423 7417759 7460970 2014952 5042400 4126152
8575396 3272730 961514 3673386 318376 3509695
8267005 606936 4475492 6205866 5119590 3555980
8830317 269383 6745428 3447456 6119973 9651149
5774021 1384428 2752506 4623550 5852096 6578592
6713315 4830908 3480326 3045943 107935 8593329
4831623 821185 9005404 744122 2090949 633817
7678853 4936749 1880684 588776 4251830 8745844
7032240 6462746 4695871 8697666 7497662 2965512
3537406 7124967 1297786 7809821 6240930 3657971
1373646 3951846 7420634 4382922 6960071 5487467
29368 5221061 499001 5882162 1374242 4298405
4550575 8086194 8178433 6111611 5768603 1183223
7770464 5185245 7132598 4006661 7591309 9389350
1882721 8015648 7333246 514814 9508536 2982968
7295543 7021801 4580255 5347433 9370476 8139102
3213182 3295931 7976678 6393216 559407 9030768
8246843 1150078 5088503 397466 4147091 9411467
4787078 7425794 1356364 114562 39357 1055684
6525372 7366984 6360536 8031283 2500201 8944422
8154221 9514554 5712524 7516032 8586618 4352440
9718149 9203141 8715718 39330 2898428 2472671
3206544 1377248 4625837 8101829 5759818 6441231
4300846 1485254 3868557 7921778 5727736 2082742
1626604 7180980 6982444 3524570 8822060 2003492
1778566 5181899 795730 9032256 8238995 1044853
3318243 730810 2563459 736062 679316 4943949
695749 4747747 4527366 8883692 6908017 8662109
6429847 8423543 1607165 9919305 3730437 1014946
5075865 232442 3786817 3629782 5889428 1405638
7369996 6193579 381081 6712225 8260764 7716529
1676941 4174288 3138252 3580983 4783585 5029008
3877771 3564784 805938 8924607 7226029 979989
7555375 2742912 272962 8320335 7094722 398517
396326 1859260 1451462 9780784 3956390 8006552
7258036 9688461 4841382 1157821 3366066 4485736
4562868 3983523 6486982 6810836 7206751 2733729
5523856 2848863 3639958 6578157 6041534 165652
209007 6151257 3006413 2806828 6074406 3146516
1132675 9049660 9098856 9982564 6315899 6401504
6265067 1896157 217898 5131700 6322947 5095124
187626 2719950 198717 6320201 4361739 3242505
4493006 744538 5536160 7539233 2796479 4245859
6758559 3818169 5817726 1285809 9571776 7805132
5000139 4451207 3614054 1694866 25145 4316405
5386879 4580303 7667624 85478 545769 5310594
2515831 392155 6525915 8544833 6390531 3321583
9966935 3888805 1789517 9763907 8313822 5329867
7610355 3593441 6253181 4852997 3224005 2497729
583778 4979258 2324380 2412765 131560 1871740
1481069 8492760 2694804 5882312 933322 9781435
5574881 4407528 198769 225566 5023402 2404323
7719943 8213725 7427638 2496142 1318873 5682970
6015614 5236231 6137385 8284186 4084510 6431703
8063223 533882 1356298 5169895 9501699 5566511
2986213 103065 260594 4654175 7063764 7897771
626779 4084622 2955483 2008082 4189026 3906294
5131098 7384788 8570039 3848858 7133053 5010280
5070090 8087636 3660384 6641409 6397150 4895328
5734355 3196883 4408249 6263100 7819088 399439
8425137 404986 4905828 4632258 7239352 4920336
2143728 3065768 1149961 9529867 1869362 7234251
2727487 4007532 1047205 2231091 3153088 6699721
7861664 4214365 3400829 6346018 99804 1414063
1906126 6344804 3705915 5365266 8919820 3866880
3489521 4363678 6265534 2556044 3582945 3784039
9000465 498840 145436 3649703 1705129 4067284
3860318 5540223 6218273 6426133 3913922 2389617
3848123 3503263 43795 7708527 8401436 3604722
6998610 2079118 305182 3491764 2726131 894548
1214421 6778462 4145948 7283080 6040345 7505684
968716 171443 424587 7263165 3230625 2654247
6554285 4211960 2509236 9333544 2485699 4559580
5195790 5479993 2430882 1316297 1517143 5416556
3823085 5780994 5962242 2660811 5557433 1503826
3478857 5508701 7772709 9250887 2435282 4926667
9921336 6577238 9499877 8712588 5457416 3742478
1965030 6584957 272638 7389547 1154241 4189475
1095486 7665065 9593418 5745601 8295973 7246137
8463666 9898123 5261319 8729392 3459994 259351
1543442 8307905 4614009 8920761 3784308 7721923
4881538 7303397 1776678 7582569 9412208 5908461
5059703 6483201 22576 8688403 9351267 4932186
5143918 6433537 4626752 1772766 1565325 7892368
1910407 7733256 7212728 526571 787221 2537158
9665347 1191943 3117243 9240525 7169146 7149511
9128469 3044269 2800649 2550714 2508008 3850843
2412796 3512917 8252857 3684957 685897 1812771
7223560 9775262 546855 329133 3585474 7026457
5632599 9770675 6742580 6721641 7010353 6051051
509195 4354967 6516176 9239520 7917221 8220264
2791217 5819177 9314055 2873065 9559933 6306998
2131536 2593203 3925528 775908 9359970 8052408
9639510 8225450 7047359 5399956 3303010 1011959
1990302 9336214 7606469 6090786 3607926 7398471
406931 2406828 6033915 6749597 2041519 8153041
7334667 3173276 5595695 32592 893739 4866719
2498716 4350495 215328 4239857 8197596 992270
3100928 4856691 410705 8690171 7082130 8784902
9003692 5109238 1051956 5504217 7249217 8581006
613794 6700430 2211251 1915583 2466134 7153105
273082 5381939 551684 5772487 3441240 6186693
2456712 9606918 7331710 2180639 2901240 8952515
796630 7750445 1138618 6614199 2989858 8751235
6987766 1716759 5324698 7249013 7745905 6932280
7101084 1830450 5924059 7014688 9418797 4193308
2655468 583132 1884361 3062223 3966774 2815657
440586 7328440 1415450 4224011 6233459 7475212
1453191 6823052 2207997 2099441 4707586 9498772
7442388 3999595 3710572 3460016 4927817 749374
1828407 3024069 7636033 3619403 8671402 1610790
262634 5442023 188120 3138401 9525171 2318108
7068153 7734407 3783670 8322961 6173612 5661417
7335784 2763755 5483299 7849485 5795821 922853
4724282 5001643 7122863 6425286 9572300 5419202
482736 9195451 5655315 1134986 1233815 942705
5179623 6821183 8657038 9804660 3961376 791436
7287092 8314790 7297881 9889889 5031287 6973179
5715101 9119427 7825983 8049154 6124231 2164062
5266074 3978921 7228247 6713179 8895120 3669759
4487926 3837347 5869723 4768918 2655665 329719
6662792 5933167 6500591 2840964 3143337 9352429
7004379 7531124 8802378 4691863 562393 7481031
3624972 4834393 9970355 149683 710185 452872
7593219 2433582 3071219 3491253 5868911 7254893
3714457 8466443 7926063 4987278 5316733 124029
4921713 2518173 5659125 6968161 3227097 9098120
472588 2874137 5976090 8473553 1044775 8593107
3361683 574211 3416528 9747216 3088207 4060727
3699404 4338243 3127162 5416850 7175699 222083
7258500 3171539 64255 9245697 9126506 4676893
1426366 2017100 2214391 8678349 9770150 8044219
1821906 6656810 1607295 872234 9677095 7836048
4476782 9119665 1388807 4478112 129569 5294700
3838365 3967241 5378236 3865335 1287874 978490
6996866 9504862 5342474 5437041 9709661 55557
9033865 1226890 3747630 1299196 7047187 9027674
6378716 4683334 804060 5372308 7925310 6431397
2453431 2827170 4661147 5291114 940067 8056033
8833276 2780388 3041970 4769554 5407332 5159265
9298657 7561030 729226 1235901 1681482 265287
2701744 6384864 6947149 1551738 1838368 8450205
4088418 3177585 2072478 2361132 8099396 5446234
4490640 8466057 6041930 8946838 1411904 8460704
6317342 1705752 8564795 7286441 6603765 6929273
7013587 4264311 5819558 8588364 2000539 9486156
8298447 5142815 3001851 538772 2670563 1540446
9484247 901692 988801 6210941 1202696 7762481
5983555 6472143 4680992 7595735 278914 6941275
9117335 351818 6149125 2268522 4918558 9975730
1700491 5415303 9781098 17876 4538151 7574057
2630647 5500053 1177046 2586321 4062684 2956580
2444383 3951867 5795493 4501484 9462591 510211
7471902 106400 503056 802314 1302885 131622
2248280 9417851 3985396 8878283 9471028 1648721
3337031 6029925 224257 3026121 8838280 7255260
1759348 9466370 6363541 3414744 3580294 5702642
6585434 3397233 2409458 1724411 5151352 6327046
1145781 4615851 889227 5638913 4796619 4812157
9472674 898177 4112417 9649475 7769595 5120299
3588660 3752364 6029025 9528325 9249290 8032759
2732323 9418261 5113586 8540232 2742136 9996220
4146670 4057158 6526106 4800413 4216879 7905651
7722164 523869 4266499 7658349 7732501 4855177
759493 7698117 1233305 5412099 3553447 7940103
3142842 2109872 1696775 1243242 9826083 9827930
9673617 7057109 4147943 4376699 8992087 5733090
1213460 2605548 1873714 893006 1492243 739461
8286051 4672260 6681297 6206765 1927311 7245725
853799 5930310 6019862 1173847 8768831 1551173
6799453 7320223 5864814 7173482 5397390 632263
8299444 2903428 4231074 6698175 5126796 7159770
3757708 3345465 1531782 8533408 6444889 5126952
2981462 9866486 6205873 493844 7126048 8881187
1258805 6936076 182560 4451049 389442 3895773
3808068 8499770 8288278 2596770 7577245 1671863
9868276 4039977 7208158 1241451 2593562 8588815
6508386 1587875 9545463 9521527 2449057 8581846
5713943 2320391 9485421 892910 8192384 8902344
5345299 6305608 194175 6983626 5914677 8461313
449703 3848395 2513985 335301 2890107 6627026
8871491 1160937 5768219 9859919 8665132 2404911
7918793 1740011 7272924 7617058 3985458 5538173
9335723 1737277 4487019 1600714 8737106 8069051
4410352 2915157 307385 9385933 7251470 1271636
1477688 2884649 8125300 8746845 791747 8745166
6074829 6173085 8697768 2918436 650035 1288119
2813627 5854024 3655258 7080509 2974116 6452372
1629419 7728241 2320150 4656001 7647902 4177399
3974294 8848988 5111289 4444934 5924949 9974949
6319640 9485558 3909467 4496582 8382230 5780482
4279611 9171948 948263 8527758 1542228 7812373
6840404 6417287 1087241 3198899 8787086 2883081
4413792 7329842 9941040 3855013 7756513 9523229
8951486 6821686 5236746 3947900 4772550 1942759
3633877 1629895 248135 8722818 6598795 1164477
7378652 8317044 7471793 7874776 2800897 3802168
5504108 3101661 6186012 4507777 7815596 1230615
3090158 775394 61901 2228207 31141 8595106
33909 2464627 1729044 4386237 5545096 1560544
543735 331711 4399397 9005504 4893880 9912333
7564237 8117586 9818491 9922764 5820247 470042
5411288 6539016 4528944 6138872 8350905 4654851
3337216 4443708 9006089 4006131 857741 3997156
1880857 1405669 1598753 1653028 8688909 4134168
9435432 2992415 2771948 5911249 7331040 2469186
9402770 6498603 8207780 6273679 6943540 9698010
1412124 3167394 4955147 9591859 6816919 3492125
4066162 3895036 4113722 7074193 1049020 1101387
2554454 6537604 9473969 402241 7124647 3488211
8313579 5911208 9428677 5684322 487331 2827832
7698093 9500038 9207976 2059758 6736102 1852301
6447070 7063536 7500168 9308079 2594007 7690347
9042009 2288997 4588749 8106627 7586866 4793872
20446 2361239 1943394 1670560 3356794 793435
2995217 9000529 9373955 4719569 7960099 1032331
269333 5727801 2680062 2127314 1893766 7316880
4284149 2006403 7158934 2261420 627122 3985484
3601219 3246375 3943597 1783621 1360231 4835650
8899461 206952 8324342 4634804 5663876 8126092
884438 6027532 6143244 8414540 9064541 7735573
2478345 1727501 9103436 6467836 9038745 6866205
5010285 6914694 395230 7271869 3822478 5580462
7634938 7759025 1734117 7957909 8069341 110418
6849838 1211595 7640297 4538305 5820108 7753147
2707989 5634528 63925 4553969 1242876 5866233
1173636 5869608 2941862 9423361 9783075 8899621
4882047 7133383 4207629 7077392 6773336 4445537
4440419 1627592 6384473 2743879 6999865 7904851
6391975 2926528 7958191 6032825 1564701 7852945
95275 7940040 5907392 1350288 3759847 3404216
6802280 456315 5671818 4528996 6098232 7952869
2638599 8211577 7975949 2834496 3075862 935958
5902788 9772446 4438259 3194760 97885 4192516
1368674 9964110 8634663 2159073 8161994 8316348
7908042 5140811 4304906 5088917 9328085 1843035
2992228 3531758 3373536 803413 275111 6317020
8773718 9911422 5529359 8431603 105279 8788288
9928901 3557479 9850665 7022233 130036 1792255
3414685 6900515 7842154 1714875 9981614 3795736
4769553 4643206 2294321 7355469 6620954 957420
3647962 7549682 8883492 6132914 9842267 9544103
7562422 5099375 9497334 8121239 4421041 186462
8663156 2937070 9858830 9846374 2230172 4604515
8465682 885809 5010774 2512651 1674231 2427569
4000880 1277352 3550144 9577799 6033859 5631905
4022699 1418248 3290468 4571938 4783641 2555597
9904796 3795986 3715211 306562 9459811 5030660
2294920 5293446 2479474 7655691 3051719 7044544
3936906 4923179 2413034 7689805 8889787 5735144
5946646 1135311 5875450 6455922 2132033 8564914
5993959 7984622 9065516 3865429 4098540 3002792
6895994 4091217 8153429 7303232 9941578 8434185
889304 8159119 1425998 9980113 217730 6380784
9948094 6345189 8225633 6505599 5640892 1110679
3218871 6332893 2528461 7555323 8625292 3648329
6680146 3448873 1663952 5150296 4312602 1475188
5965144 8429491 1194906 9476682 759697 8960501
8891114 6633673 4981600 3978848 6800501 730667
4309146 5966532 917580 9494666 6507828 5786844
339281 9488359 2343730 7954836 646558 7765647
474331 9340670 5465924 4505099 623086 6492705
6770232 5739007 3846517 9950809 4014969 1788239
5185878 471412 5585491 9265132 7614485 9007219
6129078 9240022 9532391 1797793 3246177 2658760
2730749 7185480 6941044 5877108 4811015 4824243
9131458 8010307 7782932 3429259 9002351 1419026
3494576 4386015 6010587 8488895 7208616 1061494
6884150 4358336 1951562 9129341 4308787 6036416
201353 1074149 1873874 3336511 1825758 1406536
8233255 8676537 6094493 2807164 1774350 3437606
9551660 893124 927992 9022273 819351 6004662
4005306 1756618 1469060 4166464 5770555 3228469
2996631 7640183 2031405 8470897 4913642 8887840
707198 3601407 2876692 904628 5675754 3736865
2950368 5794946 6184549 6376396 5196003 325813
5324533 687412 2611665 2572981 8937235 6315492
133502 7861876 3538984 5946899 5124035 2552169
4567355 6034888 5303593 8645405 339879 4185574
9375130 9762358 3762895 7206653 2099965 8172942
560913 8647032 5217369 7191126 6071905 5024404
9820113 7628909 6560614 1143246 8841931 5083143
616804 423650 8702947 5715913 8337395 7051765
5348855 4760298 8477372 324523 6337272 9640866
8433271 4304963 5455067 1998974 7001266 5433645
6562918 8117880 8587446 4438722 2012067 290203
1098122 2942375 1789971 8514580 6126786 7495125
5991554 3424109 7192957 220450 8028600 9916228
5482626 3659217 1424963 6711129 1857797 7339667
9695569 236390 2309759 5576503 8757854 1766941
9569337 7821139 627643 1126969 4580327 724051
6495697 6178081 8411583 8412744 4617791 5395019
5261793 6834275 8633512 982247 4332968 2913163
2447908 8212821 6276362 5538839 6516347 3342049
4008682 9851789 6260082 1247778 4743153 1775676
7980443 5521618 4184520 23030 8945242 8305646
6867482 4864585 8843781 6468906 3724753 1850519
1504644 7069882 9041425 6029943 1449335 5023522
8706154 8713322 5903421 9396596 3128594 545033
5490578 4030498 1304791 7285594 7118287 4728538
4463968 5247918 1434928 6635907 432301 9096172
1210498 5238763 7889032 327865 4114765 9468383
4069382 5979002 4488068 4425843 4034194 9446465
4300623 7978738 8402454 1236559 2541624 6029830
5872254 8583847 2393024 3639487 4532451 4914744
7000855 9581887 7746298 4115242 2004937 8476835
415591 4868737 6637581 9945253 4819444 6210571
7134490 8378289 4598557 6435038 5327214 7149592
6056965 1064735 9996303 1858326 2984971 9139548
6326084 3227409 2706294 5405097 763652 1848453
6703148 7571010 706311 2974287 3327010 4532877
1722085 9954139 3974065 6011232 4010252 9165456
2808884 4355369 3159293 2191882 4102069 4163335
1431273 9437216 3256633 5243432 7582522 3467716
4918440 5142528 6596916 8606749 7789158 8777528
5770541 5010494 4105085 4789127 3242105 7248433
5504259 4160202 5051278 65679 4712952 5373074
3175526 45732 7054483 830846 9049442 8629601
5980254 4134202 9125339 8542959 3973823 1326436
8591820 1459716 9988488 7238595 8055847 8184481
7935960 3115335 2164980 5196536 240691 8999758
5060371 8019756 1113263 5910860 6687622 9941867
9112056 1365594 4724263 7883558 2067905 7536790
6413233 4087594 6093086 7967315 2626495 3654956
9652189 7227582 1036670 2778648 6197307 1782389
7259945 8265664 6104355 6866796 2129719 1597617
3208094 7978989 9805040 8054725 5770475 1029685
7516337 69394 7446579 9183471 9430902 2608228
6602172 708261 9391810 2451697 825362 3968253
2091395 9968645 488840 8510024 5544347 3013109
7963087 2281722 1822449 9330874 8650914 8421958
3837512 2245259 9235875 3126646 4675464 4088915
7731750 8358508 8317118 5063401 450977 2557101
6208376 468717 7796679 8428441 6176476 5489045
2390578 4808248 7440302 2136101 4775401 2161073
1108776 4698069 2434641 6791930 91637 3488752
9207235 8185463 1418479 9024621 5345958 7185643
3372353 3475526 6032797 5302895 4719947 2466853
5651134 7027994 9517667 7931738 2301647 5075630
5216430 9534645 6105246 6333404 6940295 3842666
981656 1701410 7469858 7074801 2017869 9977394
1654273 939819 8266870 4828366 5856165 2265514
1138621 7183755 5122758 611036 5056088 2700949
9456247 7087683 88300 4973448 6484967 7747407
2643405 3177038 2396422 7359011 1575500 556992
7383506 2873830 1245167 7575813 8042965 3644548
9715785 6297552 1457657 6055403 3648621 3780127
4199983 822768 1171828 7252153 6793117 5117892
9952871 4605393 4478557 3404297 6877157 9852612
3754365 6008208 5216442 9722450 4431395 8840831
7580972 4295262 9364319 7709877 7444859 2982334
1020346 3562808 9140790 1478210 895251 8758535
1243292 3400843 3439062 6308173 773464 5662199
6575579 5391252 6383920 7278529 7406139 6970106
6078435 3979209 5996673 1392555 3821447 2034757
8428105 9993334 1866156 2616826 8474431 9353359
4415807 6490106 3377908 8189493 6231806 3230308
5977102 8474661 3710142 5720021 2161004 3476313
6413550 7446191 5234743 9554243 3146871 9040143
2456910 302442 6889122 2394213 1631442 3465650
6985660 9627791 9741361 7106033 3050105 901916
6892378 8626466 4926412 4085702 1892366 4283358
2284291 8386085 9159445 3153612 1301427 8931478
3259963 358413 1818204 2520360 4979005 6375255
6800013 8873861 6846463 2826013 159915 8171989
2464236 2021594 4858664 9912257 1203832 6604015
3488946 8871069 5424556 2808225 8827642 3534538
8549901 2327847 5553825 951385 7269952 4760786
9880697 9303297 9001014 7957644 9134249 1273028
1647446 4465300 4648786 3366106 306019 4176243
4055453 4066365 8466550 6754422 1621465 9870771
9424694 2372033 7182252 2555430 9664665 2430358
3506921 451737 1530771 8283665 3970458 2651158
821429 5848627 1603909 2085676 2945315 856617
9170974 4506592 2887344 3585635 8264810 6738532
1955228 122840 8565049 1248313 8752772 4761277
5067988 1795478 706381 5683054 1526691 4897918
7578533 7325266 9638632 6570656 4450722 8682512
9742257 3363781 494842 1997628 2544676 4457392
2572333 1969776 1121049 7609932 7583448 7114873
6983427 5839058 4107222 443720 600202 9541824
3865308 2258608 1698965 6769493 3215677 2174980
1944776 5138375 4321935 6705991 4507143 5620049
1217985 2600318 55870 4204832 3843378 4901029
6243690 9957600 7578164 4107656 8675979 6782995
3640227 7458055 4212030 3591508 8699626 5687633
790695 7134813 6725064 96807 2705347 2192113
6983546 2972763 148103 8319861 52851 7406301
135457 5866342 7462633 5501000 6391947 4983129
7059002 2778595 1995679 9206192 4200030 642601
1963660 9757652 3582628 4915969 3129265 5757621
7962949 8353268 6438748 8634302 5915295 7372329
8894984 1121177 9894970 7863756 7221285 870615
4752926 7923828 9904748 171862 3972199 2809637
9320361 8139227 1066108 9228900 6532505 5921031
3691954 1584502 2934783 6082463 8133147 2947695
8609485 2067577 9843497 4390482 356912 1699582
967552 1501154 9951046 90304 6606016 5270769
5088158 9195246 5557310 1125064 4453266 6276202
737852 1791797 5785452 772991 5595607 4990038
4691513 8734048 1820763 517717 4942348 4330792
4437546 2812521 2988030 6947275 9254271 5153707
1027117 362443 7566915 8205166 9204310 2471044
2858590 9230057 1533211 5795339 4140742 7337258
363721 2566889 7131235 6658581 5344610 6341349
7162242 7836493 6471969 4853459 9698968 1622863
9878819 449835 6558806 5620254 5652757 3793494
2282738 8140882 9940974 403602 97946 4090822
8709286 2532686 2587487 3314408 7914401 6365550
3456826 8896173 4593306 4483504 153996 2375458
7199557 7778965 7467910 6646680 9785033 1417778
8681738 6173658 663474 5944052 8326346 8754474
5912237 7238336 3577300 7739716 3512600 5999859
7396283 9960118 2468943 3040412 7949294 2811923
3753862 3847834 9922092 106419 1396633 802795
7029557 5395314 295839 4183348 8420697 7873792
6325584 5636058 8355849 8523196 1721863 3924288
3427347 2765234 4206340 3833012 7402170 676065
2788250 5717109 5383573 8593447 7087221 193877
9906514 4159144 9829670 4655987 2892817 5937199
1495685 8575319 4777024 9860679 8914494 2931032
8458634 1728889 8817639 5703507 1414132 7876542
7644009 8873086 8238255 8544655 9613064 5184060
8605583 9920849 6445663 9246027 7318169 5679523
5419221 8436109 8308093 101962 4276834 4261552
8044122 1669596 2743240 2418650 7027511 3146544
9147263 3566667 3850739 1275307 5374378 5673281
1858425 7084742 4302976 7507031 949437 8214134
1955622 1361859 4546079 4645609 6050403 2971968
9491535 2249658 1257150 9097501 4441458 478385
4622938 8356672 7452054 4556086 7659385 9744535
5133301 5225359 1845575 5091711 9397391 6046396
1333321 7330275 4546471 772382 7387601 233426
1376546 7912190 7486672 93959 8146340 2914974
9715473 3398512 5619193 9771272 2927114 4777852
1889393 49762 9125209 3372354 6652369 7017705
8221226 7302339 9425357 4558440 2373729 5724078
6368558 6863911 1964467 8499682 3312287 8720128
8425496 8719152 4862057 1023723 7720954 6529268
2991712 4528979 210332 4537080 4840613 4260872
4125342 5362029 2298244 7067723 3202317 9347629
6921187 7960967 677906 7528765 2551156 85262
808069 6818106 5538460 1762593 3725400 1282428
950507 1215790 86225 6899064 1345775 4207962
9915795 865669 2328807 2595941 380641 2123390
6807373 3684146 2461726 5164484 433097 7011700
3425833 9300835 3661593 2616837 1578495 5351320
8042221 896730 6167996 4776795 215654 902848
990807 1229119 803578 8927903 3586572 3624822
4174647 7226277 4016253 8090282 7151928 2336647
7018821 4325245 7580326 8554516 721392 8867010
7623535 5643584 6385008 8526760 8336760 4424565
7620835 8333669 9637295 4734904 8856843 449045
8039965 5138999 650015 1425959 1605133 9151522
1319811 7879469 97573 8836903 989837 3206819
2995446 5335551 2148907 1324945 5598016 7253249
7770994 9487705 175337 7300985 7153259 4572070
4517839 2464046 2892358 6379013 1307068 5252903
3987527 9439742 8369434 3567208 50316 2012928
1686632 5592861 2720112 8428804 7234704 2841923
8769437 8786632 4653746 3178188 5531314 3001208
2275658 6295889 2735653 2384045 6963910 9369137
273707 738979 7985740 6077945 6908120 9141087
6259163 4940798 6572401 4844670 4849376 1550094
4837385 9428237 5285234 135979 9638313 5154
4533137 9342190 2253001 7333414 8531548 8366626
9918323 1339651 6932732 9891150 4103354 5011178
2517249 1603481 2475832 9000297 3293501 9311336
4027187 5608687 8684741 3579025 2169640 2293905
6269521 3924767 3937255 3103651 8340803 6103076
7715974 2139678 6657575 2730499 7850908 7621720
7116135 2940292 2207431 9619113 6159622 5568468
2208354 6368013 837443 1561222 2327420 3245895
9074262 5837087 6134736 5973898 6108791 4029626
1320412 954112 7172549 9959096 1063892 4606781
4429371 6814671 2998848 829655 2175176 1963675
8353603 9786750 3752572 4854112 1884162 353208
7103905 4408073 9449065 3116273 1370670 5801627
1456461 4708299 1597346 691360 4029389 2503716
9968339 1742076 6030887 2627949 1410087 6896796
449170 7157039 1876400 7600649 5189742 9344951
2569620 1378698 4192836 8873767 3207619 2540670
9493323 4220150 3952924 5781528 8869992 1700718
4580561 8204139 9583441 1370921 8502634 6355593
3009435 3738010 2785281 495132 861316 433099
5932788 5725653 8376662 6855775 4404941 4727123
8476808 9503256 9218331 104114 546652 9991971
1608790 2582693 1500679 9056675 1198037 9809239
8550791 4186811 2872083 4330169 8047388 3205947
7313355 9078249 8654404 5520806 4591213 1451731
6559669 2074488 517382 3759737 2940979 7481965
4164007 2637547 9815209 9225801 7304720 9366736
2482386 4476447 7657486 9591469 9762130 5919940
4854913 3952759 2539973 2976042 1944340 6674504
7561016 1602619 7678265 5170714 9542420 5326691
6072718 2956001 4912042 7766599 3544444 8472164
9474589 7849053 9641714 4018713 4892668 8560489
9994029 9324989 6882091 3505347 1847782 3570940
5548461 7721885 9316119 2734463 665892 638454
8911757 3583626 130147 3842878 6198720 1338359
9803700 8993292 3095126 4488517 3153083 4348718
4454693 4715787 932002 9185321 116880 1913076
6278226 836200 9060091 3979483 2982012 2619351
9792413 4055668 9754837 4107324 9622253 1820534
6010572 3338254 2290109 4273587 8854841 9960818
8342017 5631711 1650333 8303355 4215013 5899375
5465362 5505512 6171906 2533372 9050653 7131995
2638938 6363140 7605004 7403042 6456237 9829692
1578363 4932274 601613 7510796 4050464 2143051
1583521 5696375 9371039 1274592 8477944 9814828
2058609 181106 5860945 971184 843304 4485169
262743 7974871 6621186 3160715 8514120 7476499
6447444 7259041 5005015 2622842 1468386 3259112
4215530 8607530 6882017 2460416 2695224 3922567
9359204 831221 1581246 9507281 6719833 8518638
6528336 4190770 7027568 6357078 474763 8869547
1271049 1667753 5519836 3119835 7140299 8481366
3208505 8417647 6418153 3125114 1063351 6791423
7138036 8960679 4227988 6111926 7059061 9870414
2932811 9598192 7485881 1938378 1611980 12082
2903923 755461 1255038 8102548 6632379 4323349
448931 90366 6784277 6135467 1351792 9800633
7739276 1095694 1467230 8400651 9251910 4277576
7504413 6234089 9767869 4789822 2369245 7759153
4290649 416409 7131708 7157153 3424267 876570
1383665 9332671 55772 5507753 215911 6384837
7226328 5105957 1785268 2094803 2676182 972984
7145 1002568 7608886 4427355 8372650 5963366
8403183 4532159 346281 3208305 4433964 5377890
244213 8114100 8386216 3495884 3811898 6215969
7191640 3291777 6666099 5907707 4751801 2019121
9744860 2231523 879782 5082393 1174323 4145953
2492307 5409610 3557907 8794885 4782677 1366676
150266 9863294 2043759 1168342 8753970 8892107
530288 8175360 4898707 4677882 5263540 2101811
7998621 3730443 1294059 5569299 4903162 9384404
4306884 4099438 6250766 5589765 4682494 6141126
5083583 3320790 3357836 6200328 715997 9024353
1819983 1449327 3331423 7019539 3345617 3948604
4172209 6023298 4537807 7773992 5377419 6576441
7120413 5066978 6967983 8777971 7083771 7443879
2851894 6923008 506447 4173503 4488000 683239
5115909 4560501 5180799 5902632 6084758 5433179
5534270 4329959 7459362 5874353 2857899 3814212
8770388 979081 384826 7345454 1397089 8879863
4846596 6532892 8722018 9674325 8469351 9615516
9173143 6305612 6237018 5913957 3348434 3792989
8517905 7646479 6961327 2648183 1903629 8785116
8767804 8269577 9938540 9104628 2239722 1047459
9117078 1246059 2209079 3153770 7582 6104690
7059053 5506439 5525919 1626584 9326906 7955108
1961220 5441584 6091149 5565283 6729489 9779145
9196160 9620312 981525 3666373 7356448 5211419
6852884 6122204 9075451 1599709 8577650 3127512
8941322 5741968 4293169 7674559 557246 7223292
7406437 6019372 6298029 132327 8854904 7841995
8267070 6891321 8319573 9006219 686963 6462045
2693967 3202520 1540087 159395 9908467 2619409
65934 5450704 3889611 6997659 6300886 3885378
7029239 5459343 6928788 2398406 2685261 3584937
3661938 4286660 4884337 8867856 8158846 710116
3481115 9063833 765408 3139529 5399303 465126
6891845 7846665 5435241 2613405 8905742 5375130
1587424 8781927 5833501 1673760 7608625 5106541
3333680 408777 9718486 2412651 3103088 3395560
913206 5868663 4206059 4734635 5344280 6400302
1577707 3826110 5043673 829971 6678279 844634
1854000 6926404 51401 3424484 105813 8454220
8450136 4415833 6553601 1553657 810982 3903333
7751436 1988177 6678035 9777795 5534176 7750069
991629 1068464 5960744 7369848 2226322 9530639
6259066 2157210 2502385 9034938 1035698 5079632
331456 757453 2103648 4988867 9819760 682220
5055140 9909196 302963 1264266 3962514 8687255
6841959 9359549 5057681 302725 6983199 3356102
9722266 1799911 8291934 7293604 9838341 5609815
4883889 4484151 4700081 520761 7165417 7948603
5951835 9415198 3380134 1473968 1222201 53528
1799685 2762569 2168417 5995814 4722655 5624979
7447106 9727363 7105949 7273489 527889 2866773
4472958 5956341 5174011 9146282 9312671 9235786
6787698 3037852 919112 6493832 104977 5335608
5982139 4534379 2743778 2354359 5312431 4547316
5307120 5367990 8137347 5004152 8503040 4220629
1187684 3726452 7077256 2666954 9846497 110977
8503865 7610400 3956262 1833307 6047802 1209076
2774591 6805553 102526 4144348 4686270 8184348
9134416 5305852 2657591 6832809 13675 188276
2881200 5092746 4414932 2558633 1966369 5159898
4729426 9468806 7453300 953381 7958597 5586219
2158530 4120743 3191354 808134 7989967 2494577
1379345 4148832 8486576 1534702 9579768 8506878
4444790 1162772 681720 9952999 5869736 3197187
1563038 4354875 3712776 6888980 9785753 4753751
5696045 5945232 5644031 8796364 7103881 6578996
3755775 1821210 8846955 4516306 1985817 565526
4992993 8326281 7315885 163014 5453464 5864843
1701699 1346498 5512978 5908054 8113843 803596
4478177 4776426 3599069 4256113 9390343 3603722
1873442 5269550 4334990 8437603 5112089 2044734
6850545 2582981 7044950 1907579 7778926 7758557
9659922 9928483 9176954 116194 4960005 7543454
5881301 1400024 8901410 7847933 5187280 8439254
9240773 9787990 7831389 4840434 4318186 2327454
2979926 9499661 2430867 5243233 2642863 6716267
6230535 6555390 3214192 5271150 3312468 2870483
8819892 9794120 3567572 7754420 6248132 8185359
1626642 4361983 9816421 6055615 8374812 7990319
4702311 4025508 82269 5895735 9196829 5324098
4213345 2010111 8264794 4717496 8927652 8279264
5327690 4416688 7285619 2460687 3885658 8404615
4329262 610150 8087555 6030927 9028041 5393160
4871682 1486353 3539858 9646029 3213792 9956202
2511033 6924311 1124849 4440548 540922 8617354
6633997 334800 7358560 7890093 1057805 1302357
4605688 4102396 866467 5288307 2426729 1831443
899740 9165955 476325 1411805 1726352 7764661
9902763 8671383 4997467 4689109 1024053 7710476
1784240 4567316 8796318 8308592 2206462 2003340
7154414 887142 3875765 8668264 5826689 3550857
1046054 6439169 9552345 6785197 1425238 4925645
4526693 9583374 9059623 1708414 8746289 4047836
9479877 1099227 5197959 3360187 4537784 1869538
3619887 1944888 9310747 9648083 6105852 6490489
2506038 6297096 1895933 8863126 8133892 1539586
7955677 2231475 3339266 6925467 365751 5287182
8212316 3117565 7246144 71821 162416 1440678
8650853 75825 5821026 4748482 8828715 1107234
6805381 3794227 6349358 2006226 5048376 3881800
4240110 1397970 333316 3061856 4279159 5128142
3029711 5663566 1449482 7520036 3752736 6514814
708570 2554409 733476 9910776 5147871 1420218
4623394 3548066 1782472 7870069 997230 6030026
669462 7757556 7468381 788698 2057745 4339665
5190228 5949451 7183098 9457465 2685357 8967780
4953865 5150460 8838406 2118002 7042109 4498849
9991196 1130816 6323089 9306212 4039911 6274305
373758 6894604 8646355 4929139 7382832 1500310
2099327 6370041 400740 4303290 2392393 6521602
7659760 2241012 3605820 7109816 2329808 7803285
9331715 1251105 9869052 1765695 4956911 9997411
2581812 2505391 6505956 7283622 7878872 9866414
9706937 1363249 3717645 1194075 414940 5163141
5693309 261088 8566618 5682787 7358137 6315315
8567040 650575 2758066 2316803 4458242 4801096
893028 2881379 8801007 8519803 9974497 2788806
6405253 8608062 1937693 8648944 2347326 4877441
4994354 4815704 8491168 534325 4596352 1029144
2803957 6465684 1826072 8442679 1416506 2068719
9236667 3648927 3892967 3553736 3198654 4306335
7239345 265009 8047149 1704859 6390594 4997493
1065406 1187134 1388752 928839 4788822 1806877
3225448 7044365 7913762 3689177 688433 2542433
7824146 8032715 6054223 1728921 9512845 7992557
2975024 2450349 1464872 6732288 9283136 6325569
8895838 2851516 5409407 7631357 1409598 2082317
6830291 3289495 8425110 3493675 9468919 3409218
9640391 1875118 1676862 19195 5217231 4372141
4154957 5547490 2960494 1350534 5729589 5165939
8252111 5510423 752163 54592 8729835 3940244
3532620 4333117 1903997 5063183 2033000 1937305
6397469 5594090 5634766 5831444 6858885 7398937
4117322 4330471 8563795 2645005 2088530 7637727
6315694 2955828 7233118 7092731 2577331 3735646
3365074 7545304 7121927 243468 9379246 5899175
1330154 6775699 4559660 4484866 9961054 5135801
1505220 4577208 9842118 9739557 3621725 9623140
8737374 8323512 8688605 5561556 7233212 1399117
6602144 5607106 3421892 3114436 3738897 5774006
6707125 6439889 1755786 8168351 1698108 4487695
4815378 6154001 6214843 9735591 4501290 83185
2839277 9632455 4369417 3427994 1139785 7511322
7795608 6576137 9334102 7609977 8355357 4253818
5047041 7803517 312092 5722809 3641323 3772140
2477282 8215717 3036801 8785654 7777740 3521164
3380014 3336868 2879099 5354422 4924179 7467724
3408296 9001782 3822222 8605419 2722279 7600756
7029700 3174149 4467320 5910570 5318827 7162760
6439903 9097147 8084531 7501968 3121310 3894591
4175602 9092569 2512677 2442703 7258308 6285572
7046383 4053623 1854714 848252 47979 7802916
4632222 2441185 1651958 1866378 4201680 9353574
431596 6441621 5081238 2711336 8693108 467173
9304819 6566711 2896889 5874041 2345750 8680592
5436633 5878046 215558 8984508 1178819 5831609
4955047 965593 1743473 7536649 1559035 8668655
5746041 6181447 3126170 6664404 1278347 2877642
5510802 4573524 4895467 8730956 7070371 6679688
8813352 1464266 399460 2045503 3137884 691596
3388683 1172342 1707872 3174122 5411619 4169932
7587357 5647714 1262365 5820348 6911331 3236087
7610100 2894946 4882585 6412582 6965295 2511661
7341003 2640414 5288364 19247 363239 7772226
3785125 6705676 8807674 3535869 171155 9714553
5432149 2909543 7827708 1051876 4147966 386693
6960782 2571919 769827 8956237 9077046 5630633
1615276 9690453 7662193 1659379 1120855 4175425
1797102 2400769 4498971 7887799 4704499 497469
5403232 3369435 809102 3935646 9388996 8705943
5362257 4051487 5476559 1547812 388198 4001787
5408378 6558224 8746980 4495891 9451799 4393375
1741833 8384765 3563367 9657730 8403970 672785
110032 2125746 5584820 4632249 1738767 7770385
5215581 7544350 8205043 7330238 5648644 778530
9577591 3025136 3182922 2063884 3593980 5025559
154074 67464 9302254 3660405 6251000 4562631
5428445 7301210 2948969 105595 6145965 6319734
6934102 5745501 4965465 136317 3825614 7263250
3121122 730008 2312720 7706173 6332230 2843848
5796744 8078140 909579 7968450 4918300 6426663
1210453 9677948 4790785 8537808 9503656 8336506
1370530 6449626 5874745 1022188 9203804 4437556
4821415 5109986 1398384 1885309 396136 9903142
5813065 9441274 9199521 5919672 8942761 2863971
2712838 2447900 3735233 6458406 7863661 8172860
3653052 7459994 2382910 6522306 8895142 6468017
1528948 8396293 6241845 6628958 8765786 7375987
1388504 2098934 1526203 7875164 2884757 1222244
1445464 3911434 7682003 1006437 2155384 5477026
7227141 5290780 735186 1926813 5824970 7055755
4601273 4912124 8585964 7701885 7369136 1743809
2054645 8299109 6214843 4930366 356360 1999843
3661297 9184106 675487 1823533 4531168 6843827
1337768 4837673 9563143 2512989 5012941 3952227
490857 2646614 5304610 6905883 9295164 3604361
5732830 9602135 2571323 9186089 2027685 3853661
8790023 3686619 4729797 9782394 5820518 4585648
5007400 6515097 3555074 5682160 7345140 2971278
4801538 5403608 759612 3891359 589045 987296
7492612 2088283 9899182 4633737 7211028 4722522
6439199 5148761 9003945 2610481 9197536 754225
9428520 4475207 7156421 6821826 3033510 844548
2114029 1555373 9017154 4977494 7505588 8497844
397152 4808697 5301473 2333331 2104345 3891556
2844749 1841471 9013089 1584026 1693476 9939401
3954478 4156285 6475591 7275 3343195 671757
5581702 2396919 7317561 2800848 6253640 2869932
5814856 7979712 2370097 9915063 1777329 9033672
1970141 2515118 4582695 1401338 4236584 2402330
9421048 4105867 3044416 5112389 9765732 7356065
1741135 7844493 2781731 7217020 2867347 8877224
4368957 2106753 8212178 8345397 9395791 5108669
1180282 7596303 8555057 2431541 6518475 4124633
1521458 2929685 64141 9979417 9613884 9178358
5356706 2553139 9919701 4073260 586227 9237327
7627341 469313 2631186 9961496 1059713 8409146
88201 8597836 5112364 3492872 5546105 9670576
821493 3624744 3119326 9474025 221055 6640280
3847273 6989507 7587391 8919782 3590930 6836046
7291923 1761718 8230609 3603373 1860314 314207
8957523 295697 1520526 8974850 718056 8926478
2477482 1218786 6536590 145910 2343339 7920639
9012269 8028585 7383579 393564 9157923 5989140
6059031 5882680 2332084 3279420 225986 3596720
1649936 8707558 6878383 5795139 2669572 9297995
178537 6484827 6737521 4798156 4535349 5250408
8150050 1846643 2906687 4192848 6996542 9002269
103689 3701363 4646167 9666752 9907513 5562344
9452467 6898359 2603794 2241469 7544341 5977633
7982123 5678102 69711 7923805 7324914 2010498
2048094 6682343 8549214 7238595 9967373 5858512
1183117 4214112 3493235 2133171 2243514 7311280
3082452 1866183 8886137 3329814 3175730 6524623
8950553 1983183 8800044 1316038 6342672 5771213
6694200 7937068 8940486 759888 6816032 8857247
5180697 226244 4521729 896189 2144753 314199
453055 2865094 3733989 8787654 8483634 5693400
2069108 7319295 4654844 5292514 9159016 5678157
7091496 4652308 2502371 3545087 8973252 5341730
3210453 732055 339670 2778000 544394 2030305
6918026 423229 7398079 4635988 6952474 2017269
2789551 2186262 9721430 8571938 2876759 310636
2790633 162898 3499549 3106644 9246929 9023376
1116368 1401686 8778051 3262328 3668392 2163724
6354875 1635609 1252992 9179998 7685736 1412697
9974528 7675054 2320699 1703684 1869628 8060405
8295321 7433120 366821 2637575 2502962 6972754
5956727 8519557 1775549 2191735 754453 8810353
1842181 103808 1485126 1316294 1661632 9142708
3252254 3655697 6754836 5234355 8281112 5316865
764277 3609552 4500525 8308732 8597409 5201705
7989937 1086949 8293269 5439143 4811322 1813809
8656555 8478793 8898723 1805296 7305601 5148834
388174 4163140 881155 2442638 7337817 7581927
9927571 8658234 6013421 3177991 8451429 8213931
1305568 3060965 9152007 5049956 1873298 8893410
2472229 7647994 9922147 6573843 4201798 9667504
517084 6403037 5292486 9671316 2659738 3182838
243984 1446957 6350096 1606002 4846180 4117972
4435709 8321638 6271734 6918597 8381161 9939175
9188283 4811946 2635520 79338 4133574 1750357
2661801 3606599 6605495 5312 9333067 9657606
5226686 3814331 9961342 1213651 1925554 934779
2289441 256254 5998495 2830583 2934006 7004472
1863835 9699566 8214785 5034035 614246 3551659
2621676 5553631 9266832 9982972 7385559 9389852
7031983 437745 2269462 3542129 7009515 9053139
6577343 238671 2113890 6692489 6379316 1031849
4156630 3222058 6396084 5336954 4629156 8124907
3940679 6357700 1877939 5631048 8215503 4434008
3535571 7627766 2992353 3053836 7383636 3779436
390774 5243714 6428771 571489 4181667 1487808
8665316 8747312 3246739 6945356 6253239 2695334
4890581 5171345 3320250 7182936 877404 7392187
7155575 7284721 924474 1141925 6042292 1027859
7511912 1400935 2222242 7835453 6557 9381748
6060785 3523507 2855034 8334453 6301715 1135601
4603077 3585140 9040391 4908275 6671638 5881843
4878167 6995323 104460 9182605 740466 3044157
1113758 6352635 6750361 5600165 5898260 98915
2854961 9248848 9201421 5400912 3059577 2780731
9265566 829862 8740755 3864990 884570 2729732
9840299 6556128 8869630 2184648 2579858 7292263
8351796 2247299 613083 5042631 6263758 9046969
923398 8329307 660469 9178084 6721695 3653921
2631386 460620 7625246 2756119 5479492 7052866
1934180 9202165 525563 6259659 5642709 5841775
7141088 1013176 6110752 7374727 9342305 4184337
4174526 8929110 3772777 9458097 7248368 3650961
9485832 7812330 2985090 154452 4477513 4730269
2120261 87481 4108167 5086834 1233603 423950
5104486 7084180 1076635 1816763 250467 3377693
6766700 2092137 6604590 4771307 7901542 5250581
2936216 3548671 8987002 6476131 5003557 7792584
9881144 3173289 3212251 3974285 3270286 7667161
4067776 1779727 4724651 5795294 4139397 5555228
1733607 2054253 9779573 5686801 2270241 2258125
3107702 2357763 8678642 395083 2691397 5156231
7046371 4714524 9910787 7734508 7218235 928842
5743267 5644130 5083923 6315583 5205690 8060314
7211699 1130200 3813893 3409474 7748986 8470739
8653042 971406 7952739 1049361 3037700 5847289
5471007 7249414 1278429 6728876 3368429 2645794
9113941 9486060 481891 8056019 6927914 8555762
7756374 6333268 4561492 3795809 52026 8495267
471305 5418023 6848563 1719258 8475102 1140040
8444231 9698227 4608776 207903 1742041 1719991
7203492 5997009 1676823 4063498 2263500 9968820
9650412 9014390 2275700 2438128 7201642 5719629
7578422 9155680 4202286 5258130 5653099 1415718
3909247 4857232 919379 9457472 578056 7619677
8998725 3751749 8774312 138388 8284645 3670201
8037018 8906038 7744019 8761900 852527 930905
6878938 3692876 4069767 4592671 4145396 1037636
6219567 8033176 8216380 1128934 4140836 9319421
6937754 3186100 4045128 3193057 6298655 6884808
800611 7746019 5418952 4057146 5064772 8511751
1194508 9512024 729745 8605498 4401110 8295604
7975610 8816522 8303152 3271381 8379192 1960223
7345951 9316576 711836 9881743 3237904 2544880
9403296 7869791 9610913 9454890 3200634 5098544
9625073 4843960 2607382 859210 7961288 3106507
5511952 2821792 8628103 5558015 3398162 4633372
307890 7614068 3632066 9920776 3153323 5324313
1016269 3666373 4806908 2084904 5847106 6982078
6172972 918868 4508115 2874072 4653849 7194981
8900838 1739617 6311390 5631201 8980424 9557149
5688221 7116399 855233 5196645 7759428 5557400
3332120 1787936 5918413 6078464 9573852 5623836
8912813 9482519 4716467 4286599 8438621 9534260
291635 7540168 8996854 5625304 4686238 7042419
8598392 2637879 8167942 1433121 6657176 1658545
8321982 4676689 8633643 4074916 4232555 6036924
4469079 5819623 5906944 9249508 8752784 4059170
1063664 94508 1345016 8884278 3961258 5171330
2478514 4614239 3300995 6777129 5339565 1440255
560295 62917 2430161 3812814 6598252 5121548
7389457 1898998 5130759 4259868 7756482 4897162
6990192 4837897 5249964 8679543 9817519 2618997
3627316 1042127 8787384 4937684 4561639 4591730
5697402 9714113 8676621 2996612 8954607 2042937
8357549 1544852 9337123 7193387 3514621 4169638
3606762 656265 9221370 785395 1860050 6853785
8928410 6803796 2338025 6447854 1894086 9123361
9921365 3798970 4796719 681998 3149812 4297438
2652871 5622610 5501277 7838431 8115411 6884139
6444927 4392845 2944390 3087822 5902318 6211629
5560038 9796804 1323276 1080326 5072780 9161254
3397626 2841920 9182076 1933599 6009273 7757843
2253704 9249548 7820027 9553260 3075246 5155636
7246217 7675551 8395040 5039685 4540516 7892010
8668360 5768331 2540853 2337231 4340468 7467205
3909394 5840588 901477 6126396 887815 2097281
7800085 8841038 8726190 5635465 7284371 307891
5115362 719272 9613337 7743433 5584726 8865863
9064112 6891667 1317598 7788754 5841604 8226767
7816589 520353 5256288 3431265 2411966 9304449
6620401 1060395 8501452 1714871 8024204 168685
6856366 6127308 8361732 5722745 1753175 4234208
6429446 1610751 391180 8087148 9924322 3821244
8278673 924926 183604 3674989 3273119 7448801
6149606 6120640 9998983 2674709 8309807 367461
6840993 4368819 6429072 9421740 9015064 6223975
1806438 3400490 2695067 9444652 887067 9457418
504130 3341366 5138491 7083390 1359307 4230853
7835586 9729440 596030 1435043 5152592 1487039
9120844 2945411 7787276 1052651 5565264 1903563
169701 4181656 7817500 7994270 8881751 7384355
7805136 7007705 2595687 4167204 6280709 6523831
1126176 8834020 37858 726186 3170858 9931752
2310309 9066216 4761333 5768130 4839123 8580366
9771430 5405949 9216226 4942032 300896 6069652
8436699 753787 7835225 791503 9274950 6705411
1639917 2509859 4459614 7754135 9278253 4351601
1635165 3668381 3448731 4072198 308866 6318571
1449180 8394657 9774552 7855523 8742342 6499048
7142230 4401571 9342533 9237134 8222840 3475801
8168128 2863103 6706809 6526034 5730505 5526922
8688606 334672 9559070 3332446 9086268 660999
5472137 4556173 9787962 409732 4132964 1170741
5131634 5699232 5097082 2897655 3492851 1906239
6295100 581175 2011444 1336177 3649273 4873379
7362878 2402782 4287019 983812 9586006 6415150
7644792 5109130 7937876 7921809 5383592 9974194
6759501 8116733 9308388 9113553 2383385 4186169
6711085 6732498 268606 8171791 4105500 2523607
8378718 5270473 9370251 4800569 230934 5149329
3515477 7352428 6685399 4685690 5969568 6683486
6373979 4488325 4970166 3372812 2764940 9023834
3232864 7209825 315639 5122888 6138153 5376118
2597850 7181546 8197790 7825275 4625091 6916775
4604773 9191086 8297282 1763411 2605093 4315533
7044898 2844222 4878195 2788546 4406331 8031164
3288794 2073811 2147165 2624902 2739574 7895060
9216002 3338273 3967557 1244771 4938927 6895675
2207968 3255830 9132320 3994133 2202718 3049388
6951539 5690202 2727337 9768624 80917 6778481
8386204 4610567 1883231 654633 6327914 9920717
4145638 444317 2803493 2284475 1834094 4064342
3228952 9972948 4441972 302729 8609272 1286818
2949217 3360001 4252159 1401606 9555443 9349263
5183212 3050764 641503 1828807 5837007 8716129
5303826 3520170 1992893 5368684 4238698 8129006
6011829 8561369 7010359 4046840 7099133 4494609
4092181 9923493 1421735 5067977 765181 2229770
8607415 6648809 7080929 1440519 6819406 6720916
2526321 6984597 5055124 2533967 5471420 3277149
9279214 2316830 4607309 4087363 6980648 8313923
2071448 7860268 5734250 6312966 4290900 47903
4276458 8902377 6260867 9757549 7309424 9631949
7927528 115235 2285583 8411732 3221392 9188198
1635200 3863307 6700763 5271977 2842362 7254101
3073881 3477862 3089949 3733210 4767625 4782302
9887299 4818 2942845 3107812 2996529 2904912
6495520 2294449 2357908 7033025 7164060 7917029
460048 2768771 9675172 5423174 4606439 5356185
991565 867481 9095438 5419111 2452163 3117340
1613159 6799471 5017905 8480149 3239084 813038
6957954 543248 4134751 1478564 9870250 7304606
6689104 4819716 7118706 9380670 1916212 926943
6830289 4602175 6699247 8783734 4811928 73590
7578928 7650706 8871422 7733763 2741645 3900144
5686864 4468188 7552655 9825504 1494652 6197057
7887007 8015370 9055364 1544870 75070 6620811
3782277 8981483 2898521 2370565 8734070 9786723
8237479 1610894 8951268 8168495 8588821 7849987
6418093 2829425 1987542 4944315 901220 5588377
1941615 9224190 7801603 234607 5791700 5402061
9751951 6863599 3325063 921648 1493663 3900841
1871578 5285419 4527104 78435 5001456 5830445
7175068 5208363 8916636 9084699 9496284 1130750
4948875 7518369 5879366 9702667 3407411 8665226
4209514 2942692 7114150 3466987 9603254 850879
8819208 3547670 3189783 7496459 2618614 1870470
6461659 7315830 117230 5050427 6296916 3303402
3322883 6339657 7827968 6157097 7769246 5692857
6671740 2856916 9727905 6670852 5285732 8273331
9522694 49284 3456188 4659837 6712133 8550971
6786691 8404590 5682164 3676224 1259226 1453786
2640661 9678609 2589749 7046165 2623039 2180454
1013520 9898447 1221452 2575964 6379783 7067753
837258 8052416 5173445 1421293 6795246 6746338
1122974 2148356 8261937 4916451 7973764 2569329
8414282 1801822 603696 1566258 8263736 7892325
7621237 9646658 5080431 6374181 3516435 8090637
3103107 9625575 233876 7547451 5657332 5387284
7051878 6946730 3669500 6388434 3822579 8659717
3377525 5365397 1609344 8935826 2553250 9110870
3191848 7724210 1704844 20419 8631883 821217
1576757 9447261 1634711 3329126 4954727 6733125
1987322 4463076 4535980 7082808 8318185 7169671
6512461 3575522 6491024 2874653 7864572 1027034
8899829 2025847 7979243 1943979 8188732 2898338
6282981 8685410 7093408 5969560 3182333 5792225
6385792 3082688 993692 9412658 5970693 6210070
3752572 3722752 1992002 6936375 4401112 9359502
4123736 6294716 7047212 4439673 2423365 8977727
2619846 317195 9859637 677809 1120589 6606035
2841974 9632778 1258528 8736373 7046145 6269317
9639716 6017761 1280742 8743755 697016 5235496
6175978 7099802 7604829 280953 9122081 4141820
9035032 1963454 7624735 8619740 7820243 1894015
5851125 1843308 6262044 8115680 3349714 2865138
5932588 5707983 1962098 4387656 6570684 6337914
4951541 5016198 6676607 5722685 7296658 8383350
8078760 5379981 5597700 1811715 8263694 5323562
1372898 2338892 1195113 5717816 1642777 9157135
8981299 4222234 1812535 9364513 2885248 5202836
7272 1524035 2668047 8415604 2811166 4989032
3273397 1788321 529118 1266914 5329412 4105882
7465213 3312346 4666795 9241384 540979 2440261
6296314 4039409 3579614 938481 6742782 1010821
1670024 214771 4065205 2804963 5406357 2348449
4525379 5587028 2130950 1473770 5715412 5772622
5715302 9663155 2568814 608668 8538317 6475372
4794444 105984 7009480 7089231 8252603 8330430
4490339 9739915 3681254 9372273 3068198 8845838
1623222 9068791 4781253 1657226 6745580 2596395
923826 468434 6381964 8180669 6741534 9742384
1974932 5991442 7596934 8894172 3526082 877824
9871447 5687646 5501092 7104241 6144037 6636797
4001341 4580793 1962167 5734775 8314624 5666441
8667194 5153106 2518829 3285111 9850548 6646621
991369 4058076 2917575 9972419 9684841 8069883
93407 6613775 3364449 7267095 5114298 2261160
733495 5596166 6213833 2803430 9500825 7380551
3344746 4518980 2924753 8144455 7655884 2164786
634227 5189051 2153809 715522 9513474 1588428
7223554 8689820 6140894 950313 7902803 9468005
7960248 9899028 6002805 7431208 7010834 9530262
3272348 6734245 9466495 9701007 5001279 2718458
9452608 5863764 5652280 5138278 9940365 5331567
3721867 2846914 6402191 752788 9338191 4495789
5916073 9377884 7100301 1776021 43541 6424477
6120266 9783182 7693362 6745827 4843181 9601797
1377746 5913537 7508145 3394491 4872107 921639
2698291 933220 187772 9435351 1262914 3649709
5936148 2085276 8749455 809326 7228445 5055889
3065814 7207460 560836 1507015 1515134 7632950
2429961 1496327 6690704 3042017 3580740 5218097
5025095 2706781 1020583 6050482 3760532 4026827
7823422 327376 7974806 5480552 8054497 8404971
4308017 6480722 8114970 3450591 5839872 7958264
7675021 5310940 2554736 2637473 3680013 7635721
9040960 9870730 4398402 9875195 964529 3375780
4230934 9656274 7352480 4969674 4410255 8556132
2629126 9885665 8324743 4722627 2985904 6901069
7081082 7585261 9152962 2155865 7198998 5034412
9517979 8979369 5656454 8732439 5366995 8269799
2663361 2387621 9026768 3384861 7009522 3889801
9628425 7948226 9362846 4599026 1249617 8398223
1052491 9338342 2070466 9558837 821465 5954207
9633520 2952394 2325036 5653666 5556391 6094751
8482758 6885095 2671732 9363990 357216 1985160
7719325 5498494 4289278 9082680 2306313 2022633
9529364 9244264 2876143 4434942 5094202 5037677
7538222 2482055 6335644 754739 1103374 7860655
2963945 9959141 8157904 9702247 9098918 2414601
5944763 7009694 6831230 2932016 4902103 124427
1218069 264434 7591010 7377686 6879700 5751122
4108944 1969810 7032029 47832 29473 1577201
3078063 5198578 7858191 7287358 8115443 3074335
9759107 7728018 5781721 4811076 6400044 398074
3827256 8017078 6399575 1874677 3137917 5296619
5191403 6597348 4342160 2751716 3216872 4829767
7446667 160536 5602355 584521 6645795 9133563
828626 2916113 9929668 6580702 6624183 3900339
4556409 8657404 8894250 3756895 3172909 7174084
4342705 6406993 3864390 7192935 3550429 8862621
9351546 2234267 8831893 1735409 4856429 3432125
7235040 326347 1981706 3028423 9840691 7954907
7471980 9174585 1082223 6648158 3982450 3483931
468405 7246553 1392895 2499236 7318267 4480513
6402368 1434507 3424438 7168076 8409010 6809879
965377 253731 6610106 6739733 1232974 4411528
301669 9093216 8059683 6497543 9345662 6297836
1918633 1527985 8816712 939343 6284915 3998323
6091861 7694547 2424542 380459 6724529 6303876
7469726 6852310 4915999 4351380 5333041 3421921
7686 66964 1917337 5171827 2063046 9586959
1344800 732246 7941611 6670695 6346488 4889233
5424247 3970862 7900891 5095059 580602 5790281
5663800 5463025 5149592 9426114 1076214 714462
4385336 584918 3529201 306230 9270007 4380663
9495528 5950289 3760175 4637761 6489856 9278697
4380498 6746805 9464939 9229753 9594543 5552668
6056712 9421166 1348059 7535309 4956211 2753667
8402984 2374666 6271707 9125717 8687579 9870016
8272329 581571 8990749 1202874 786491 1478128
6057757 1038570 1462239 3560947 7175166 396199
1129058 786485 7481006 8622193 714560 3833797
6325342 6434047 5868481 9596923 3369402 1655048
9366402 6850026 5628706 775534 1903245 6895340
8108955 369810 7262709 3890159 6365431 5908284
287947 3177624 5960313 7986811 3171995 8555973
4090429 2495765 2245999 951860 6406251 4169725
5272661 9780791 1660106 2437910 2800375 2253532
4001534 8675406 7212169 7335701 1836471 3936464
5849421 5282223 9135324 4566899 5451991 6805355
3133489 7238898 4421053 1572721 8334245 7536936
7873483 8338530 3262052 7312508 5506493 873636
9409048 8414542 443775 1458981 5502873 2122454
5235233 5671045 7569434 5009177 9888625 7690025
8696114 2952246 1341152 2023848 2137390 7889772
9420648 9523530 7043773 5440644 7818370 9167352
9748671 3699939 1446545 4123170 4564426 4461845
8991480 6689025 3168913 6338533 7926653 3421929
3492689 4390440 9779349 7012870 9331665 9780945
9235921 8124312 7350273 6731028 2876606 5381999
6195783 5849634 6201140 5372279 7891860 5982963
3829862 3968404 596171 1276422 1710309 1802933
675908 1112063 1106618 3107589 6017696 3199600
4521111 2357581 5025593 7919223 8531159 7746950
8110422 2407778 191865 7262828 6204723 9694058
1817079 3017642 823333 6064546 7927386 8714791
8260705 3619200 8797165 7185950 2508670 3958248
2825757 2216266 2680130 7976415 6336961 8219601
8674327 6128331 2106615 4150673 2209916 519024
356405 8276559 7318475 8454190 7261857 5484081
5791098 6567034 7763681 902113 9459343 8692666
979600 4611362 3184676 2391827 4846884 2398496
4402434 7335161 9848910 1067344 5093466 6314893
5066819 134006 6070816 1972263 8588500 76391
7587442 7666406 807726 304308 5708140 9650827
1396316 9806515 6357343 3313083 1394851 5941636
6194567 1923644 2756922 3987464 6996815 1725599
5034925 6282499 1281447 9708119 9748238 4874754
670113 9289061 3183093 1003582 3387370 7127850
9413265 3818835 7978533 7687289 3314670 1792937
7884940 675291 8903222 3533849 995510 5040369
6041153 1089351 5940310 3907274 4872776 3169821
3557970 1079354 3137191 4345217 6937337 2306001
8794943 7879323 7918168 5932971 9634194 6419078
6467733 392733 6419144 9229492 3899818 7576016
7963102 8507277 8608973 963985 6102524 6321523
2822376 1501075 5286988 6241078 3666965 8658886
8934444 6762839 4416284 13272 7445612 2308015
3990658 5068047 6881497 5672532 8892346 5435346
3874769 1951968 1041097 2484143 7066116 602777
8621224 6811660 7189533 8364293 5944172 6365498
4560847 2593984 4976830 6815668 1522840 5436261
7019012 2553865 4212358 9259281 6998526 2871355
2002794 6454461 2947121 4111128 5238833 8831770
694519 2290569 9614931 3173627 7089216 4150555
5280426 338233 4434959 4684211 7619853 6855304
1469352 570151 818666 8050785 5452424 4851627
7331185 7174990 3545206 1445235 8653520 6338480
1222988 4615487 4953442 8169741 481349 611655
7655655 4510096 1572826 8357763 7669774 3653602
6750567 1387220 5504767 826275 1535241 1184607
1001302 2334800 4934011 7357053 7789928 6428375
2052689 3952008 1002036 8095493 6779943 8063843
5286563 9249283 3637049 3276450 1950639 2473728
9197113 7110684 9856884 3823304 7028556 3109757
5282477 3111589 2900377 7165063 1300218 4065204
9346860 6504909 5639748 2360599 443933 6318720
1404469 3865934 6825558 8525066 6117052 6529340
9609618 9560162 7730152 3508983 3071199 8420490
16553 3474116 9436580 3031039 1629162 4424557
1327723 7177997 5306243 1824253 2074576 4678338
3527998 4887625 2651789 6936832 8748633 275033
2424094 2925964 8805350 7318328 1871981 8084705
5648169 672046 993631 3327543 4213685 7468394
5379604 1773493 40390 4479887 7148509 7826102
4628623 6315820 4875747 1215191 1032875 3265935
1012476 9580215 1791358 2147220 4997068 1229427
3877550 2672786 811528 7455118 1084889 145234
9615139 2698225 1602134 1351875 7382869 957115
3430925 8000180 2964311 7837849 6444649 301082
4637948 9048111 7739116 4825687 2308209 2432812
5399286 1208902 1893089 5539414 6305852 2291766
6293347 3500949 5674978 9764204 9449992 1540899
6656865 7924485 688604 9895156 4864747 4450284
6223967 3276747 8932951 3918631 7784265 3032695
301623 3174626 3135566 1490275 7509272 5948957
3490310 9051863 364576 8378715 2055832 9875986
8252144 4075725 6392372 9310368 5058528 3881919
5282137 3666720 8550187 1423411 1180983 8520163
9612477 4742791 4183364 3288831 8601720 9031461
3499861 1480654 3424636 8860393 5237790 3131225
9156199 4803071 5991677 9726020 6273893 398129
1176322 8278149 5868653 812617 1643011 789021
8057911 6913598 8218218 5051031 8636494 4117544
4482508 8878211 1993643 4615402 1877798 2766480
1765593 201479 450142 1333115 4878854 575177
6451349 9391751 8837934 3261147 154168 255457
7890241 5556116 7392827 8152058 247089 2902833
2651510 8799859 3099779 3394342 5230919 1688121
813242 8448829 2844160 9307091 4377885 6359578
1137582 4540797 2925273 3225197 7960427 6072414
9947986 9843207 3399294 5293475 4361267 2251260
1951087 4796764 6759430 7962761 7160790 3080377
6724717 6330449 8631122 9090809 1963892 3077938
9666700 8371251 4970559 8762021 519872 6430025
7731017 7144258 5013865 2478355 2123565 5613371
7330184 4665044 7595689 1320412 8204072 403881
9503538 7358034 4438592 848519 1443254 434155
4928691 2850481 1288039 9763783 2582374 8047435
7728455 2046773 2576904 9847334 3558496 9589176
1101854 1185964 9323334 6969269 7562457 7217009
7237394 9472731 2673199 1146058 632576 2495745
5484688 5404304 8126377 8227241 9587270 4605857
8639345 8818181 6927996 4536403 3833330 7669391
5141986 7967234 4561883 6966430 4749900 76791
3036467 7482849 1106548 8006513 218557 7018107
1080546 2534269 9795576 7221582 3611125 1970523
7760956 3782632 2217904 8792293 4279095 7178069
9921057 9501214 2459502 7971046 1207988 4740315
2661179 6565450 7352634 1653943 1827282 9595223
2655125 270964 4722831 2596407 8109591 3149727
1389196 7478174 5185747 1108270 7146694 7053000
4810281 1417763 5207056 4957472 6775447 50697
5451486 6349692 3688138 7383814 7045372 5248685
7617289 5065420 6274860 6366233 5345333 3653106
9665472 9426603 706987 200352 4566456 3340161
7247692 5164548 5673041 9068177 7403097 6800920
1992322 8812787 2354520 5406502 3160765 9790225
9533259 7703707 9790003 7301936 6202456 5477589
5907084 5271311 3225591 9474145 4979118 3044170
6874866 5022963 2132841 1532640 1442797 7720090
6346012 4609928 6851307 1866895 7709780 1610898
4377655 6383308 8946595 6887218 5391492 8232585
2894165 2210786 1904655 6484635 6832973 7641625
3863103 2363536 3224146 5229398 4293268 9295144
114569 7773546 185430 2628871 2193311 2380133
4668078 459682 7369989 4634429 9060489 8550837
2938917 7666364 9993926 8179104 2924280 9819147
6530993 9019866 9879818 4993006 6579979 2768331
1139514 390230 8189989 4491215 7669536 9079261
4495943 1116614 316660 7556162 1752325 9936233
1425467 1748784 4189997 6566462 2219140 4931810
862595 8259736 3150297 3353818 3545717 9166609
7647699 5683998 9439255 3404998 8698405 5273401
9415326 5121563 1193567 7417099 1489356 1803080
4190143 176862 2790145 8290728 138485 7943875
8234177 5382755 5914038 57692 6753636 1175496
5629150 9964530 6800725 4948008 4130410 8320243
9618034 7785696 6844513 9023380 6843516 1985537
9640006 1090945 2418209 5043258 8140836 6630762
8742666 4008368 259427 2386916 2376319 2042278
2141664 2571867 8121251 5206421 5119640 8162962
3252570 7590006 8930362 8263758 7775848 8733874
8472675 4467317 991152 2873323 7799064 3703659
4958567 5166762 3333345 804607 8650721 9047540
5525665 3190918 7241918 9283276 1315026 2745267
916068 3242233 7588211 4758447 2806343 1558543
198991 4411612 2666055 8681550 5770809 9253509
3055175 1376247 3315096 3684334 6570582 3673519
5639610 5869342 6209303 6555768 7428348 7209556
8708932 1337056 3921145 9073711 9680756 1928721
921043 3969294 6274980 6185094 7347690 4533614
1145663 3714228 1660973 9432608 2674331 3387452
1037604 6277016 9395953 4079835 7749432 7274474
5732443 1841330 6620336 3568399 3643665 5445683
6535964 4360300 5813884 378654 6049515 1469287
7637397 1125280 4730856 737333 7760507 1801514
2978529 6870080 4028557 8781481 2538671 2856353
2012545 6207001 3195010 2821851 5518164 1151332
7813603 4629096 3587624 6646671 3341267 7839425
5308385 7352643 325628 829297 9649130 2987390
8719729 767008 7664713 191686 1795211 1549051
8656595 300270 8516509 7594438 1101306 879351
3245916 6950961 9302659 3763982 1555854 7436664
2250672 3714112 8842136 4662552 2565051 1420418
7881662 990726 7784013 6891431 5428948 407863
1475886 2149232 7220950 1041167 61752 1771662
5191640 1820859 4411789 1645959 4165255 5217894
2634822 219165 3527790 2708272 3400754 6390305
8536765 1544402 5796789 2888964 8578624 5935017
4145253 4057177 8201957 6244294 2310023 804485
3765037 1765164 4871321 8108645 6118552 8952074
3658401 2204749 6889209 7530997 8572341 9734994
3024874 604712 9548856 3624242 2027730 2345885
7892627 5173390 7589971 1393707 8354665 3884545
4611074 8586921 3570607 1285932 6895913 6004575
3569704 8947346 9510836 3607304 7880922 2400090
346572 4526176 4100612 4575716 9049871 1196005
9501096 1005768 2972060 6061794 9864089 7973912
6386161 521011 2029446 5856072 8351666 7136632
3214514 2371330 3410499 986775 3497570 7531630
5381466 2372468 5308836 884634 3961292 9624995
224158 9417570 2723790 7148765 3277669 7501553
8245272 3316911 6123519 6393966 1892611 7348896
912485 8549280 8722832 5596694 4899771 6374901
3975128 7713632 595679 2374203 392790 5509592
8989591 9359796 1028605 6568982 9194249 6677402
5887169 8616461 7044475 3347064 5837635 446519
5250122 9237395 7243342 4527893 7610799 5034755
1013113 6820548 478718 6061602 74290 4948290
8808797 9784772 7472697 8933934 6909506 6247660
9029316 7849955 9024779 7214198 8159173 3917872
6472947 1676290 4122661 9446116 506796 3276150
304421 7565420 2711644 8276313 346572 5662376
9131559 9447234 102833 5560924 1361089 3572242
5030873 2927989 9285506 6080315 7760185 9409477
9204705 6953234 1706955 796815 4317748 7987680
1421739 8035924 1078221 3325469 8054945 5934508
912093 1566996 6313751 7202568 5757181 2508869
2236646 532484 9438199 1810321 9802375 7462271
6144827 3468392 6488865 5452537 2183324 5231184
4632366 392632 3916105 4713184 241411 3553562
1569195 9507605 3247671 4723964 6854574 2310648
4584154 5806089 1392289 4168324 4648830 9794093
7258491 7828305 7170808 6776636 3843669 7227701
9971277 7394384 7150859 4244683 4651988 849355
1498814 5969202 5852599 5847037 8693103 7662313
2018403 6198908 1325585 2760188 5633373 6249575
9261197 7512681 3677910 7127551 7226166 3996285
6069982 1976503 8819561 6694772 8194045 4355019
8060375 7855729 6548962 6688404 4741907 2847027
6402703 7324511 4855617 2398315 3225150 885371
6458048 8737117 7112986 3729975 2149920 8449922
8468507 4498302 2194932 921233 7515438 6330987
3549791 2843725 168217 3154573 8174701 2675485
2029794 4804041 7775156 1497580 7786661 837374
1113350 5329999 1457001 8478558 6357485 8308861
1393958 6862882 4287531 2792538 669503 8489049
6883299 2340006 9826582 369639 8226264 3695743
2160086 7139142 340290 217975 3138612 1898181
2678809 3248129 9149809 2180132 368521 8421108
3110215 4960467 950455 6275611 2616624 6819920
6992920 9989949 8140817 3886070 9527275 652556
2043455 757252 2174222 1679168 6271274 5834694
2848902 1660155 6577776 4079413 9337493 647519
497083 895375 2191386 9558820 5799748 3109355
9159051 9213825 6494360 5866423 9682323 5709036
7538593 607687 9723382 3006662 3376718 8236315
5554925 8274016 7611866 9687733 8174519 2381360
9723959 999641 6976855 3315115 9331230 8708366
1843331 9030801 5622973 302935 5778528 1721249
4628533 7434100 4190201 5031461 4727018 313449
4158196 6177032 1074929 6465185 4140574 5663586
6111311 9842239 8283436 8341461 8524487 1063477
3035652 809349 2720855 9810026 9834860 4800107
6132500 5843936 9882595 7785994 4023091 651521
86062 7235657 4829159 8002133 8378129 5942618
4046113 523464 3546997 7298417 5529537 1997487
1306430 3258773 6859066 1313269 7203803 9488990
424929 3501869 506313 4559495 7267283 4969178
9000393 4818506 7599239 9390094 8898961 8883081
430854 6372201 2153940 423408 6379123 6904916
834427 8109178 1464110 2340818 4295347 8001023
7516480 5737235 5279811 723368 8503596 6576087
7941040 4819230 8640133 393604 7361064 521221
145207 5526566 9968374 9859980 9001739 3559622
8343378 4656019 1624502 4663915 6867563 9157336
9843546 883022 6879650 9954150 478841 9094624
8024880 8084111 9206521 2505290 7043015 1530047
9689366 8277025 6314910 1023152 1449053 4079730
242948 37249 9011137 1632718 278200 852556
6936542 974446 9107438 7904487 3997439 9639328
6376520 2852564 8869672 6122475 879821 7620573
9696437 7986890 4340388 9545508 2368724 9276953
1314700 7639916 8483551 8438326 170614 724714
7244712 7320226 3206966 7544772 4420967 6830313
146199 8210828 604821 6027093 3017608 9504395
9987186 120392 4086671 9567193 6128770 4190451
2660375 3566890 7397204 8694336 1326715 3462163
9739341 697440 7668525 9734183 318018 2638283
2369005 8498215 803832 8382724 659775 6677213
6432362 8831748 8431597 2039358 5976276 2668993
7015752 3669343 4969282 4835993 9558322 2248331
5190282 1747506 1511146 4293100 5777951 6603723
3327509 8550375 5993511 9744802 7805430 3723527
9161788 412015 7892809 7966538 3658088 4519392
8700563 1604461 9460617 7409457 3134831 7297022
5758853 621016 7590613 4728211 1678584 7657371
8492880 4903348 1139117 5420193 4543901 8570511
1127137 8075905 2720263 4200108 5055214 2109399
683702 6687559 1026317 4708070 2877570 5564261
4776183 9049214 11254 449889 6135430 7953861
2787714 7780824 8612675 4214124 8534246 5156934
9013109 8599298 6871791 8336139 1251921 2902082
2584409 3741594 5868114 9322297 6839400 5582183
1799128 4500454 6549246 7351217 6725755 6447271
6270704 1050783 7743446 2026352 9952027 2629370
7646117 8042991 8767918 3185256 2632479 6763077
9957836 6913013 9541658 7563329 5186998 6455916
5237608 2347563 5435637 8124235 2123660 9135976
9696147 5453886 2209813 4429071 8650760 1634975
1404614 5436496 1055068 2165403 7943419 7483463
7413488 6986756 8647271 4242421 690021 3208930
4134163 9399152 1109115 9105036 9364461 9926387
6040524 4235799 9313455 93330 2113609 4378191
1011633 8146469 8927122 8607469 2330205 4498141
419557 3217045 9392231 7132943 1780641 7195982
5708008 7792432 8969593 2058195 149840 8200241
7808644 995187 1657541 2226707 3990071 2724507
8026860 591110 6089425 2283425 8388546 4414960
2321519 1311284 3322887 6676877 1153769 9796950
8556341 8806018 4656551 4149130 3822863 7472976
3816699 7001220 7618511 3913132 3397028 1572028
956793 3982329 4085958 1113213 2284685 1118422
2720650 8784926 4156397 6202614 580608 1739095
8408716 8136131 4828499 4977270 4811423 469357
3873095 9031131 6638662 9172643 3501854 1343822
3543690 3659514 7172323 4184565 8410008 6988851
5105996 4113728 7194081 4517396 1326632 4406216
329002 1208305 9026598 2204465 3956226 2368843
5640552 2353726 8225409 2917455 5740414 5686732
2644476 8839429 2189796 7149153 40037 4365897
4933365 1784149 480475 2742136 7569523 8625170
3946098 8536084 374917 7167546 1096617 6466880
4545013 3891319 6809498 422282 4648267 3603118
1442759 1668630 5074904 4269818 3532090 1148127
3118412 626234 7919100 1485590 1540088 9570579
4799054 7956843 4073691 2828183 9584031 9542482
3925741 7586865 3638782 401428 8258366 5420141
1993926 8473006 1257109 1758529 8372441 1849094
8877233 2222193 4191161 8586678 5706394 8371406
9290993 663546 8252059 9332347 9623724 6943288
706069 2460508 6995995 804338 2368491 3139773
2393188 1716829 4307287 7267016 6496541 7061402
9964335 1041331 3410263 9654762 2275892 5059084
9891018 1359883 2253792 6070005 2608356 9317895
5379418 6212375 2250449 5702284 3537190 8920484
1290423 4593393 7963141 6695494 9695358 5797857
8424145 1189588 6104515 8117335 9365340 6655611
7541807 1610217 5725651 7129758 8622342 4665063
4961143 9636230 8387653 3192974 9441329 8263841
4689495 4636064 9852151 7678100 5424919 6156115
889324 6690904 8179639 5386802 5976593 1903148
9098261 3268841 1345972 7612406 1230616 1086304
8954568 1773682 1994542 5598180 8528198 998139
3592243 8249659 7590032 7585385 741141 3900960
532830 8097448 5152063 9699299 2005998 5059294
5945705 746045 5764668 9948399 7228011 2674436
8475972 2155004 5633624 3822503 8031497 5353501
3319090 7348736 8405614 7301349 4238406 7667647
6269298 9091314 6107865 8854012 4085857 7175260
8566082 3303938 5949762 4278679 4853972 7879144
6751084 9398961 1262843 6286678 1666700 484571
5321636 9006169 4545671 9320106 7122207 6373194
5364515 9769739 218161 2236531 4266295 3392404
5495345 3231481 3859042 7484416 3430001 2914683
8951428 7091693 6660187 8589407 1382316 3924072
6724673 4197293 7301032 7754479 7071418 8632536
4090658 7032411 5682036 7921042 1979713 5232236
3121975 6949192 1969106 9734670 3489497 4316117
6957099 6329551 9037643 2557358 8783333 1622490
4020102 9266668 5968959 8348159 7335250 4575007
3824383 6732228 7623852 621599 2595433 2924914
9072162 7610036 2698321 1585625 8145873 7233883
7710367 7574302 1251768 8626805 4362440 6480809
945577 9216757 3602195 2344070 1632308 5052765
4886429 4167314 5413960 5678541 3734376 7804749
2663576 5742498 9697161 1107029 4096659 5247484
7608384 2500376 4353758 9044192 662508 5879461
1617796 5371473 8183677 1803759 4846990 1209030
370722 5393297 4904228 9488150 7402582 8118492
972811 1480313 5099920 2571086 5735170 8428118
7510953 3393621 3875659 4893571 8922048 2403374
7536722 6603338 3477643 6004283 1018421 1862063
2127050 1901384 8554249 7722734 726274 6260834
6869087 3082669 9320324 4204930 5307818 8341079
2900521 3175426 8339916 1578668 134217 2616346
147563 5037297 6765206 5925640 1533239 7268887
2003801 6724224 6449425 5780303 4267036 8243652
7731386 4366438 4374876 3042164 7361100 5501197
9564243 3250077 754038 8839085 5701999 2652500
9107793 3306022 8085802 5534580 1993050 5746621
4063457 5958053 6469120 861297 5856719 5981123
5096857 6201409 368145 1285362 5718932 4002049
9811408 1088784 8815633 1076672 6473544 941379
3966202 9858356 5814326 2838719 2014425 6884140
1862307 1308478 9335298 4112706 6817846 8227216
9183084 6469220 4731174 702803 1716846 8308982
1774531 6870089 8509718 8393752 7945307 1159690
5133052 8278880 7531144 6751988 9027676 4613215
3836867 8031121 6832478 7144422 1568377 2134693
9932295 1224738 3943628 9584980 8998989 4548241
6645825 984150 9383562 2140928 2102277 9249711
9270875 9108605 9371937 506650 9302141 9603454
2431661 5572450 1913048 4654635 7705666 3735544
9352995 5110319 2280801 4722083 275839 8786725
1394738 2038661 4900843 2596480 770507 492107
4365354 2189551 7871100 3961477 1747927 6961157
1776127 2992124 6176603 8281432 7481112 9919071
5241277 3330216 8728980 7229023 4712761 5995927
221645 5277660 3519071 208083 231984 3888670
2267440 1923741 708311 596837 746190 63616
4348868 6674395 8338097 8879829 6141296 7112589
1732354 8470184 3824522 4951891 2878507 4713542
7558941 1071562 7629206 2361729 9480805 6945622
57745 4165714 7325899 8904915 2374834 5492847
6973035 4157270 1957566 3982429 1694036 9824185
6252845 1179290 2245933 6112986 3932564 806717
1580974 6361447 7188920 1616390 5496669 6242577
2171404 5269753 2399152 8805529 2649141 9160421
6259464 9905711 2442935 3762688 539091 6580476
2737716 5443953 4299560 2845249 1906793 1984025
5155023 7749924 6776147 4000336 8699046 1699217
2467608 1445955 7138998 6822489 780754 3119358
9756702 8441354 8669044 1083322 6733510 7105081
3093695 8167506 1508128 2797144 7722965 1788325
7381250 2490157 640198 5665457 3375270 8488611
6507156 8735725 4454653 5204895 6461367 7746744
9466430 8171068 6570707 699935 6337921 1203186
2021423 9436975 9124956 9323577 4005986 2097737
7911431 1654394 8710442 7194479 9751554 3739287
475896 2357878 26959 4987821 6619086 6208888
1059018 6802150 8070685 8650387 315332 2045028
8664705 4551807 1979987 922300 1616892 8562442
534373 2393760 1829585 304942 775721 8285990
2663369 8057672 8484170 8542461 7754025 1720875
9778168 9312677 8984171 715365 4728999 4103488
7719784 4478608 1551981 361818 9640916 9535770
3132501 3371035 9121642 7079927 658872 9454179
117749 6989131 37502 148000 6660105 7357793
1909702 170954 1582156 1740969 2324452 8561413
7724718 2516557 9048124 6349809 8872218 1002655
3060857 7949339 9822808 7876498 3202515 7138283
7010460 172555 2752843 2293814 7172440 7404686
9164347 5583441 7398800 9029991 8424711 764894
1683373 9630168 2652571 1626377 8805663 4558045
2521332 5978815 2154155 2990568 2637100 7124359
487645 6782692 4498816 8118986 4019070 2709532
9631371 2241251 3786616 2899218 3137539 6487550
4604950 9615888 2998513 4177470 2576621 6741011
1162612 8694726 4091845 8283230 4666436 9242050
8350083 1434480 9143676 5264763 5355165 7223699
4984128 4019892 7535454 5628484 1806168 389748
2905869 1045361 1564371 4689268 9398620 6183460
6978278 8784154 6492629 6165021 7021427 9189774
1559531 8343862 3402194 5413144 1827955 3942374
3032513 2204415 2116256 5256766 9768903 2584590
3565856 4366607 6886085 6562916 7915090 9117647
8952095 8976465 7809719 2608765 1271600 1531260
5176639 6473344 9296105 7908385 1304951 5882281
2749420 2185061 4413052 9953901 3705231 7011303
3821504 9570983 2191936 3593080 2595971 9601753
8273492 7649103 1276457 8979781 1123412 5032012
9297374 415361 869064 7374982 7212926 8044961
1380055 8950766 7072261 1870934 236504 5354611
4646268 5124127 899463 6233974 2507345 7583841
8171537 3611954 661376 9874781 2741412 8344106
6925710 5359014 6380494 8207966 4335273 3622497
254802 6196858 5349932 4264092 8611011 889590
5013217 5374438 4972135 6368091 8573845 4754465
9939042 1950569 9334479 6837325 8946812 7471843
8702289 2039517 5141757 3692616 808244 7511457
4370636 9422593 7673948 2524957 449271 1853912
1664467 3172089 4615492 3449763 1616132 4039646
4678 382175 6513116 9873 1220757 7132906
2611705 1803445 5038108 5906910 9935738 790843
9009627 88384 6412202 8908650 9505676 2295755
8480739 6562185 5388613 7838475 9893456 9188418
3215641 2488259 4925167 3118223 4703624 5401756
138972 6489278 334436 5294832 6832647 8564636
958727 8692416 818760 8008851 1080910 9004798
2473348 8463725 9486854 6883105 3515330 360886
5441709 2755816 3666412 2319736 4969023 5053946
8651032 2166203 488719 7324698 6794231 8732497
2207739 9493482 7099821 9636352 5767937 3446459
456406 3714794 3255737 7847566 7949923 813260
1476995 471888 5481275 6383815 5365126 1429730
9701563 6332535 8972929 4564280 7676513 1947807
1735344 7819236 1520255 5280490 6643799 4666443
8075917 3634029 1898184 2086262 5801112 1587427
1904976 2836996 2695787 6040394 6426699 9800535
7105149 7594143 4805893 2853152 842741 4497135
9572671 2267217 6801076 9058988 7623134 461696
9759568 7643458 1816968 5152013 7901007 7948701
1926204 5175916 7070994 8589294 9771649 4315893
8915075 9390732 4670776 3893847 4478838 2528130
8733943 3661169 9905835 9172393 7459131 82370
7141914 8882192 6976494 7023119 5707818 4376582
7865366 9016928 6010895 1436488 2326694 8157653
9770458 6752962 4935988 4747086 4114189 1250783
2729540 8515855 7822493 489999 3938076 1452008
9826359 5678824 7788378 4272946 325045 3961964
555860 587174 184327 1734598 8010099 9018815
972206 4903085 9468097 2694411 723927 754720
8304998 7478587 7064038 6513122 4123388 7725876
7592141 3986857 9546980 8655052 6442852 8943276
2259876 6651914 4944116 5524486 7196760 28993
6588204 3592419 8691883 2048931 880628 1739519
7973326 8035860 8742863 5917173 3774879 9211104
1782685 35128 7791927 7067773 2185001 6459488
4387970 3313236 1555436 62501 6680805 6338188
4414983 1900808 4144321 1241050 9474721 1358184
4074699 5447720 7706324 9439104 6106207 7131507
2062837 6256066 6597959 5324518 8539796 6087527
8983012 1674967 211978 335876 6872366 6407724
1151348 5192103 4466913 8484627 1136516 3883524
8473557 6525702 6911613 2353695 7633947 8979819
7595197 6732275 8561138 7384679 1842474 8327158
1504779 2343581 3928921 660419 5004936 5928934
9861528 9063451 4773440 5467908 1079489 5005837
6126210 4079107 5028442 7736597 89702 4282618
6891271 5590071 4311204 3822800 965546 9580504
219893 9709141 8622119 7618139 7729321 1807520
7526389 1598333 9832493 1884819 8831096 4528784
2478802 490929 187166 8537978 8623098 2073064
9110084 3005649 5446213 1905776 6227485 3554839
3951377 9858600 6642573 4278519 493408 6252402
4015953 7681979 1378035 4348417 440525 5295794
7306814 2243389 1334129 2965919 7941519 9481155
5173343 4241390 5248011 499657 5257794 9598773
4095452 8353292 6966972 2238139 4712715 7959897
4134290 8314117 3481656 5067280 3666761 7870721
5164947 3247869 1104925 3580091 7868866 1149116
3150748 8130385 50403 4891372 1231163 6379709
738935 6144164 5064130 5965057 6732432 1986094
8306828 3451720 4600805 7043800 183067 2140115
9285429 1777813 2969263 3418138 214126 2126407
1814138 2239534 8576627 3463408 7800971 4693649
8376230 1593252 6372524 4098894 7348908 7127409
9548369 9204079 7122128 587263 1499204 8568550
2895766 8169232 1581685 1495561 6760451 215041
3269915 8121147 3064801 8964809 4294661 6091052
8179852 9732610 7916258 7923995 3077233 8991629
7803081 7275526 8343193 370480 7588827 5139179
5613570 4207933 6102811 7473395 7495430 978987
5017987 8698166 278609 4400713 522371 2044894
544722 318576 5479082 8361586 193492 9679824
1628847 9411421 7298590 281471 5919041 7616297
9211150 1624374 6126845 8130499 2784181 4223678
225357 2525286 580405 6442506 5881990 2552518
4112229 5796520 625717 2085813 3946821 5596495
5812443 3779139 9210239 5871364 7379273 2758656
3512546 9441495 7082033 8663368 8741632 8177405
7840588 5332098 8288892 8486513 8262244 5871055
4852142 6887487 5913984 6054930 4175355 7997085
1464488 4102216 4436586 2926564 4249356 4396972
9054107 9543034 5464599 1702095 4469028 2139902
8406058 3339786 4245101 3368188 4617953 3342686
7141645 1561989 3783653 2402999 8601917 549891
4263626 5625716 7534275 4754661 7233671 7059334
9682510 9757512 9603784 1213154 4406876 3277057
8322070 585981 5192138 2685060 9609261 9198598
2712806 6138493 863070 6148990 80455 4922458
1625954 1483953 2269534 2571297 8913285 2613366
4213431 9061488 5500298 3886694 8662938 8623640
6862696 4299446 2309362 8405265 2019584 4711515
2536117 7192904 8932910 968043 5046118 4031971
8150547 4456584 1952727 4585054 9690193 2463424
9686821 8114636 5545261 2611817 3128706 5749718
4789799 7111213 844227 6990417 6999722 5345387
7776758 4435376 1923043 6568498 5822364 5309815
6889236 4307540 4118908 6151554 3612872 2887550
5989547 657911 6437834 8237563 4420749 4456701
660638 9628376 9371294 3036874 4199872 548302
3078379 4250879 1170739 6559643 3615466 4908371
3867288 5545700 193181 3587522 3191285 610741
2108927 1582049 8634219 6642912 7695818 5382653
8344515 3535267 4501764 2657710 6622269 2470795
9311883 6552235 2690463 6387525 6329778 7371345
5974093 4739884 235503 1374741 3490119 1571484
4139075 329593 692074 9210536 2284265 8067171
2694369 2402025 7466626 5827092 6128635 2838700
5822481 4017726 1932558 3988641 4692358 664604
6046538 420669 7628609 8699944 7247759 7063230
2217908 7479762 9215921 2821835 7613429 8451400
375238 734186 8091930 7062735 2503837 7366224
4690579 9133979 1251002 6434592 9963340 4220244
5004169 3484790 423600 9851762 565044 2312052
5438786 1985451 47526 9570899 5328203 3069449
3942874 5439130 3081833 3628843 6992628 4804502
8851250 9872533 4788595 9015225 5451854 5394449
4746769 8759746 1513888 4566333 9298061 5558379
9413602 9611946 457328 3408365 3695774 3762968
6639630 2366145 6914718 6903868 7383048 5627977
8403874 804339 5405983 5022480 3119860 7064706
4284391 1061735 2141351 6446500 7583341 90806
9431648 5988943 8032936 5029150 5104993 1805298
798163 872452 2687389 4489147 157296 5716257
2612121 534509 1743355 9318864 6989213 4626482
7889783 1947382 2489485 9160617 611351 4647515
9988466 9724289 5639885 4449182 281942 8236326
3417027 2967102 2028604 366521 3976716 7706831
5730032 1610479 7261152 5109420 6105704 6510595
2940587 3914726 647042 9689725 2410359 2585350
5321350 4965526 4072521 7514868 8556716 5635959
7601321 271030 5377592 3385420 5040684 5380703
6165412 6348981 590510 4451063 1072119 7190194
3687652 2245599 6557792 4036524 3588832 5378734
7365329 2780363 5841677 5978889 6220030 6696624
4000473 298740 7313929 3054534 9127832 5316415
4163805 5902159 4410386 6392645 2765200 3705685
2329238 2344611 6569795 1880448 8944007 9756723
5920085 8489524 2842607 3456847 6002073 164759
6027557 1284825 1376694 8693787 149539 5776352
9794282 1622432 4051000 8680968 9384947 4741944
8066774 3110877 7221149 5274095 287258 5169960
2779808 7295007 9480399 2852107 1707286 1244220
8808938 5484880 3836355 6084954 58804 7730505
3854016 543625 4296666 7149169 7026976 7843006
3939720 5470017 5752620 8634033 6598362 1142767
9654685 3648270 2959663 1827851 3813674 5833130
2535573 645989 8202266 7672647 677038 8707065
684360 3175450 9577539 132474 9884848 4664658
1939996 3709327 1563628 6320494 4826951 8841322
445277 917604 6083900 9378142 1334374 4817240
9417340 4145775 696644 8337631 3197422 8059015
8284556 6981087 1671206 8003225 3549380 9412814
9528239 6181369 9866586 5589601 6464809 3851526
8265467 3807246 5585168 1087961 6694037 2889035
9579139 3334190 8821318 4118341 1382574 2896069
9749229 3157430 9311615 3385025 8255307 6531263
8010421 2346729 9978028 1518523 1847917 2903761
2993451 3936770 159947 2150814 6792255 8645582
8974735 4855675 4452795 2232374 1112675 7527128
9232071 8329378 7451737 7807609 8758491 9863231
9237696 4166215 5598513 8775136 8253996 391949
101198 6143213 7926062 3335322 7579180 4118079
3873497 6746943 1959329 2681407 8094509 2757266
2729087 7428325 6541935 175736 5143605 6526898
8443274 7516855 2044755 1784487 4152954 9925928
9079525 202811 3588237 114797 2280826 7681701
7305247 4218315 5682774 9767997 2049615 649041
719519 5639412 7276495 334715 8358877 4365731
5567799 6550664 234868 4694471 5078521 1330166
3321296 9061959 9022609 9071615 331862 737140
8347194 8316711 1990259 8000133 4255796 7376368
529841 3758700 4466117 4277627 5376159 3876194
7074492 2961090 5378710 5892893 9456216 9504193
9250402 8108558 9157978 7679023 6216687 7602289
9691060 4385054 5124289 2258071 6793500 3218866
8659092 8233632 3886453 4945633 1420802 3732903
8658782 2719386 1383615 9900127 9804874 4600176
9899613 1290172 1174504 6358674 7619979 2117430
5951455 7428403 9605743 9518416 9821213 2223304
1579162 668170 2100023 4387969 8309072 9870742
2252078 8271770 6965199 1247251 5618534 7142527
9989741 2128858 1540288 1645806 7234111 6736830
8120577 9350275 8303684 4557801 7779409 4926515
6427785 3332386 6765075 3006858 6306615 9365097
3613123 9140676 8412419 1663149 3366470 752631
1632879 4270812 4410314 1512873 7648048 1533103
7634977 8652362 5671637 4031976 6368933 5491120
577142 4305649 194292 2868912 1397838 470937
3919619 7021361 2888761 7173508 7960184 4976686
3105666 9245220 1965154 7600102 7634127 6477858
8730108 8326591 8762387 787656 12926 2963298
2326515 6607704 1702227 6770580 6922824 9127046
9254877 2395808 6963452 1273955 2429715 2000966
9170805 744210 7742837 7941481 7743529 6345109
7863870 4459371 6310627 9433627 8407206 8402827
9567949 34874 1018234 9193779 5301868 8042341
6728732 9789486 4292722 7230993 542397 4790134
8768710 7149039 98537 3761714 7918630 5564375
8013234 1831711 6815504 9964187 8429297 6889917
8735020 788626 583062 2417278 2923786 5553555
6652670 2892888 8200497 3299399 7202630 6887949
8108811 61098 7093939 8921111 4545222 2640229
7708244 1939811 201813 2952703 9172770 594489
6246572 4102155 6540741 746252 1420393 6575495
1587323 9603762 1605577 4128317 458759 4513241
7459279 4311454 6865700 8739166 578322 7649508
6589636 5469311 9946409 3210587 5652902 7857532
8470435 9092122 7286489 4175274 2255943 6489485
6688103 5782316 1615856 9988572 6170706 8821630
9012814 5906418 1472494 1625001 1712075 7598868
5282372 3980494 9602338 2580698 1461832 233767
5774528 8969077 1361489 2552304 6363066 3703459
648080 3035984 8449253 8683208 2275816 2328270
9289006 7412048 7347818 5116091 7440213 4676442
2897385 7470706 8140748 8044070 9726352 4671903
6177013 4964635 3757235 2347540 7928215 1672407
8255193 5889737 7630290 7052721 8400746 3286866
5127996 4135799 9419250 7912396 9340492 3134722
372376 329605 3630602 9144224 2335995 4300026
251049 166281 6540280 4925895 9683312 3991126
2093018 7730458 9242724 6689585 6375291 1398431
9946223 8300539 5107768 6776845 428015 6386078
4697979 2236284 9011302 4060952 9988094 3304414
5257192 4984988 8130213 5006026 7671693 9396747
1041300 7032789 2628639 9457208 2096490 7761934
5132127 3329297 6206425 3639164 4959702 670287
4044141 8438410 7760507 8020818 7966173 1039952
8026953 3595531 9901589 7244524 4446244 99711
5288724 6190097 178186 3235866 9668702 4698323
5860912 7086992 58765 9845977 5648284 9342501
8769792 489014 6204048 7345834 1644718 7098717
179652 1058815 7276581 8341015 16811 1549684
5543906 7236374 7018815 7090260 6979073 4076162
9495157 3796776 2586544 2528927 4168484 5906393
7583747 1896260 3660594 1508101 7778252 7872710
611522 4198164 2790125 8418006 9251026 7477158
4835904 681118 1950812 2802871 7064871 3387429
2823130 6947708 6173286 8628502 7691959 2432328
7679508 8770651 107919 5982602 350819 1851508
6755956 6240864 6320529 297654 9762087 9748457
3438123 8671551 3280562 9403870 7729493 5818647
8759558 7125900 7985348 9541656 2254356 6297954
2125350 6692285 6731904 9199115 9705797 7220775
9733107 8955245 4204301 1228266 3828593 9007600
7764791 4628919 3847344 938616 1662049 3010161
1156628 4538249 919031 2202355 9364748 8393320
106866 3419259 9218215 354639 9868944 566059
4446980 8137851 6516295 3809964 3857252 3658533
5119604 7556841 6535067 9099754 564547 806842
5544156 2209856 4842957 4272962 1639079 3100573
1971302 7820941 5463851 4975187 8385028 7716106
5378922 9922994 7327536 8338584 9092249 6286537
8002560 9378468 9086300 3638242 6781286 5690742
2491304 3954826 771667 188810 5819012 4105207
6475093 2056874 3973702 112189 6658199 7154892
3550362 5833903 1780180 6117641 8383336 2048002
5102207 9471792 9752823 8800188 8431041 3934257
6330997 6781019 8464592 248530 1097194 1186078
1720541 1905913 5428570 9152215 1781657 7684252
2328906 1782492 2001928 1358643 8500093 6328153
3742404 5266733 3264795 172644 4788222 3258345
4506357 1884918 995132 7038297 8536034 7309493
5937919 3691116 5523785 6837409 3857813 9037993
5640615 6226563 959680 2787623 8391648 4752285
1726322 4398147 4052246 4095927 3788735 6600844
46074 3743564 971699 3424669 5057783 3164308
669461 6158352 1992797 5206246 5742172 9212276
190946 4682243 3369879 8119076 3214296 8090541
2160467 5491497 7924678 2963934 5718027 2273530
5368473 954781 6875084 8512510 8446322 390075
9206099 410429 8096182 4394287 6992223 4792470
6337794 2513249 8633332 2359476 6167947 7699460
7045196 434368 484390 1747404 2596676 3709405
1382406 3607245 1183850 5961704 1935460 8297238
8676165 7082139 8025537 8698169 8056196 4103002
6289223 2156951 7712029 1602722 6000147 5331743
1116093 5796658 7690020 8577408 1781282 701046
9457209 9800990 9323549 225217 5918738 5283658
1789139 3621068 8358104 3165679 7130104 4839077
9206224 3244394 8474969 9798944 5718122 9910083
6766933 7639624 4457052 4530330 6070253 4010996
9987430 5442473 4434221 5152647 631310 6800018
6019384 2804997 1825962 482803 6504494 2134470
8973689 8450947 1163400 2741878 6909029 4435127
5744897 3123543 5026846 2872952 2396498 2755752
6856773 1317149 78536 7779936 1810475 4141657
6243994 4926879 3730736 5312552 237786 476265
849437 6636491 2989758 1558086 7146295 4325106
3013114 8723420 6739899 6340499 825254 7267174
8746682 4025054 730594 21924 8785432 2946710
8984149 7114478 3045975 1678468 8295873 9314161
6721481 8239448 994521 7684304 4238809 1577615
8403733 3661136 8213160 687135 1892441 272538
1445369 4186811 5977248 701740 9859837 3673078
6015852 516274 491894 2811362 9033253 7785421
3411063 6222069 6141446 784026 6328402 3123308
7430289 9170968 8340617 3675596 4836604 8906846
3330585 5328810 4484610 5162284 7936765 7164117
9054013 8059547 2132613 458056 8576554 4598621
6969461 8282409 7254640 9372897 5662615 7779598
8822266 3910119 9206194 3209100 4273241 8016740
5436169 7619706 7332734 5089852 3256845 2721472
1931920 7769773 9350206 7070401 7371154 4531027
9188467 853568 2579509 3327776 3757348 973706
5652808 2953006 7645514 1542824 3814565 8045992
5868667 8057392 3508352 561018 4853329 926485
9700651 121484 1055568 6467870 9726114 317059
9831383 3964160 4802701 9411140 8526136 806781
5248415 9899059 911254 2723613 184429 4809047
5200089 5494490 152770 8232488 7556292 1320234
371225 3893344 3805141 9286741 9221184 5199453
9213120 1370901 2916443 8423720 7369749 7249670
3475458 2720597 1127453 2262449 3496393 9793187
6171005 6241668 4426870 6838732 6294409 3915505
7134737 3145054 7872962 8699305 5360929 9358839
773715 1468163 2565192 9735334 6096644 5832770
6511918 544641 4742976 9603248 198020 7155234
7890338 6824695 2529310 3661584 9248155 7463832
3681593 2937640 1998097 359582 2061483 1314624
6893364 3532492 7598935 9889636 2152004 6076130
7326490 513814 6009972 3557603 7650004 5901585
4684477 3740124 6623952 5294683 5750531 2951751
5050211 6567756 6043648 7271636 8948394 9469714
1386195 3473152 3896899 409130 5017712 2423288
7360742 414133 9406680 1250568 2841969 2564151
8233834 6622281 8392637 8666845 2276758 9684205
1145261 4332735 9174690 6627724 8977106 5508030
839879 8386909 7187108 9046345 5309370 5493726
5270976 9621728 4584098 8129221 8503441 8678851
2179231 6917359 5496102 3586683 6196860 7235871
6494905 3433909 898154 4059801 7060849 9128249
4559114 6383366 4290998 6359442 6126374 4615658
295023 4758470 4496045 8388868 9569250 6630803
5236180 8314397 5104762 3912954 5979591 3220241
7980053 104613 8118840 9713785 6487614 5359398
4188103 7558578 8135874 1938818 132819 5543197
4609876 6780078 1326060 8058858 4487230 8926004
1202728 8911533 3495353 9968439 7834197 3744970
4182805 3790363 7348109 8865299 8350503 7882463
2131109 2581950 7454317 7677913 6079748 6956235
1009408 4845329 9895751 8931600 2171339 8567796
6479784 8356205 4625651 8952848 3778992 2789172
5304743 7177321 3827166 6178757 2710226 7068058
9724887 8011613 2270416 4373870 5530979 2697251
8011289 5322804 9208074 253411 9807708 7550868
8088879 6931963 700330 4369824 7049449 9641901
9030252 2271127 6740194 4927557 3488655 9477991
9119318 5229956 11370 4558936 3560555 1173181
4055296 5952351 9871724 386259 7953025 8068135
4685819 6635538 9314349 7198500 920311 6848535
9359721 6226372 8548496 7074783 863968 6847029
2088842 934918 127871 4185265 7148505 439098
327863 4797330 4522957 2792424 5254552 301022
2685880 3452352 1762248 8034893 6198115 3855357
7679143 7702620 8978937 2632195 9684004 413911
327551 1831751 1350816 9891659 5567835 7262283
929495 2044535 4365987 3164341 2470093 2625637
1045309 9870030 8803846 9432626 58395 3155695
3545177 1893395 1380985 9013326 4512620 7467958
5086286 1324828 28257 4693139 9395639 3161348
7868091 9456647 1250913 9713960 3857714 5316753
9088281 436204 9229494 7260674 1862929 3210017
5935035 9521538 982259 9136611 6989584 6328084
5051510 8246517 7644224 5823242 9087017 7790609
9032925 1314225 7319131 3882858 4805372 4243007
7234025 6236355 2648895 1204639 5296250 3013446
1374723 1331349 6012316 3487093 344344 9622190
3926200 6284503 30465 8170968 3078291 4991082
6485699 5949675 4335244 3700173 9641629 1149122
5517123 2044849 369630 3460303 681034 2543488
7997622 5205422 5630831 4986486 26648 5626573
561121 4730395 4225288 7968813 7761887 5658234
315768 1564416 7902172 8022033 1897041 2802513
7760143 861957 8235934 2328048 7397159 8855696
9907763 3533852 6594726 1499772 5687515 3251400
2643815 7914419 650314 3468827 5489471 5138921
3991358 8939714 6257854 4403892 7609846 8347895
765793 8516886 8187788 8677009 3384404 8077212
3246950 7495090 147808 7567116 5700159 9819077
4307554 5669573 7808263 6775135 5078722 6492796
9031846 9061349 9042880 973887 5324997 9847468
5007920 6846940 6074945 2763250 4030674 2957326
6544659 3356251 3252110 9888038 1562254 8880273
667908 1230754 149447 8517514 8252822 8192425
3103592 5076699 2214259 831237 9161273 9819898
7330658 7216223 3860991 9765057 5372046 8548497
9305015 9791906 3191888 8340320 3669089 6537464
2002267 483699 3464415 7190481 1022457 2343908
6566966 4419516 4107318 8927990 6107226 3847968
6343349 514331 808526 850455 7870295 248297
7633208 4176682 7685667 6255047 5432591 6814450
9096335 6779601 7984204 4703612 583023 1770348
5688384 2327588 7561665 3611982 6515247 7769123
4728009 5913110 4054242 9870350 4264270 4741757
5712579 8402668 1108997 13023 3421708 4857714
7739971 8454560 1921610 2943590 707111 9492406
8851797 5747220 5051107 6649964 8094146 4242855
4359704 1863353 3836492 2336969 3239605 3779637
6286303 2731366 3999084 3039403 6122445 1957184
6194055 7762857 9912411 2943909 542467 7029923
5705453 9083312 3357892 3126489 6963641 2128463
9848738 2744793 1620477 8069258 4760185 768026
2718015 8078045 7818964 9811386 5510646 2400916
905264 3375610 5163062 7329360 3726719 690342
858630 4700568 2332114 9964425 6749535 2944254
9579994 5907887 5204752 8021184 944511 9010834
884963 1233215 4899712 1708029 2488231 494811
2159160 8217044 7971180 3231057 321387 8044399
4138220 6382669 2252210 7511495 2038645 7166857
1866860 8376092 5356592 2667550 2267858 2263073
9796348 9884312 5995258 8676222 8489263 8852298
5563273 4696831 7133534 8808130 8926422 4277431
7501204 9197234 887378 4668251 5170199 5509675
2719161 7627572 4379180 4287714 5826204 366865
692043 2068499 3869242 8037895 6154323 2568418
3654241 8217413 8965356 2636639 1911681 2603918
4499553 3482937 9727780 9118882 7667783 5624556
910865 5330090 7456246 7974779 10290 2841410
6279478 7198609 3205892 9846917 9948388 4640286
7883892 5508633 4058107 5628393 7984178 6420764
4983055 7525378 8542508 4565115 5153888 709009
5312075 4864564 7285553 8283460 168697 1687262
5781894 3600278 9959788 8754623 3376849 496114
2910618 2717264 2058208 1027831 1758417 8955713
9362525 3807324 8269024 4325069 4752746 6403047
8545810 8871159 5498758 3307016 4135826 142405
7082048 6345749 176201 6747237 2662704 5145726
5555856 7996017 7029911 1518630 4065022 6348109
4680497 9129269 2131784 3561993 2717774 5266914
4362555 3955224 5766960 9586794 5202590 1346563
2439984 987005 111818 882506 9737650 1297538
6188503 2474877 9464452 9817382 1672575 7031099
319912 6163381 54559 6912482 5471974 3762400
1925801 7843894 9742302 1920915 9644572 5623477
4271262 4983817 6153385 231843 8944461 180602
4375445 7495253 1143159 8829638 4307252 1675699
5033908 4673350 8258367 5732373 5330127 1590144
6883657 4863114 7456693 5100685 3242080 6554392
5212355 7450072 8483249 2004560 7660993 7358695
1604261 519069 1342433 4488340 6611243 4753832
5144152 5956659 3530416 9283849 5441937 4177321
5887940 1490274 1856129 8378860 1878574 798624
5504032 6193427 2513767 8152157 5037257 4781457
8166783 9170577 1741736 9598993 5019488 1494388
1697352 2370885 9834260 3784463 7225376 3788182
333265 545567 8062106 3504534 588221 9373467
8059727 7599807 9421177 3279372 9212744 1751805
4698262 6833494 5571497 7684624 6500527 1467566
4844927 3452103 5481811 6560975 6321556 7440665
3012096 5545159 937170 2036027 7586497 3071052
4343061 2103476 4264897 8067946 8045594 1333007
2736518 1999498 5605205 3140300 92429 7437450
5360280 4887411 9957832 9989931 4900730 8185994
5922891 4012728 5870357 8366694 8939536 3773272
8306371 3772290 4224010 621440 492438 5043062
8436296 6023700 13310 6350125 8936311 7109268
7486908 6630316 8787899 4238490 4948106 4501029
5862360 1704627 3359673 8044361 1200695 1434145
7482832 3022165 644428 2751176 6113136 3573768
7200694 5976366 3163940 491624 9761575 4273304
7108996 2115077 1507060 562143 4704003 4068729
7424140 9010154 5951099 2848564 2503023 8270414
9398094 1684400 9064621 1369328 2504334 7234908
413598 262010 2571594 2789865 3138608 7470273
4398633 5685120 9910563 6439541 9149430 2959944
3945328 6995283 6868740 4514595 7129493 2833028
2993968 5300216 7000623 9290944 620220 2190540
5483045 4634268 519142 2374014 3353082 4428735
4509147 5831365 3472032 5929031 78025 9499565
1701710 4319131 8976469 4036786 6163509 9018883
4158166 984598 9860724 2991155 8903235 5507739
1401673 4883498 4554906 6231592 8375359 7204117
234284 1122654 9641789 381053 7306819 8504339
6951131 2024619 2332037 5481827 1930394 3318064
9487912 8016297 6917257 7369175 2812885 2810362
3856559 8957182 9136707 7981740 5132778 9635622
2329816 2491890 5731033 5011402 972340 8469583
9873828 8277554 7456006 6267915 5694746 8955371
9857775 1320656 7012312 472129 7085655 4138889
6686845 8676338 9054204 6542660 3503243 886938
8590482 4032498 2070613 1744544 2375033 9418177
8067409 2252544 5989876 6167 8051237 4814928
2773306 1939729 1052279 3862454 5607998 3652840
5862058 3219996 2321550 7961885 7511399 1492228
5798050 3384429 1871526 4997818 1294895 6456439
581417 5787156 8988647 4844095 6420919 6939841
6398969 8129284 5902520 8037828 8200506 3442202
2965494 9851608 3269419 2197383 7698823 5145926
3086609 2824390 3068339 5401364 680601 283246
8565387 628596 6521099 578384 5946494 8990603
7546651 3069591 957649 9533436 9424749 2264081
5826280 7929210 5518809 4112437 7463484 7478714
7750319 7824230 5019490 8879347 4996391 7659790
8222809 3600666 5685605 6725599 1911208 8470504
3388100 5180053 5106554 8705400 6278707 5792322
418742 5820584 2182790 6911917 491176 5130914
2484553 3432058 426859 1005338 6371102 9769612
9627116 8974171 5360905 5589624 7651045 2856371
5263756 9686039 5632205 8861308 2355575 2345827
3304997 821051 1158382 2487144 6145336 4244695
7157526 7120879 1650503 9726487 3693695 1642900
5295924 838401 7333053 9888575 6394794 1564332
7232930 7217471 7229563 5915992 7098482 2937036
3109598 7798475 7529008 2250182 3441644 6592667
160116 1557433 3465009 9836962 3606919 9670125
3972532 9997408 7286722 6182164 3847811 9250222
8119109 9900629 5280476 3718005 293700 6812643
5523318 5375180 3291245 4067873 1628378 5138104
5116264 7389005 3722568 8221346 9377546 8346860
6715686 4907343 3679235 5057835 9566370 2136262
8177891 5458961 7231482 7662928 5916043 6397385
4277610 1050766 3369659 7979340 7796882 7197853
7656560 9391592 7504774 716365 6726864 8066463
3301422 6092243 9929054 8326904 4720698 6217914
5947556 5751186 619862 8939861 9466477 8940467
5570987 3061274 334258 3144214 5540114 4834739
9581161 7860390 9459137 6893860 9790262 577612
1768444 7136923 9592122 6524715 564786 9985953
842085 5999321 8180479 5612771 1756412 3474127
2207207 9850986 738263 1013568 1715371 164856
5777522 5337749 1584288 4429192 2408353 4735608
6863594 4512345 3851478 2670035 1135203 8866474
8607325 6407562 6301981 9351442 6558459 7583775
6625791 9422841 5186399 633908 8097775 3467155
759988 9958216 1304861 6860131 937006 5689127
4096476 8567593 6145018 9294280 1116337 4452513
8993323 7339252 4728570 4856513 9661120 6052440
6134475 8172050 4864118 9314004 7005445 5348850
7172146 2855764 3292526 3154487 4387776 2292530
4978457 5143613 7239973 8117132 3669203 2450136
3430746 3463 3575338 8162350 8573559 2567610
2721455 9313045 5291224 1849467 358118 9219207
2855204 1769278 9761720 9133959 4499433 9925725
8603037 1445983 2952770 5956011 9687985 8081242
2396601 941988 4179816 3852488 4315823 5972723
7212540 876190 3670049 2278433 1425767 9657657
2477101 7972124 9598491 2296507 6592548 7692400
57625 5322678 2497646 4073319 299283 2618498
2530810 5844497 644180 7314247 9514095 2223219
9497366 7474735 315477 5494096 5765749 7631570
8387793 8868967 4997221 9318501 4636927 9481927
5549157 576771 343510 104062 6656858 6527308
327234 6306530 4853435 5260370 5898385 4365306
5583595 8323281 642705 1561318 1321677 8471326
5328543 9898292 1362095 1446829 2781067 3951032
9342179 6983004 2206375 1966920 3908713 7723580
2695179 739124 685751 3015718 8524161 9722511
2274987 2426747 9187639 4116872 6987012 3207565
7369784 4236995 1576349 5950171 9910500 7442467
6988865 6826474 7547289 6525894 3989958 4738634
8119832 4102328 7795704 6392477 761882 9673853
4320932 8360313 2397817 7129854 2565191 5159260
3679555 2567877 9799119 920193 9286331 8894930
9283687 1211670 2911280 8154530 4077045 8544071
2374682 3392008 7072503 4763907 4978055 7082238
176290 6169284 6749166 5947116 4895886 4421833
1926807 5882509 1664865 9513785 9795939 8626698
809748 239929 1671804 6417088 2270615 7342623
7643348 6068671 7540143 8652359 7242207 2778287
1827354 9965301 25282 9251632 4017794 7369873
2601350 9557025 3382258 5315578 6953563 6395907
8410094 7732438 7671991 5377285 8993386 3403821
7230064 9769902 1415731 4284581 7344782 3837115
6872267 5957594 1121392 9729880 7120559 8909384
9542094 1523930 8927076 3970879 4119762 4930584
4396550 2675174 1864714 4294991 6912434 238914
5244440 5494169 3286365 5275897 8006994 4538177
9670631 2266062 7075284 4136322 1422294 7472305
1362555 7542773 2620519 6188166 2379365 8060200
6248481 2871470 2436465 4472874 5773484 5429633
7468830 4439215 3612676 2741407 980735 6318211
1539107 2935073 2857467 1176817 9040140 1850613
550750 1596369 7950600 6583215 59248 4854497
1834099 5405772 101635 1454770 2608323 6576989
2310064 8208384 295809 3804514 8046509 4040964
7802448 771566 9720685 7856732 7807066 3567779
925501 6929224 1285327 757073 2597214 8487221
4614837 185737 8502632 769906 5637416 782995
109600 9665266 2812222 7581968 2638774 367711
5327997 6014060 1830891 7035687 431342 2772350
6022402 7734593 4888563 8816503 3374369 8268574
2129927 2694017 3789303 4382821 5657714 3130023
3569169 1077026 2808557 1614414 6839933 2422586
8074356 1540158 2570967 9512813 3694913 8381243
1228741 220479 8132791 9352973 2528735 1793006
1736887 3889813 6497881 8512976 4734670 4862621
3598657 5798334 6811368 234058 8639978 2943398
6993691 5726779 4007552 9682198 4012798 1561748
7559153 3713582 9174126 9408305 8961330 8891184
201383 6509588 4039679 6507320 7587761 3153889
135783 2776953 165282 1996297 2645933 1767900
6632142 5056193 6342355 7945935 8015757 1041598
5611217 7840298 2900179 9627569 2519121 7968134
4373691 1546543 6207681 6571042 1793820 8815153
2618879 2328582 4928483 7606696 8311593 8225081
822942 7091336 8210572 3657479 98275 5863024
2778115 4997394 3080846 2239652 3050055 8956604
5219392 9613217 5697824 8132527 3797087 1121032
5991005 573813 3990467 6071545 2133628 6041217
6946208 3564740 983133 1350129 9377418 317350
6839416 9025445 6744600 8117274 7122993 924420
2831026 1953738 7742023 7037154 6849453 7521727
4887288 2134039 8496488 7251076 1351649 2180602
3117328 4486351 8531494 3807450 1615691 7737779
4234614 4751397 4957708 2169354 6711271 6533534
4879891 1427986 5619975 2763495 5400235 4024609
2212004 7102118 2490224 4773403 5301501 1843349
3379009 8953850 3724360 6468740 1184257 9999589
7544729 9695131 2213090 8802531 8232801 4891067
1785855 3031966 7409754 9006821 3882659 2371596
5966712 661671 5242467 1208488 2157263 5421467
1901751 2123792 6733804 4471878 5039072 4249531
9690377 8343924 9184849 6688145 428441 2661841
4013419 7765873 3567139 4958118 4624624 7016139
4320444 6077359 3195185 728908 977639 2368269
6614855 3205182 3219458 118628 8806691 4639829
6600882 2170520 6796586 8302892 4566988 9060464
3265785 3072851 4656059 7963559 9112153 9888876
5706217 5097710 2603524 4747913 4993402 6116785
8804456 1008594 6037047 8226327 6888044 6079903
2226282 1172842 1146153 4365535 7857022 1833889
1030072 9571748 9537233 4545020 87263 8257920
5865254 5710526 3198885 4506675 1692333 1551773
2360079 6356884 6965205 3306308 5022691 5879929
9764744 1866942 8211780 7102672 1314172 7798097
8602782 8374554 5282476 716682 6076610 3394146
7914311 8900250 5215828 2822170 6933487 9540405
351643 1161197 5010446 4345604 8882658 9282875
2917900 4297780 9316260 4485273 5866247 531159
9114698 8919973 6150151 5266224 4600790 5990080
3622108 3927399 8257576 1739136 5942237 1712709
2975443 5148571 9633915 9804738 6592364 2792083
6335945 9537909 9423397 7424800 2954665 3861493
869482 5419139 2984283 8928905 4184772 7016391
8481836 4117508 2508306 4751317 1601984 7156637
7243994 2648086 4299459 9225747 9200062 3006087
1282828 8612507 5218959 3297737 1370160 3734087
9648959 3113161 7705416 6524177 8149328 6328338
1107761 1689897 5965308 2288657 4396741 9181650
3005796 4693202 9742627 1241184 3257299 1824728
9204402 8224126 3546586 2477278 2560744 3944277
8492623 7110197 337847 6417309 6141971 4342157
8642533 7571745 4048978 9250196 9279945 1071610
9310975 1957658 5968180 6179968 3643555 9912087
1191328 4955336 8251345 5117808 6219951 4506859
3263460 41644 5355207 3394231 4093335 3146034
187500 7171681 552417 3761138 8031553 1039131
5990490 4690452 5547925 1623150 3646123 6824996
5132671 3755600 5413257 8671017 1930208 1299640
5856548 3024433 4580570 3634499 1285949 7605407
5692931 3374815 890245 5830987 3153848 6100327
8986950 5248302 3478409 902944 9062696 2108263
519192 5549837 3926104 4929048 189477 8953103
4364162 9568178 1309212 1426349 9985136 2464350
9093601 4592443 8111435 4055567 7537682 1068901
8565463 6553001 5885731 2947009 8068206 4656738
148885 159502 1536603 9447597 2636200 8397820
3346586 4229727 4692904 3304993 8151824 6380371
7373535 927499 2834955 5627467 9270336 1717771
6296195 4266582 3389678 8425895 6737386 8561405
7988891 4931382 7710620 2409508 2337480 2509694
6222532 7572182 7481630 9269366 4780163 29974
7416499 4916564 6931977 2911391 8079763 5755409
7771446 5788607 6440618 1731064 6682031 6610183
8233946 2937996 7282664 4167959 6650814 3801624
1267060 1722990 3422116 2975198 1458706 7704817
687200 937078 1892246 2183209 7082461 579642
8898740 8104169 6147335 2804980 8210967 4353772
4785794 3384803 6186819 7634269 654448 948778
2120786 6257827 8249351 1100436 4175561 9399484
5227029 2054572 921367 3680006 8002305 3057173
6607858 4441301 3457858 9227159 2224190 7142685
3863162 5588236 8706145 5860976 2832323 8577861
462847 5428965 4727028 2928892 9382165 3266011
7614804 3632791 1068541 2473337 854411 5200878
9455466 9586764 6761516 2492762 6956179 5027889
9658274 5218734 101864 3090162 6197122 3769665
895913 5558634 1160612 9044133 3771106 5066211
2242632 6259809 3425504 9671489 637588 8746596
4672455 2298137 2672406 7655356 6065201 4369514
1988631 4134520 3586890 8256980 9771693 2637426
381169 1370400 8632057 3678256 6202702 7613588
8475997 7372685 9231843 957362 2032978 3823531
2105399 8570671 9861684 6002330 230705 4594602
1775373 9783977 8949175 8014919 7820306 4658042
2355482 2002918 9153532 5732349 1101531 2062602
182775 2638933 5786941 8523185 8662964 2400706
6434154 8564376 57107 5811915 1195491 3264903
9514753 3715093 265158 8848875 5549957 7494530
4507829 5986301 3903815 8992287 6481606 9987715
3688251 2366249 3550093 3974015 1322774 4199784
8460055 2743647 6271153 7169240 774586 9394044
8036589 3582213 9907706 7460978 9568175 1666328
4537494 5963458 8588485 5684271 8500166 4105212
4392883 3506606 6452961 1659002 1224520 5115230
8158786 1190488 6157327 5799225 4834934 6296715
8850612 2460139 7241601 5857323 7351859 8451843
6993750 2345512 2940506 871113 812286 1967743
7586824 7046851 6418125 2237486 4454792 518147
1399230 8003980 3866082 9444880 9581131 7816167
7746822 6801053 1519127 1155923 9010454 9584098
3236717 2237364 8747279 3610990 8610365 7108036
4424727 8680171 8611598 136642 8690521 6154654
1164706 3521769 2694320 4485217 4072178 4177669
8697105 5921300 6735695 5639179 4399995 6830953
2430633 9405731 2879007 9425433 8110500 550806
6932715 5837826 3335058 3356407 7634396 8574921
3220464 3975833 8436486 9310088 7812759 5774620
1906549 1262587 9313459 7711427 8280174 6059362
5121847 3261605 2728875 7341458 2458818 3089153
2848403 7597537 7837369 1916325 1180356 9204633
4229029 4999293 569671 8060791 3203926 2852694
2819596 7808298 5887372 4119398 1264752 96344
5741182 9387016 8108541 961074 3732630 3137407
7517494 4719205 1125557 6819644 4303586 4848894
7821930 9591257 3379008 245904 508004 36858
737552 1304139 2795476 9231852 5081059 2813466
5204949 3845757 8058661 6460764 4891831 471875
171989 1002449 1996852 2632531 1600275 3071801
4980612 1887329 3864907 4699961 4398830 6461151
8079076 7409384 695707 5720777 238860 3612669
9473685 2573691 7300294 5850514 3381845 9960613
7300867 6509330 4305957 5295075 5756125 9886872
5078746 1056729 9827374 653681 6647655 3301136
2852041 5189399 7990981 307206 5265292 8620674
6171951 6037591 6905308 6334325 1152775 7671674
2117758 9484171 3606896 4445991 6987079 2318140
3171581 4321475 7620603 2036238 5331664 5090944
8765844 9685537 6131204 3978035 9621214 3342101
6633777 7425394 761728 7394570 2868735 5049461
5621687 9166479 7308399 8679619 9678563 7344254
3055305 966541 5356554 6634282 3177316 6271953
6279976 632754 4069650 7509233 7482100 2326180
5680533 815803 9857735 2900037 1541362 5579754
2489470 2193915 6416376 3563207 9700548 3727381
6909946 4723188 6615436 8557435 8824304 7820599
5009741 4491961 4642912 276349 8980933 4365122
9734390 2131562 6508221 9859250 7698059 8988459
9272450 9124543 9943294 8435548 1714036 2052932
5191725 2721650 7625117 1728644 6190148 7484647
927877 9492098 1265992 1629173 9724336 8454127
9656517 7722540 1808449 6249050 2499492 2990138
7683268 5404184 1834870 5492613 3165646 9409800
9071533 2630220 4495856 7427916 4290756 576005
3784086 8474397 3009151 4562504 3365709 6102654
195482 3281097 8301813 7158264 9348471 9488834
3099129 8105216 2407225 8054093 202733 9975518
7180009 3023399 6625051 6953156 752280 6309852
218061 9699112 9556003 8215316 2657110 3559928
2988790 3499960 5201342 689987 7845087 1249938
5444975 5094013 4356830 5705795 6053568 9218395
4688325 525003 6055713 2346035 2393483 5060430
7002574 1017440 2427487 4520338 247907 1267356
3950953 6830929 7722116 6699299 4344442 3666597
6546651 1980165 623986 4741884 4169474 5848510
4287492 2409142 260129 1157287 2609118 5108720
5618687 1474214 6969831 7406655 2264831 227277
254139 7872025 7305628 4495573 1212742 1639670
1132440 8468451 3252053 3933985 6739033 1014157
3527821 8745675 749570 690233 9159144 4073402
8594408 9946440 6355528 207202 8058543 9984341
4800300 5845287 8408321 7318767 8901651 8773692
4297525 6544297 4566098 7494839 6445160 6472416
6360968 2051077 767423 8984316 3609443 5701022
2596457 353506 5670108 9245971 7629465 3863442
4359149 4928454 2315070 2896429 8812247 2318390
3871748 46937 9813482 7321287 9695272 5367455
3231348 3813673 9566800 4478361 9636460 194735
6448059 6032982 2300515 4277154 4329264 7108066
3305979 9610092 6336996 654506 7610744 7705037
4314233 5554328 8215821 4544879 2959617 3973196
6458621 1401096 7732050 2247707 3623091 6398223
6658934 9039681 2355805 5399967 5752967 9795769
6134221 8118096 717046 5475372 2797912 1596483
1562927 81995 599190 5207004 9590449 9202155
5981394 3217242 2436192 2108445 3007054 4140943
7151633 8686468 854056 5593604 8019739 8235364
2462685 4200351 2409891 5902291 7618220 5289583
4752261 7906011 3857124 6541226 4520284 9492648
6987990 8838860 2756416 6619338 2981952 2877622
3374006 1251617 1810646 8529895 6266313 405848
3962031 4550488 6032626 8214861 8248333 7066498
8941713 540617 98357 2481682 3012686 8597561
9186592 5660635 2463774 5309606 454743 1684437
5345030 9440167 8696958 2943544 5120454 4168194
1384527 532295 5704516 7976433 2219597 6768121
6424717 3932790 7934037 2004042 1940260 3067731
9256956 6537400 9657678 6790625 7599513 3979666
9394290 4506308 5826173 4158854 7432746 7321316
413847 8064399 796874 126208 3184864 6826145
1708890 1018486 9430034 1864432 6830333 7716038
1361981 965279 8321020 3330235 6056964 9079896
663523 7182549 3720375 9396043 6052650 3917343
2026759 8554404 1840654 4717291 3549253 614146
8342020 7225672 3099549 8383200 7562585 4155198
5971246 6298508 747925 1107891 295152 921773
3637697 7392524 9707066 1941639 5428643 6634233
5658646 6064054 8449343 6746276 3495331 250196
3600940 1017804 2011749 6879531 8099449 4630459
4985491 6991598 7469232 8815887 3522412 9604660
4616489 2978781 3402693 4165821 7358989 9758456
8331971 9555631 6887397 2798601 5758345 8660126
4210276 85119 3125760 5206421 9058645 7485198
2164802 1595743 3730341 2849352 4782259 6544781
2143449 9091715 8199059 6117465 6122400 3303553
3452540 4821809 3870111 102406 7325150 2449862
3231539 1492824 8705065 8690887 8414305 3939699
3362799 802339 5259459 3351622 2669255 8014329
1504699 9779070 7932952 9984034 6651085 1926668
5874318 1767137 8196522 6857912 2022372 8267273
1559396 2214505 3433230 3583843 9346060 936536
4790014 4107870 2759969 675898 1974881 7565820
8780133 3473915 3181437 9790641 9486552 3979919
1285321 8791826 6422459 184729 4612766 6343330
5370600 3468506 8170724 1943443 4228087 5558013
4253339 6373626 9470452 437791 7131490 6199800
506468 9778956 1456278 4322922 8561608 8561384
5254360 828800 7804188 367131 1203901 3177169
8745231 6083676 2280584 4216602 5572590 3230546
1844813 1374666 7601738 7089900 8213242 5877553
2765811 2846571 9879782 7201955 6422558 5601254
8095368 8342341 6342424 6981636 9284173 9707596
2523641 6962399 230218 7861075 4930369 3783966
8539142 5003468 2264605 4993554 3198211 8144410
3277428 36737 801036 6239905 8592977 5756823
8598062 3416568 1565713 5578724 1557111 5715036
8681602 8052404 4406241 2202933 2271763 2861559
6834744 1763594 6799503 2572988 1692961 8610191
3000328 3983738 6444297 3817772 8550758 3209773
3612948 7772257 9648359 1735372 3924527 6385821
4800218 1855463 9749363 585601 8383574 5867604
8141882 6944916 5405287 4515181 9179472 6877964
9377724 6336208 2731705 9403045 8158809 1434617
1344906 704440 8343776 2190844 3239577 4609238
9312526 4780290 4865810 8355940 1965776 3784853
6066677 6946229 4127877 8020420 7402715 416299
3112196 6249143 3380019 931899 4431106 4748044
3204903 8485146 4804266 9566332 4440047 2214550
478067 4209902 9613447 8213741 390465 3220086
8042045 2609373 8615885 5140124 1273074 3603284
1001794 9785941 4979140 1620433 8448503 2233243
2750087 1357304 8933492 2315405 6290849 1909666
8054598 413007 6273334 3595731 8985940 4754430
9804972 9746193 340242 2651260 7877872 7755873
4171406 7852935 6555764 907790 9978375 4793342
1800414 7972071 4976069 9776735 9930105 4645164
9768904 1584469 36643 2571023 6816245 3082743
3281057 8162661 7919052 7703780 159143 9977457
6946752 4446313 3623432 3861454 5335152 1526880
3263041 8350533 1908068 7223266 7449027 595568
5677478 1842296 1378928 4140150 514991 8318778
6933596 8277862 482902 1628169 3826826 7401471
4717787 7233949 2929948 7257499 9370202 9715211
9836821 6467625 7693792 6578306 3961037 5532061
1169909 7938959 2636919 3449188 6513693 1579571
2737095 2545638 4135442 9441075 6893544 4973948
1703814 9140907 7647670 9600273 770184 1881280
9494555 5318583 619487 6221961 9143667 8101202
8596931 6005541 8980330 2192857 7386444 981401
2901775 9099172 7881258 5846867 2970240 2576031
5681859 3484408 1764169 8903330 8891074 1281187
3266028 5276712 340405 7956000 5553685 229295
2067540 236547 5697441 5812511 7083750 8642454
4912574 4947948 8795292 4535716 4852256 508151
2599240 544237 5159194 3154041 6539299 7794371
7092690 5856947 6170666 5071638 3918414 7285775
117111 591224 6427508 9338299 2955932 3866954
7760796 640931 451856 8751035 125316 7149897
5283959 7089264 2015421 9238803 934292 8022292
3780739 1146142 8632151 1256017 6304090 8346836
6121993 111987 8737413 2546033 863309 9696737
4058628 6995902 6318132 8411666 5695399 6492525
2214945 5574274 1992015 4928337 6774919 4211324
56294 3848204 418920 8009296 7870081 9450034
5778950 7853886 4922654 8148374 1290899 2772271
8653624 8861094 4287134 8080672 3216306 2843945
5129541 5214763 9777621 755119 4692407 3129414
831764 6872293 1393864 5522895 7023858 5360018
6030276 8852401 4371223 4420826 1199722 2455885
7927915 8112696 2241905 9287378 6767083 3009423
4774082 5910253 5705003 3545861 9758041 6834305
2205391 4134273 2357968 9148070 9798796 1560156
4433702 9301175 9155797 7289506 7177532 997788
8056170 256054 830028 9562636 2118097 2438497
8401048 4232797 7661371 1831249 152756 5103609
602039 5842163 8447679 6768198 5981036 8782153
7424411 7285903 7114251 4559558 3317504 2889584
3002050 6882206 9053605 2811066 9987123 1898546
3300087 638409 935164 1244117 1231207 6511029
2179395 5211446 3792156 3266505 5144812 5525244
9172933 374141 3981517 7254358 8546031 3956633
3112476 7665504 3320138 373643 9865094 9891629
3883536 3496611 6938549 7940443 6560586 5235891
3384892 5589981 4245673 5762825 8531162 9514346
4168445 9357921 4610955 1936650 4588802 769589
4989997 4157906 2141090 1589007 5386624 2943362
8908067 5747691 8336174 5096971 9698589 2321618
8578407 2926443 773314 1043534 7360580 7734595
9572479 4238952 8650860 8556265 9881612 9554830
1279570 3410108 1842979 4467170 3085913 9188109
9345677 1175826 3076702 2550549 5383646 5707188
7750538 2294529 8109986 3995187 9032376 812894
6899716 8287920 5891391 1924054 7184417 5604718
8741032 3124910 1997340 6876359 2364171 349850
2118729 6433732 4276293 2586259 309437 1976516
1100383 4440896 2661777 9148065 5751294 8522763
9244916 6027858 7542797 5066125 3292995 5066051
9624609 5577292 5206575 7837965 1656548 1593691
3663438 9355515 6225691 6238261 5726138 9961002
7190768 2469318 8811654 2726852 431819 8949914
1430895 5164279 1985092 6133470 2894803 4591479
8151116 7751650 2536626 7368628 2679138 1156558
8061920 3674906 9831914 6931288 7251750 6786879
5143274 4280763 4777183 2682601 8922821 953921
5750825 4862122 8714758 2700775 1957296 3281975
9711108 6518064 5596039 8592883 3635230 8128716
3080959 3491138 2682488 615096 9686848 3904897
9057065 6294810 6676377 5069132 8176340 2051232
129088 259479 5217567 2024775 7583577 6151055
4172730 8748294 6241457 1031170 382645 8032681
5876721 5450341 5794354 9254650 7657519 6161074
5560519 9469037 39676 1703197 3850329 3760611
4104390 4528178 4593914 872285 3625536 2628010
4277544 681692 6685781 6663526 2571686 1697816
8064407 7686332 8934486 9444983 4420152 4886935
1887258 2049789 3108493 4649806 4738374 4236507
8110543 9802414 8637291 515302 9508613 8707302
2011555 8425890 6409150 1456956 7920385 3055399
1557141 3300445 5122758 3613447 6753626 9700952
1346899 9213195 2878655 4096537 1190242 9971186
7226587 6115536 5048885 5152740 9815938 1800539
652118 9454584 9789803 357407 2761741 3823121
3990719 3762241 1173079 7978479 4651970 4145796
5288665 6607451 9765947 5879086 7887842 1119707
9764177 8273811 5296163 3407540 3302907 5525179
1357852 4014006 8612172 8666104 3288715 3393077
3658417 6858815 8609951 4608611 804837 8465801
3265596 1199733 538703 1299636 9622728 2991384
8527872 3368420 4561225 8732858 8807871 4582790
205238 1347501 8227693 3929177 5388562 1542127
6504376 7244577 6151676 4264623 8999555 8747735
5210949 5324614 473526 7780002 4320062 7793154
5535844 680054 5802614 1300146 2613490 6688108
581004 8464540 8651083 2304778 4879667 9934486
963954 2624993 5206134 4029381 8460865 1941213
5165383 9729239 1470252 7067824 8104234 3560259
2314124 9000972 2200177 1790967 6088687 4298113
2517858 747870 9048358 6768070 3197014 8127816
8780176 8905091 8734011 1539584 3348173 6924021
2891043 4199597 2364910 6217190 3300669 6374562
3541600 1181567 6863749 8532312 2614619 4590822
6322902 8468019 2575819 2242354 8986022 3612517
4487930 8790036 2375853 4352970 9786920 4131797
886128 4195884 9427978 7078318 5249205 9555773
3207202 3625798 6381065 4546230 4176780 3904637
1195349 6096934 5700302 5825615 8249367 4907119
7434364 3985545 8133251 4457535 445167 4728995
5551996 6537821 9919069 5121493 7051653 4558136
4548168 8538073 4412677 8233112 5331061 9104785
6946584 6463282 5932362 7307975 5325110 8988820
8209756 1776671 4291238 8671182 1047005 2889088
7912214 8662315 540669 7468733 6918605 5801374
5998546 6428593 3750716 4698982 1526321 8711383
9636704 8085708 6574144 1822929 9998062 5638707
9491959 2962236 765872 6595517 8879031 1786084
8974757 126388 8660435 9144430 6247778 8668496
437757 6880814 5490816 7029980 7209279 8389338
4017467 7079435 1619467 8611302 2234566 8902468
5354069 2247601 4936961 7220979 7671270 7239401
2414675 6386827 1778608 8652531 9179222 8084768
2123216 1316696 9783283 8754584 8493975 6792217
7140939 6854116 180814 5082219 4261225 4645506
3220567 2606724 876429 8184806 7805461 2918627
4019239 880657 727670 1863404 1241448 6631430
6849123 1753778 2455118 1421033 6729754 9860951
6889887 1785226 7701591 7406047 4906764 5892582
8606054 5262883 8585459 4827250 1470363 5380450
8721654 271849 7986376 291454 4000411 5064546
6362972 4229869 8581366 8859981 4633291 8298565
7357097 259812 75248 3151853 1905460 6740197
4337098 5719905 124361 319863 8192332 2475999
6943915 5814519 7699959 4983846 9578751 2542578
4333168 9191988 9410294 5347220 3141749 969598
8645054 6557669 7753366 7390571 5058061 2499884
1279584 8029906 7151934 9403026 48949 4646952
5817333 5454200 3357422 1845261 490151 5750457
5256088 8401791 2079517 5510376 3347539 8185892
7364586 1379126 4651118 6038787 4526813 5441303
8888271 2009877 7118062 9105650 4506799 5347791
8986831 6946526 661844 7624477 9040278 162426
5324065 7540888 5765569 3053007 9166512 4124550
9185156 2487906 8701836 3659836 91132 4739958
8890081 3134677 3210130 9567474 25985 3678935
7848766 5240796 3503092 1710630 514755 8039072
7528889 6711683 947401 8009631 2858429 3543624
5088613 7631611 9361512 1917091 186311 5806650
2420322 4311578 2212613 526567 6853631 2038906
6739466 5228434 1918744 2378103 215568 1372122
2137660 9419357 6920541 6982909 9775710 3799481
6659333 3613434 7026133 7726497 5524117 2454829
3177149 1175525 9629476 5158211 8571223 2459521
5378446 6972990 2948366 7403480 7147151 5714406
1466321 7322198 8387165 1464185 4971163 5286320
6120328 5150786 6496114 9575278 5871970 3439072
6623083 8105704 7855900 5562031 5257757 6572876
8780516 4693825 8787460 9757784 7349418 5678106
2409429 1581255 6657211 9459223 6999657 3242578
8423756 4734180 2272205 1206134 5516587 2453511
5412316 5195148 8642270 1739813 1606168 373331
5958714 3601870 5303554 6190404 8535128 465518
4603620 9816414 1715232 6375489 8622963 2453326
6926945 1708537 9972780 2709058 9054755 3389908
8629108 6661104 8151128 3253536 1151522 1137789
1166866 5416948 2589116 5402388 149715 62609
7930606 7040703 3087656 8414129 3799069 3747547
374551 6219025 3046126 6191692 4855602 7183242
1527345 2048266 6111217 9818878 4279188 3808049
2480731 2703257 6140392 5252361 3110704 4945064
2222202 2705177 2450347 4165765 5023538 3118179
7876402 9201232 9666699 1652623 8444883 1582259
9365670 8512816 7909467 6225232 2334506 2835730
343781 2437416 1805502 967886 1726190 9103255
5026572 1347987 1137759 8781066 2921656 7446457
3922216 2678244 3929999 8142592 6191926 1093891
1297200 6208786 1195486 9927947 8315290 5654369
7516543 9874721 3603383 4528957 453207 5766372
5898581 6255498 368750 3304662 4908579 673288
3139561 1254316 978986 3347091 9139193 3675550
1980420 9095335 6279575 2220241 7730406 5766638
7652260 1223078 2320890 6815576 4928032 6125720
1640243 415834 4122125 6151132 3451342 1851469
5499872 497614 894780 5371387 2882485 6666158
7077707 617554 7769664 3256711 5003030 4937609
114904 7950108 7069592 7519936 7947527 9219955
9374794 5296302 2144314 7836745 6876697 9230129
3445481 9083005 1327466 4243030 1664418 4492745
6551162 6988429 7802974 9127517 7847219 8641579
2780770 6609032 6212850 9613417 5142533 7112852
7996974 4395548 6220048 7383280 6700671 6977923
9056127 4120307 2468307 4902170 6776338 8155039
9707154 7663126 3620916 1664650 1925905 3799479
5338691 2834677 8953136 3276919 6705548 8014601
7134635 987386 102889 8428013 4739166 1338494
3007105 9761376 153769 5031462 9839771 2481148
3010080 6062201 2382334 4349543 5186902 7544111
2024437 1648992 212090 9647935 9420363 184092
5020662 1116119 4683126 2413370 4274726 2307856
8159715 4720054 7690000 8205447 248645 5713284
6875034 628113 9381141 1129813 1895064 7014961
8001270 4675691 7823355 1139768 8654569 5863704
1417145 989148 7647774 1409025 1252481 5056556
7802510 7486700 1567023 9918796 3407351 3623046
6655367 593734 5486650 7845912 6871746 5119716
4791148 4804633 5813555 6669049 7474508 4558788
8162970 894624 9753927 3197129 1646664 4744672
2360737 3880893 2461549 8819421 996225 3285578
4660081 6750690 3467572 2633443 402936 2761945
4146260 6956238 7220762 5758094 4474445 1301330
1528311 155357 7803944 2703639 6348619 3849936
50149 4748095 3514639 3088986 3246055 357857
5302628 4605381 5840035 6822351 7558059 9526457
1161497 7835945 9597509 2201072 3185830 121056
1652143 2157704 4401697 3051610 2522789 518270
7338026 2404875 6420178 8452597 1668818 1491307
6940727 9657097 7532274 8611613 8769272 6248130
9770939 1571095 3504635 3109715 7330815 5797555
6921910 7323909 9398178 7694304 4596597 6638499
1703821 9327238 6969526 7682888 1051495 4190915
9448238 6998538 2225306 2996368 5750959 841179
3937678 6850031 2936562 4348728 9881623 7900961
1994183 2549883 9066672 3349378 2430133 1614735
6616420 8542428 4826889 8604141 6129700 5198879
1120092 9643721 7808278 9781678 6748775 2341579
4521780 9257838 8605602 3341358 9163374 1770733
4022824 6774570 5820135 2663456 9172036 480783
2860992 2573182 7442285 1497217 5700121 2046713
7571827 8354442 6897105 5354791 1066468 2509066
9364026 844097 868838 7026426 1876276 6107238
3032900 4155999 101255 594983 9826947 623784
9295358 8652824 3386509 7295938 9326554 5655562
5794599 3952963 9370392 4346105 5743148 3556518
7756593 9622874 3943600 5761565 2209851 8394333
5444473 9166989 8191370 6096536 3977332 8319277
901895 6996397 4898294 9712897 9630555 5016036
379528 2266009 2746234 6818501 2201858 7047296
8660204 275888 9027888 1241543 9560191 7113504
3138674 5017920 5100948 7312320 9269833 2253401
2163637 7271335 1946148 1706922 5150509 659958
2432414 3198822 4675492 5067231 6394043 2330156
757267 6081702 4322408 4354355 3966577 3477139
810283 938092 7421016 6896304 7101360 1933963
9366444 4202930 9606797 1077866 2957862 8959411
3218329 3589574 7726563 2644893 7549260 2359220
3069888 8672605 7115500 2086276 4386086 9003035
2371804 3592972 3881844 6697731 484275 3478489
2791096 8784318 1051343 1623808 6502036 8331741
4832384 5267333 169974 12184 2340477 947578
1053160 1354547 240960 5716080 1848901 2804468
4603592 8112374 8532442 1963187 1284467 5293971
6361639 8724007 6552005 8417980 4524500 3508388
8052119 2668713 3718655 6128308 8286769 4173543
7908068 1594520 7087538 9394822 7812508 2281926
2189245 3057703 6332128 6167921 1033115 3031539
8762074 6655723 1744070 1077375 2094138 2371900
4946047 827908 7499850 5757371 5262169 7778028
1779736 6414404 742833 6661586 1960065 9671764
7228923 4924852 3067777 6067416 7808012 254381
5716930 5208770 299866 6250515 9773942 8226763
8961843 193718 7690892 3520466 9655905 7868776
1764317 6974743 574574 1346755 1182260 7458861
6673693 2150696 6332351 9309509 7615086 1398103
1539092 5527658 1097638 6660363 8938997 6108262
9963761 2694658 8847711 1489689 5360445 6885368
2072033 8695531 1053965 9273087 6795528 5068451
87136 8259270 6758498 2874056 4897269 4985321
9097190 5882168 3742592 5608916 9393723 5657315
3922029 6407421 7593684 8901763 4711422 4246283
7129124 2301479 1254720 1582630 3556705 6961247
9021065 274627 1614298 3689205 9274721 2486728
6404895 7400606 5355168 1263899 9222372 9355815
4639605 8665036 630389 6112316 7563173 3056829
2365670 4354844 3300934 3190395 7567659 8953023
9291684 3170270 3984109 6807682 2143962 4494049
3813731 8504506 4702565 9797250 3852991 4622641
3371023 5407984 6607446 1255863 9204020 1993117
302147 2658129 7185048 8237868 4262157 6046386
3615893 1016808 4738306 8197891 9216959 9201860
3660313 5830669 2706967 2661274 4397521 6104451
8502619 9597213 5256643 861118 7450168 717866
4653250 4842354 4812044 6007748 2741293 2155188
6449382 1109807 5150824 1307816 2888248 4909529
1767975 1053815 8908112 7937722 3191788 1127153
9755743 5615839 9287546 5500705 6136937 8022322
1915673 709748 1010462 502995 2753243 9606806
6736473 9441028 5207961 6467181 3584618 9419802
1234342 7608145 8275515 2583117 1748508 8107152
4051036 2352496 2942420 7797438 893299 3343706
7196338 564897 6405425 4129490 1105375 1834328
1430320 9152545 8705417 6789722 4092074 2031544
1144726 5946387 8356563 5544017 4571343 3447220
9701568 5300793 7469197 9488309 6703380 5583642
2851638 7172626 3867331 1180393 1449669 3784441
5079901 4118235 9816449 7666756 3306656 2188346
3201381 2606983 8335652 3373632 5036861 4432072
714385 4444620 3516071 6243971 1438390 5802121
9750589 8507018 7781153 9495200 8095869 5592506
5874509 7708029 3861516 821782 1277851 3932749
7966997 249926 7702876 4920975 1709820 9973839
2215094 3477969 2639731 6168216 2342635 1964359
5111567 6327936 263931 3037124 8773924 2258760
2067571 6607667 5734235 8065210 1429804 2942650
6003288 5584700 6022365 4223943 1792247 5598627
8326829 2379599 1329131 4402903 5406634 4786934
6729196 5793409 2734799 3542231 4028876 7960421
3162389 3582372 6164383 5816793 4383633 1767933
5328574 2837384 8934104 1602756 8754210 4670184
8198514 9901787 8820122 4760226 8917687 6125119
3951473 7991151 1685722 7041103 7841387 9963035
635227 708664 921301 5476997 6307928 2980514
9523960 8525339 2578790 7773813 4902820 7847431
6778266 186494 1201067 4254432 8895368 8954862
6664522 6724072 3625389 6658947 6204388 5504847
5966812 1968970 6875721 6609680 9590758 6037724
6274698 6121285 5740985 6201347 5181566 3674969
846631 9851577 6529456 5953590 2078796 228870
2091393 424700 4998966 972690 7981959 8731193
4924052 9697040 9095783 2730860 376581 1117314
6337646 3976280 4504275 5416454 9510184 4338957
6104792 2914280 8934581 6541066 1499115 8781534
2106446 576919 5004927 7526098 3407801 9043791
2425405 710931 4645276 3396518 4567553 5779688
505880 4994122 3987011 8144528 1685627 9893717
6941941 3543838 5744704 4623671 9863701 1205286
9170694 5430176 341392 2190498 9848798 9164515
1294289 5550327 8925584 6217432 8866244 7405039
3726265 7397954 6289239 51991 305454 9665649
6472037 2941127 9408726 8724586 4910574 4516062
351946 7960264 1228652 9040863 9599125 7955277
3036830 7482775 713218 3799641 8355403 7977624
8702399 234907 862133 5480761 2102229 9017226
6854103 4288448 6127878 6581971 4418262 4287673
3604478 6889950 3238383 6079054 8151633 6922573
1796560 446107 519602 5825330 1838551 1888533
7935863 2253426 5951202 970307 3180602 1383468
6691821 9926624 9042550 8311614 1349592 70547
8803516 991276 838898 391499 1870483 622126
8388184 3769975 3542001 6940978 5436384 2709174
4716893 6957775 9331141 3790644 2003081 7909296
7458022 2877068 8396355 8973599 7544898 9848803
3066024 5883795 1107845 4744409 9890149 4491638
5245123 5292864 5540357 3167836 7275538 7160357
6083674 1405060 8575623 9897476 7437146 8068576
8346532 994884 6817041 3242027 6253414 6222826
2052327 2901176 7923542 1133253 853592 8472523
1674192 9829916 3446378 990095 7325475 5986688
9514280 3643774 3879825 9050363 1695855 143520
7168817 1549056 9682237 2170783 7706970 598021
9333672 7560545 5439922 327779 627067 6550013
3031761 9823996 9630381 4885018 2692081 6988973
6568095 4111869 4439271 7067834 1493644 7445622
3713979 5093578 4079584 2588935 383196 3793371
4188750 9296168 9299028 6673520 6073210 4704357
6540589 9881543 5194206 7325521 1799580 3293046
3032600 1346413 9202848 6896364 7958334 7501478
6356306 4629261 951692 6890852 2482268 7583985
5704248 100982 55412 2236614 8456804 2613391
6518436 6744737 7177349 1646551 6139028 1330899
7250985 6358240 3750786 4926023 8344429 2810538
1794767 9242573 2312288 1146225 4035233 147231
8242774 6817614 7135244 6578105 6232628 5753934
2841678 7297897 6813900 1715042 969272 5972227
4648945 4303974 1424739 2580814 807085 5054843
6115696 1386049 5207384 7871949 9645379 1600093
3750691 1430282 6284831 8141154 5096085 3239694
5271696 4558022 6065749 9908180 3993840 1639189
5478146 9940330 512108 1423414 8804873 8841130
4516998 5535942 5388968 7778559 277078 4040454
1385799 9213952 8435488 7257445 5030528 2649183
4939846 370825 7172235 5535151 2827413 4802345
9469102 4700523 2201812 3574206 6443345 6411249
9906477 4740764 310134 9785549 7102668 866754
4542734 4692281 2581176 6366253 3354950 4109436
6211125 5972132 1153204 2244377 6755355 5882133
4804206 8014251 9527494 3416565 4968333 3623015
4466954 9942994 7112916 5709762 1954312 4104349
6639318 942792 9092596 8977718 7872081 5536314
3730320 1600249 2111283 7568733 2714710 338246
68007 8573593 7015874 3062798 9324026 6855281
3649141 7224725 7945168 6319679 8770000 8429094
6883755 6489912 9772430 6687118 5318595 7159673
3753837 8832971 2737969 8476827 9726935 2412158
5016840 7233406 8100051 5616889 8514057 5155105
3770849 7235472 5299540 9189247 3348557 6394740
6607141 1404155 618968 257635 2060620 4729586
6159180 319639 2172792 663502 2093963 1382169
5763884 7043201 6281654 4951609 3814896 3881738
7600277 1591180 8846657 4603716 8045958 2090620
8755230 8032252 8710668 2790063 2548829 1534527
3129553 7694508 3141354 3377689 79977 3914440
6540705 3496202 6772351 8008382 2317646 9407296
239365 4353338 5139442 6717882 9853004 1470855
8873450 8819239 3420576 1417801 1588969 1757377
7548083 2003424 3358196 8528347 1502405 4028368
6018918 3369117 7770809 638264 7533948 4399455
8240814 2386195 6963224 2367214 8410904 318693
7109387 9591894 9273533 9439360 4364350 3692620
6951177 2037348 8179247 7239813 3916612 3729589
8113951 1711752 6105538 1383976 5829605 8076552
556243 8012357 1993796 2743982 1989464 8948529
1636486 9601101 6819389 739987 8477067 7466809
4507630 6506236 408335 3101882 4308413 1997075
2483843 8108723 7639074 9665576 1577170 9465057
5849120 8779105 9452504 4041220 2524312 5822196
8293917 6856837 6556589 8886671 1810971 398546
8324897 4365405 7602430 325004 7802873 4763249
6873230 6211190 3560280 712438 2732182 7410376
3321254 5012069 7403338 4108462 8900133 7720882
437478 890666 6435187 2528739 6894862 3210358
9496024 7595266 7076788 997193 2446070 1620230
910219 5620958 4695265 9788 4776984 9943008
4394645 2158839 305849 2875825 2792345 5365980
5904776 5136682 6046922 2042128 719966 7512242
8418858 4185454 7956704 8835707 8449193 920304
3963359 5796157 7470543 4392071 828980 207606
7686460 5876037 3765119 1940050 9802218 7111224
2715110 3311465 235084 7460329 9713817 6741293
7415032 7561653 8098321 1069207 6623962 1758179
7163436 7453895 6875300 9564546 2578335 8260616
3663525 2074512 7171765 3774960 6046429 8980827
2472465 2573 1329859 98242 5189365 6916308
1600860 3964726 5334464 8935698 9327018 7408500
7277157 958528 4471636 1215410 1420674 887540
2821983 2894151 9172194 5712363 7228634 3375084
3332306 8121913 3297702 5504503 8276524 7727705
9939459 8940150 7265035 1254257 4987863 9711244
5411434 7316789 2372288 1182012 9468346 2659236
6423715 8227738 8126877 9466800 2287388 1619806
3788980 2448114 653838 6284224 952977 3152277
9808632 6760102 2773938 7954774 6765936 7067451
3618605 6096357 5688202 7606758 8996239 386867
143464 6022900 5970664 4760392 5803976 4103884
8515252 1639970 3425805 6512958 9288647 9000896
5248207 3865506 5834525 1677896 1715522 5828409
7073866 3655234 7987173 4112757 1445624 8227761
6937305 7456659 550853 5304837 7563407 3371989
6971034 8816956 9231498 7740009 9323335 6264487
5649141 9028588 6644138 6549954 7768972 9313006
9726472 3295674 7471454 3773041 2706567 2900430
1232925 1940709 4380834 9859792 532891 5341004
2399694 6030707 4577275 7742903 7823086 8347317
3553031 3210414 4076563 53815 9541923 471690
9769398 7508197 4542170 9570038 6028754 2686934
9184271 523912 5886261 8674166 4386285 8149949
756306 3164263 4750092 7650422 4071911 5622697
8991154 7111241 8284065 3890494 5340315 3292628
1687211 7906238 1205501 8296820 2996922 4558557
5236443 9672656 3753751 6999764 4003643 5198369
8358259 1662887 5911955 1693899 675521 8979
9454743 3725527 1644421 6427325 6986596 4658823
3597224 5902609 9138502 8453865 1062660 2430681
2187625 5878903 2167882 1249542 7882826 8122516
1481433 887450 7526990 1327703 3437723 4713628
4396198 3756542 9160619 9551722 9292162 2409024
9710742 7297255 6435720 8275085 4435751 1614788
1648206 5259885 919641 6546678 4699595 7094313
5420055 6782577 8609996 1323069 4812138 8124739
3030487 7108717 3780060 7789438 212466 9788070
2481988 8127039 287803 6930793 2031127 3230054
5498203 4045502 6610446 6729477 8743122 3765405
5994961 3912539 1443152 553093 9601336 2622940
7202874 4934754 6187854 432676 5907648 6655145
6103632 3073129 8944404 1035879 6521235 2183445
8628964 1921303 7084788 6647649 5793096 6308711
1326984 4717413 3228758 7689587 1048474 654093
483866 8690577 8039455 4844590 5328108 899598
6681587 2477393 7507380 1157119 586563 5277711
3600216 2049312 2219390 3632658 827160 8957997
4285649 4462323 7524266 4427001 8100513 6821819
6680616 9347311 8119442 5134440 9226109 4883923
9394181 9513287 3886280 5533760 9948810 7217071
8615690 1259041 7745021 8044805 4354292 4043842
4676064 7471844 1334740 1807077 3047433 3743784
4089321 7694325 3890252 4270761 3403937 6586150
3129827 6056864 590063 1217635 8163973 5980796
2780155 1547146 3251283 2623457 1762937 1073276
1391431 8066455 2100501 5002319 5016967 9568119
1212975 6240844 108031 3480423 9750936 628669
5487078 4873539 6299878 4375658 1045119 1531784
993671 5123420 6109349 7300129 2403933 3891945
6627007 7398054 3095068 1764225 5264649 2807146
792559 2052607 5708906 261463 415645 4980977
1643282 9087002 2677357 4322132 3057785 7163093
6478119 9649403 6305928 9961394 5730557 3290433
9680917 8404497 502027 1719499 1629785 6639517
4963926 4091302 5662522 8208556 8375311 7618913
6473051 9448750 976194 7300885 2687864 7698329
4919762 5225615 4457894 1318901 2732375 1958117
8854426 6671538 2065635 8946256 822009 2754529
7586017 6665613 1667497 9804634 2083307 6860152
2305119 9073059 422821 9069389 5297537 6324342
9318454 3434726 711691 5058444 7849081 3609034
6186898 9177234 6961539 8607598 5041631 504941
8832539 8362016 5672122 8543909 2865073 4958247
4573882 6017669 3269293 2907993 622538 1709697
5951416 6668416 7365443 4116042 4995766 3614804
7275507 5850373 9928077 8133551 2000446 9297648
1246425 3795981 8822456 8456600 2759357 1644774
5792989 8978418 1623981 1162555 972094 3721290
1188029 3761209 6207986 5464574 4495507 9279867
3055049 6410460 2812187 9001993 9107028 1180665
6243591 2070856 4181468 3346734 1332090 9191258
576864 698987 6361569 6374473 7297484 9069091
6135790 6117281 3258312 1624518 7115003 1644120
85715 4788860 5696322 3644152 2928012 1234556
7406818 1810933 1354866 648209 5078502 5589986
6485460 2244432 4688953 7641791 2213008 688500
7463306 2446255 7646328 2432723 585691 273106
7359721 4813555 6463725 7138895 9328783 8378225
6021555 1430531 9295456 1168067 8916277 4318167
5484342 2599439 9142844 2946911 5939915 9521156
7836392 9928654 5620485 771583 9889012 5053051
4380137 8493999 3904273 2569811 4161212 4668747
3997791 7652992 4203169 5423215 6284430 8114456
4770831 267923 2482150 2976641 4626653 3647970
6294529 5317393 3328154 370785 2157448 9613568
1545656 4516394 6506339 8125171 4596331 657036
4652620 6588137 4924542 1410673 2758757 834783
4473951 3451744 7269319 4626708 7170275 1263284
114998 61127 6315009 1028387 8176079 5671992
7039006 4859750 5302001 1972515 4477054 4571619
1724896 4009351 6336551 4290705 1024154 9644817
8162408 5872620 3056661 3546132 770594 9696292
3189913 3360158 7509165 1647367 8502689 1174908
6378651 1667820 8147117 2064869 255787 2096320
3298559 517268 6340314 834347 1086165 9736580
5355035 2680105 2111083 352923 9685776 8749406
4498232 183246 2427590 7624501 6464300 1297655
8206623 6568865 9290533 6618716 7838474 4815921
8162827 5391638 6357061 4127092 5593863 2809234
6424502 9660027 3753564 4240230 992146 506885
3304502 7328060 4786455 3320081 8191097 8090488
7585209 2836990 3674381 8759759 7149134 8319443
8747318 8754150 5203519 6849462 3858246 3686921
2805787 6679842 2678794 1524393 2671519 5694526
3379518 1227942 7086242 9301849 3928421 25749
4995841 258002 9191100 1920704 4319998 9136240
6511199 4886542 8377768 1200044 9033507 5001483
1141539 9403068 8242504 8037618 5379773 6839713
7605714 9575039 5801780 66643 1434442 4312303
7828090 1780109 4656540 9091929 9940562 6963155
1004246 8283359 8908569 3648632 3763917 6891132
9128343 6826614 4434151 6067279 338262 8971703
5309153 1605743 7646335 7677311 382853 3268451
7452021 5341900 5848168 246528 1696134 4353381
4223968 4929198 8823559 4878796 4092613 2539888
4479699 7419270 4945980 1414613 195798 750147
6092914 7492907 5639150 1351371 8909274 8553159
2405561 1538435 9236777 6830077 4757489 9828699
6665967 150779 1397256 1388089 1639907 4598661
1114986 757717 6587225 4555187 9424663 8834719
8067573 4249546 2734000 1894262 1587579 2918992
4025723 3894540 1409944 6896188 1584396 2889945
7629301 6100650 6432625 7295009 7840966 157698
5116604 7393891 171708 8994859 8212828 3941833
1142632 3091610 5779362 347318 299626 9438081
4162921 1537726 8068243 6804431 3283798 4659728
5819158 511299 9950855 6317784 2804353 862949
8418754 9769779 8566383 8507310 3758787 5539256
8166035 3819976 2916750 6429526 9438583 2030772
8663010 9072713 6036718 8792167 751630 8495969
7139629 3678404 3594913 1971863 2733267 46669
4821702 824869 2816852 1772897 1475850 7329667
206842 8798819 4589537 9308759 576104 8443049
5375450 2635321 9332822 240106 2181283 6479650
6521330 7733394 2099143 6037471 8141420 4211084
8623010 7026991 9759669 1454886 9178155 9125949
7268035 6446891 7036512 8519713 3685608 2933917
2722404 6393138 2344126 5587082 6222684 639764
7441234 9354251 8496608 7593668 3416717 8116308
9163147 6899523 1497121 7115263 5450532 4999872
7947526 8784230 2683449 8605767 3149887 4448859
7569998 8751956 9620663 5463587 2040723 4129213
1406537 6855736 8949713 6398904 7517701 5788144
4135524 934247 1510710 1459378 8596236 8787169
5714475 1029341 3610274 1643361 2291738 2278632
7628828 152772 996358 2036639 572187 4901377
250468 4116636 3243250 7895266 8017084 7470727
1019100 1977646 7313527 4367395 6187131 6560980
9166594 2764243 9381821 5708976 2979739 4516285
3489162 6488147 187993 3896279 2891291 2120545
838585 5926637 6460218 7342031 7834759 1887950
3132855 9369897 6283549 4048336 6148435 3401064
2544894 6240257 2917163 4039982 440278 6618589
1473642 1347080 4842209 7049293 2476766 9527494
2896810 1919852 7173033 6480073 8547477 4084039
4713383 6354189 1225344 1122704 7056681 2090446
1010509 3677069 4142887 5425576 1234540 6817233
277431 5118257 6615808 5980756 3164082 6739482
1599121 9449180 6047869 3569404 2422637 1544211
7278336 3789291 3449870 6932723 4445220 5914906
4714917 6652781 822420 2199509 9334953 9794245
2175720 1422189 9183575 826716 3029472 6763208
2475702 6048065 112540 8024976 6771862 7358508
2911686 6916054 8755770 433551 4880952 9098297
8036170 1143979 3931552 9681133 3844368 3267390
8640575 4077785 9231849 8227980 710658 4581758
5994813 8077921 5783304 6821562 3805036 1741893
7555906 772404 6419707 9284660 1093701 6374571
1431670 9253359 7017429 6091362 4021037 7529166
7159136 4281366 1771829 1724123 4163339 8190973
5862693 2494586 7577820 5916185 2186140 8951686
7531359 4247721 5337406 5530782 2030162 8693940
1575203 6090123 3111017 7013877 2877644 4108547
2678589 8751509 50277 7556980 8249462 4591008
6249960 2549213 56748 1702683 1068843 6429292
2809928 4270690 3914582 7592331 958869 1310450
4164072 1639721 8586263 7468020 1753301 6845979
1037164 5900888 7223197 8323488 4516158 7930913
4418148 145259 1403722 7663282 9045533 5411829
8140695 8305712 4245123 2986811 9666224 9636926
8894938 5828675 3178877 8908114 2720853 7759472
4779358 3982872 5131253 1800567 2849804 1237923
5522284 5210569 6998207 3204297 6519816 2348574
7367811 7926472 8033055 2125834 7284534 923584
5025570 5146646 5225156 8502752 9451635 2653157
7065326 1177261 1973497 8949336 8573082 5924625
3667102 2129050 3180035 9463724 3544130 533285
2799660 2617580 7295455 165799 2140997 3834963
8413622 4936398 1785896 1896549 5618999 1739752
1603871 6769103 8544140 2255293 3882544 7574206
2534316 6276605 4531237 2478096 4735241 1672542
9264425 6572947 6637487 1073581 9537195 4390766
9168538 7904087 4382341 7499770 9326174 4666953
3628129 4859770 3005648 1390192 89130 4515237
867261 5168776 5558261 233745 7345465 1803978
7380485 1411808 8246505 5605828 6929408 7267525
6002047 321563 7882339 5622912 901373 5568049
7197476 7340040 5399202 7395129 2728010 7714912
7357410 4104100 7442929 3877186 8627163 9022773
4568558 1144123 6187475 16000 1610835 9566464
6114281 9030680 9227482 4833509 3693096 8125386
6144260 3562710 974678 7114816 1497722 9004610
6784614 8005217 3958397 7437598 4192716 2749089
9116034 3472131 2440765 7843349 2876334 3241364
4361049 3503298 2784644 9223731 1037269 5785285
1080049 5986047 8710728 8315875 9508630 1870692
6340567 2363967 3646943 7273815 1250869 9165300
6740233 242594 2606377 8438318 7092572 621946
5064376 7130959 6951406 3438385 899965 8138703
7125698 8270932 6154346 5986117 472459 189798
5340741 6920529 2525440 5189393 6034766 5511675
293882 8468739 8496586 2087705 1097031 1828749
9102146 1842219 2221262 3275465 1103115 2633739
634987 5922731 6410725 2162698 4159355 3906310
8833878 7641664 5086081 572024 1190176 1237698
5716345 354449 1891507 3457145 1933073 4330340
6639859 1550840 4207828 7094701 8144435 8623833
2125360 2976670 6033927 5122656 4336239 9057746
5917441 3850233 7167816 3520606 5351130 4549728
3779073 3178043 2761173 8619130 6355514 8393102
425594 9721858 7278563 7258887 6371359 742582
9937242 5645000 9909145 7890921 6635606 9552274
8425911 3540285 7778295 7786892 37337 1182684
7872382 3711221 3305424 6028334 4654582 7339942
4069881 2195738 5003318 7341778 9678071 8755030
1569166 8020729 5195326 5814725 6669107 8422577
1345270 4866472 6605311 5291345 5185414 8691238
9148601 8026519 7214626 7615542 5094695 1810845
6771432 5992181 3140705 1578488 746747 2644292
5087677 4397259 5067275 9938620 3189005 4175620
5739263 2595463 5966929 1154115 6321755 8614876
4356948 2611185 6871177 9355718 6441621 5170865
4577373 2581037 8525807 4614185 6879733 6628062
125316 6454339 7101043 3192473 570345 3685890
5614324 9990678 7273982 2551033 727048 2271848
3355301 1406650 1677466 2429690 9552082 2589950
2724309 7994485 1704764 8599750 3258594 2483509
4939667 7415714 9550559 7969840 7001114 8165709
4118485 473491 7517525 8439213 9813304 6734666
7074577 2546790 2025117 2281038 5539791 6331076
1340894 1805914 1884137 4599329 6000417 5034971
3493398 2147683 3028955 5935856 1889876 8885247
4923297 1525565 3195744 4617533 8252805 3154631
4135331 7644483 2989563 9108272 8432548 253556
4754322 4916088 1593346 4942799 5355113 7005292
564833 443271 2454694 5373688 7258855 1452680
599372 340338 1415297 4515587 4476442 4853431
5136754 8182628 8583615 8632277 3515915 8287738
3538922 2457043 4293984 8870485 8145706 7895307
3341512 2232622 3373365 1630581 9845006 1084328
3441625 8550598 6792569 6023663 5371023 1446605
6430553 9549609 4266710 1743064 4018161 7912466
1739334 9619744 3168040 8136132 3971517 249920
1669941 6122044 1400173 3305607 1403877 2898069
2711307 1694347 2297564 4559386 2032175 5026233
8079314 8968791 495332 330968 1073961 5925844
8060861 9113091 2811605 7137010 2201724 3966305
4021027 1795857 8438882 6381518 7131151 8525962
4727267 5205380 8261104 3123444 9960640 3722962
9684155 136017 7146720 3894500 3312355 3676675
9149040 1871166 7517434 9240477 3663749 5049370
7417134 1408365 8545782 7242196 75271 4858426
7438315 4532931 3920320 7433867 9284580 9608019
4459187 6329789 4563196 3771601 9832119 6826795
6765128 4955869 9008151 6772370 646813 937944
8779123 4166361 5800735 9134929 7987969 330557
6448871 4780550 8132108 3389512 8964383 5722785
9980180 7485070 5130109 3402677 5685129 5427709
9802641 2250287 851437 7538700 9435312 6982566
9113479 5377438 2039047 690638 2475348 8707879
6041219 644764 761552 7607838 8463073 5908910
9057691 8303385 6544961 3589762 984995 4504029
1475911 1069675 7365405 8840410 3791421 2347049
1696686 3362451 9270739 3580442 6969728 8396525
86506 1240422 4731048 8818169 21449 2610530
8291510 5758232 2305201 9424228 7348292 8319619
4961232 2372342 9021996 9221198 4344986 7381744
8882747 6212879 1265291 6347407 6062789 8365637
9617161 273068 1586017 9691997 8993952 9112897
9437139 2460777 3675036 2365027 7521331 7222651
1177861 239522 8281935 3934431 5298251 5226763
2198828 2051682 3721382 9045786 3879178 1419078
3325052 2475487 9017464 1888995 4697694 756848
7131233 3739098 5177633 6365410 9201007 9748380
1024512 8599512 6764279 3192304 9987089 4887515
4644583 2596205 4851010 1799345 8043336 4105464
9099808 4948316 914627 6038528 4148579 4011106
4644254 571374 6393890 166938 6366945 6518465
95432 7548144 7763082 2918187 5233793 3782232
2045017 4812451 1038514 8533554 2909918 6698739
8462483 9006523 2064593 8833866 4401202 1282972
6568067 1525707 4432150 4912000 2789186 9749378
9842221 1092705 9590519 1166526 1721155 8629633
3354490 857574 2232567 245814 3096871 2438945
7124433 1726395 7362411 1068777 9754327 3230885
3066950 566253 2038398 4215888 7576044 5142055
1946512 5810388 6170172 5110917 3598870 4841237
2086314 5183432 4758957 8013704 3075966 4141088
4191713 878490 3091295 2408881 5179064 2052344
4466171 8216669 5909651 9625648 1709433 2674806
3920561 5499289 1771379 1201264 1845049 2222932
7710979 5626332 3516660 4448463 9220014 5910767
2459460 8243572 7258703 7391329 8159499 7913439
7679987 9110728 8650429 3221322 6877064 8875837
139590 658069 5387189 9986054 9749716 9359375
9232403 2320864 4100954 3495365 1190356 8099581
3069858 885050 3338382 2536024 302724 7449633
624428 9743249 1658476 7180527 9949420 6935492
4793640 7074841 57170 7996212 1945660 2598704
4024376 699239 8622225 2895542 1061674 1186980
6835743 7724925 5876615 4157285 5216060 6899149
1809813 8964095 7053216 9159122 4321471 7274449
4575057 5143963 8808004 1200796 2596893 7133814
7217360 2959062 708649 8451697 5192413 2674875
9302205 1236191 375204 1502249 9470988 491116
9477355 174316 9823375 2151401 5700280 2577798
1573017 6467143 4527189 4759327 5370714 985324
9882275 5634518 2753370 2782721 3421154 6801696
3790700 2823580 8102345 1488410 5678181 8102611
478331 8384046 2532512 3201740 4855080 3979868
6523945 307563 9493106 6562099 9681766 4147155
7451073 2423655 9443682 6230205 9627779 6129750
2606625 2458033 7588348 9723324 8569421 9557894
9921504 6519484 7815036 3573507 7711549 6647408
2388771 7988945 4496134 1720764 1673070 7316234
45286 8371276 1612063 547320 8235381 5063151
1492218 3320176 5952752 8606214 5331647 997499
7358014 7560494 3195800 1972594 8881785 3220148
514263 755006 9814625 2974617 3280235 8335595
6164831 2950437 2596013 2845698 4173328 1692821
9651021 5730308 750584 2127448 6184919 1256502
4517687 2059304 4222651 2525197 8231106 5249245
3605142 1315289 1187836 6817537 6215493 151055
3451607 416176 9107160 1275985 1206501 918063
7501608 7070668 5091040 3276467 4382488 5284944
2467137 8646519 9146848 4259931 8955193 9601339
246914 5230565 1375574 1939298 7454907 6822480
8997497 7989065 2523900 4565380 9369475 1964945
7147759 9347294 6734944 2444958 9394090 3757151
2585661 8375035 4523807 9832521 4625839 9114251
6165461 1241219 7676815 8937707 58059 9584586
6102397 9345211 2360096 1586496 6570622 984927
8775480 1512309 2961269 2284679 2278488 3217435
8394163 2936228 7701192 3126095 6128707 5035194
8549999 22178 9252428 5389696 1674269 580157
5077532 414393 604726 2261323 5773836 6213687
9145664 59789 7931005 2939313 8462983 24264
9604849 5561263 2776671 5750016 3669477 7881781
795881 300981 6096547 1306371 1438357 1689610
1413058 3039366 5112512 2641621 387707 35881
332158 712700 7670941 1779938 6508964 6156229
380201 6514157 5738472 6747581 3139014 2218698
5286430 5454849 4473245 7676927 3521245 567444
2258522 2799982 6352700 1370646 4593814 1373287
4483610 3771160 8976035 8915115 848264 2734469
1101175 6504043 9672081 7895124 2607155 7750282
2353323 7824911 9052298 6620442 5369815 7155320
2143308 4048300 7161967 3877849 6019941 5983508
7216365 3736131 9518121 4545068 383099 7587725
3683180 8961511 6118885 6297653 7296328 2737803
7180193 1465085 5665892 3004003 5646406 6634971
2546616 7391305 2847693 6722962 5323603 5696334
1515145 5638079 7430166 9197380 9227337 545514
4211320 605761 7751219 2992526 1698749 7112132
3216348 6556107 6120944 2084356 4211944 3645644
1631397 6055670 528583 6314495 9440249 3904729
1489427 9139305 8401893 526995 1331232 8628635
3135815 493402 8412527 3821787 3029922 4745019
157558 4485799 9734173 5573370 2086332 6690566
4986583 4187666 9766336 8553760 9787654 9090299
514027 462260 3179360 9202048 5091565 9267933
5167750 5200650 6197830 3525437 7707952 88032
2143621 3684325 9274528 9122583 9856711 1205347
8699605 9394561 3526184 1375924 1926798 9726144
3911471 6058027 3969337 3838016 1327911 5252582
4138393 2935667 9351651 9311594 12968 868972
5449274 3933766 5401837 9144593 8654036 7829272
8547188 6632121 6777847 9646141 3429748 8402007
7416038 5863999 4330955 8560988 9854154 393093
5564114 9138102 8535462 3453216 5290577 9033538
5298595 1329734 3872738 945248 9387043 4772285
736380 2832027 3671356 8405556 3673308 5922944
5803509 9555011 740525 5696912 2828735 5294676
2948297 4265330 2628278 5567330 6421978 5463912
921627 5577404 3081512 8958558 3747479 874865
2333510 1996058 8643189 6368299 3845998 7324301
3956534 7601940 7245077 2005561 8909760 597721
4730650 9010481 2190690 8408010 2757479 299143
9652568 9867202 6309367 3240785 504918 1025246
6405260 9731264 4907756 8408826 23621 3809638
1690772 1777822 9084548 2796491 6072046 1677250
7279755 9435210 5709013 3416223 1740378 5226794
8049598 942735 5355570 2030556 836680 7411496
3273221 2513616 2819925 2782369 9305989 3880276
4565498 9092724 1491140 7617942 9963039 4114733
2416545 5547707 7578319 3435439 314789 7131937
1513173 1934159 2938435 513440 1128254 3322268
4590129 6236344 8126824 1082572 5191186 9562182
5669676 4374703 8894584 7496259 5135605 7510004
989713 8908402 2471832 5204271 8230993 6979321
186109 9661812 9472170 1594279 999678 6192670
7648475 4614159 627946 8223632 517383 8902520
4473061 2759780 1385361 9497656 8192239 3069645
5753452 3482925 3901538 1928958 1948266 5588335
5220148 4920285 412102 68315 2445726 1406387
4660105 6308901 3703166 5959113 327331 1466442
3850098 2995850 5236666 1934154 3434097 577026
8934235 7446044 3857320 9992064 3023198 2375824
6124642 1492056 716162 9402187 9450819 4748067
3077782 8257150 7713546 3883835 6374131 6079392
5780567 7580160 2168433 9221559 3563527 4208481
5199354 8513947 2432449 9918919 5647558 5196389
7832978 3819298 48828 3324511 2994722 4502221
1731015 5228084 1897087 8036278 3943672 953669
690224 5257917 6858081 8955099 2881330 2070180
3752896 9966263 6621718 9157273 6153586 5853936
8408593 9712676 3882517 9648838 4792709 4509250
9943375 6205722 5844498 5519772 1569208 5631521
4699238 9753271 5262428 3211324 2152819 1146046
4182305 7744289 3636487 1214764 8531334 8305609
7350399 6244255 5632616 362268 6166023 5681295
8574671 8675705 7665711 4194891 4915918 3282045
619704 2082176 435374 7387837 8092902 7737950
5109171 5170452 3688708 1226560 4255860 3128059
6807752 541571 7813443 5475671 4974967 8409296
2217449 7193828 1181342 5576907 2298439 8548454
8876633 9581107 39699 163202 6945101 2893503
7965809 504346 4837352 1980382 2591620 70642
710672 6794468 9651386 5898536 6105592 3360882
4616901 6123839 1988394 2504557 3554515 5624451
7867851 3098999 3700737 9256415 1977442 7722089
2100703 5042796 9783737 1886920 8511203 8511795
7698250 4945968 8225350 795205 3260750 3751514
8290707 4827370 7949951 7742800 4764999 8180499
8757909 6318912 1088236 7820460 960006 6174599
6560059 6372076 6026591 4415248 2295350 3846102
9192765 8709394 8526904 7115262 9879679 7548823
286905 8823752 8283264 1139591 8200286 1159623
5135531 3821695 2863089 8236880 4213849 8727145
7674499 125051 8333999 5520238 498505 5658529
6633853 4280242 4082789 3609138 5326860 2139127
2485204 3283002 2650618 4379248 1602439 4551355
5224609 1175444 4947691 401128 7455895 5941247
9897234 7618318 8118626 9928612 2684929 7138310
3311510 8323179 2158226 7299445 6740748 2170299
5512102 3672527 8210888 2868375 481409 5599436
3466034 6677767 3496891 6144137 8654386 4917283
8509005 756282 2219256 8311733 3012271 3038404
3779454 7273371 2669155 2392751 5623003 2880187
7539902 6705240 1595313 6944478 297627 7003681
9980900 5185759 6542253 480318 8867145 7929911
6340466 2356234 694035 9348254 6935094 778128
2444355 3753097 8963931 3201343 1419607 1928646
4919054 4999776 5310908 9119822 3519990 9467377
9501143 3119350 8049523 5330701 5328472 3776168
4004122 6521555 6380139 6493210 6163237 3468627
8375029 8028687 1889137 4289345 1971266 656036
2344368 4431199 338277 1891027 9948396 1869906
3916256 4338559 5285633 9666667 2025424 5297850
1692773 861078 1665768 7074876 979174 5747794
9880387 1009765 7027761 6917867 5344132 413538
4397989 5951145 7589859 5495303 4826313 3390919
39508 629708 3028510 4654871 6775453 9088791
9129100 7610116 3170954 6179617 1414445 989913
8490534 4337454 4496131 1082288 4800437 5302159
1802859 1300153 7049512 6141342 4408957 961501
3628274 5426501 9087067 9924738 7493037 3997250
4280046 8420952 9512245 1894713 9627158 1395715
2269340 7037901 4085624 2576977 7945776 3369057
2576840 3700770 9595319 6037848 8427332 1006677
5917407 3315700 1150707 2287700 3692444 3526160
6341406 3898166 6220751 2067008 1026596 1348952
1723 9204361 117078 9173704 1899570 2993493
1477667 6595820 4710295 3100415 8812947 7762535
1216534 9225882 3354377 3680455 3564502 708187
1366181 7590426 6999168 8080390 4007331 4177337
2846542 1992345 4728508 5986085 5553307 5728992
5174964 202332 6011305 2736671 2575253 8741414
3251978 3403136 1801199 6601826 4560181 1831511
6296381 2816991 4502753 3388172 1071166 4466561
171783 2660951 333664 5512563 700826 3436170
4349783 1921333 5197030 5939741 6327161 9907224
8264985 5491581 1042513 8981303 7925451 8610615
1751230 8479863 6650629 4612962 428476 161366
8906987 4764354 3030244 5167656 1784008 1190339
9674583 9458370 921179 261946 5814302 2892355
5395328 9662400 9501505 2575134 8386887 653920
3544384 7312237 7075974 1893975 8336841 9068599
788998 7315078 4891540 5892138 1636941 2591303
7815932 5558820 2232475 172297 6605575 5936471
405925 9182127 137324 4006690 6265158 6868790
8986044 8003038 9677279 8150158 3585974 8263050
9109109 9176095 92975 5996708 1068578 3116239
3085391 7013012 6427513 3961645 4378658 4468929
6298799 3782445 7821429 8329876 2446014 255481
659880 5223030 3056824 3565033 2169209 9204760
516595 9537693 1047078 207184 2907930 333803
9391319 2638839 3729103 6628489 6783028 2460845
2498327 1819223 4490242 9116236 7086906 9592563
9508958 6444280 4803469 5668395 7707890 2482712
9047361 656168 5557024 9421798 7490278 8362943
5206225 5544076 7006886 888214 5480113 1530884
2069160 2878207 4105082 6093710 4570325 1739818
739826 9670310 6999417 5360584 5831548 626790
5765239 1543644 8136124 3464261 4056074 5724928
4401291 4848200 1829803 8564366 1159823 2251762
4776778 9969521 5148561 5366159 1422263 1238951
5453958 1610113 6339109 2959357 7047075 4208699
5487480 3415248 1873954 3063650 4928568 8037580
5483295 3686776 4824619 4930233 3656559 5946634
226819 1741964 1488002 1281958 6486923 631913
9701081 3504794 1718384 1853320 1316931 4600804
6591256 5373666 8248046 5760465 9906625 4221435
4287680 2805881 4496568 3927425 7976780 640826
3850973 1337640 9919631 3792223 3081070 7473046
7427143 9846545 6312961 9201927 5139340 9680298
9750949 4172000 5123189 5707196 3258276 3542281
2490314 3634160 2098316 7273150 6472393 9554902
9789533 9722829 3780151 603183 642553 850678
1450065 6299394 3765184 847175 7430984 5149282
712282 5908857 423723 4245337 4426177 1470386
8287842 7389329 234325 8567747 6009516 5734625
9098246 8580484 9547604 954286 1437110 4342619
8542509 6577823 4865246 364728 4002689 3358240
3692894 6823960 9203991 5462283 7751861 8839946
5915114 8903773 6741016 9973906 4994913 7349418
3118557 8244976 9207983 627930 8985308 9083064
9320576 1221785 3713313 8045526 1504936 2062068
1303073 495778 4862283 9422564 2304666 853161
284036 347554 1906168 7065482 552443 7602216
2266394 2825558 9637467 1394379 2652632 7105742
8993609 9124339 3585570 2198185 7835729 3192133
5134636 7914578 7592514 5782182 1044151 2780903
9644927 5647368 5319023 7141923 4159209 7256082
3977662 6492550 6599107 5887854 9689870 4647359
5443250 6053075 7692533 1605766 8361536 6159749
9445596 7926197 8569152 6607571 9051917 2380597
8476497 9104887 2660049 1670150 4287928 4390087
3260646 4501854 9303402 9125264 7420555 4905074
2283193 5124471 8666348 2381385 7416717 6160082
506635 3105754 9434469 8938211 6754935 1782653
5499599 3528869 9553042 1432764 6336585 3117954
4211750 3037356 6595451 2938426 8665425 5054322
4596032 2307512 2204621 2209019 2627208 5188016
5343956 6317985 8632520 2787459 9322573 3237065
7493401 7064211 509479 2409070 6100935 5946162
2946127 9538286 2349952 877396 6170550 759059
4837045 1827882 8165268 6185448 4913513 4383198
8309623 9344767 6459045 3612026 7785352 5109205
3955460 8297615 478546 4246453 3594254 436949
3150133 2712140 4206296 6315977 3939363 9272373
2608474 1802680 6936420 649288 9992298 9127139
2704369 3718636 6136961 1445562 7371974 799326
7022747 9158508 1404471 4249321 4477835 9977805
6778019 3881374 9278858 5400274 8453609 7803320
5467616 8699674 5944031 1913002 7727262 3458409
6552762 8521067 7888518 8892895 3576973 3110833
7446778 7660334 9352468 7331905 907656 4066716
8972243 2509897 925641 9679220 7223706 4435745
9032477 8900812 8234304 4228490 9537957 57988
9993515 7208199 3349070 9133100 5181672 1292624
3183107 791367 5991373 2678552 4892799 8850906
2910807 8129851 5581534 8293638 6802542 6817501
625336 9446114 2973718 5212142 6428031 5943712
6877678 5788396 1475967 1508285 2880524 8826450
5224104 2324272 8983110 7830529 8899379 6368774
9761763 8313678 2478662 8059844 4148798 116289
8075342 6293691 7617097 2074734 6768412 9093854
8854211 738839 2098269 1416803 3603153 91843
7084270 4781372 780167 7405358 2255421 9393275
9816656 1674821 7910842 7164923 7454447 2568527
9867796 5080277 9230472 9212760 8531874 8488864
4338838 2565492 5297316 2857428 7136800 134340
8326614 4802944 9019983 2382113 2654074 2141684
6728180 3807301 8721119 8891266 746258 4118007
5588606 2356405 6058256 3085386 8243187 2473976
2205446 910419 8839243 5048570 2206938 1688134
9863382 9641451 2206964 3609405 7077964 1037660
4794527 4226842 7644572 645827 9078743 7452477
373292 7434543 9020747 5769157 436742 3647145
3847408 976529 4334019 5112464 3624153 6175469
2430607 1253452 4322305 2823340 651981 6226380
1295096 3278043 2596005 7331848 2518730 3012623
9934719 3118775 6729336 7683458 4096739 6519416
6473434 4942779 3277661 8605779 2712094 808644
3453228 6436288 473676 5192097 1201162 1230408
7354115 4750917 6017297 6031495 1178797 5824512
6715355 1971187 3574860 1418191 9350730 5800700
4856471 3041443 4915812 6008123 5834438 7317967
6917809 6163950 6879789 7814602 8639029 8681374
2897808 3824828 8541358 3513660 9370111 4215692
5752703 6102998 2076881 1365596 9977733 7767813
6995325 3903224 1939977 904824 968102 2125552
2944555 5055243 5592048 7476961 3749307 9670650
5892832 7445104 601850 3155709 8274288 5037212
4350619 9539512 6111888 7335922 3133686 7353969
7283153 3201694 2601075 9359167 5665487 3247731
3723818 3490874 3063710 7147999 9012798 1931213
5377989 6012984 5195847 4754236 4870046 3583786
3089326 5420847 75521 8870707 7620828 1925006
3613841 2596994 7828710 7039669 7014977 438221
1655925 9659402 769537 4586008 3621670 7766407
9524476 3585388 9389755 2344316 3753142 258432
6606940 8744832 8432306 8670637 7777720 2261304
9841364 9596382 4669465 2528101 4246596 7712839
7278448 8412446 5580866 676069 5745325 3068493
5419021 6684149 6475897 2625488 5492074 9353395
1161675 791980 2391313 7429439 5229759 1284658
4194031 745009 1667704 9817088 2263767 8875995
3492699 4943204 4819273 5567406 7198304 7418595
5768755 9127823 5412805 3056698 7307560 5209224
2185541 8848407 7840062 6321261 6925294 7068993
3782535 3981451 3252758 9078911 7508961 6985739
9869990 2411925 4366622 3384806 8334070 3501586
6045134 7461359 6148678 6704870 7183370 802121
8249219 9851615 9485844 9057301 6856733 6364250
3940589 8104976 3484420 7182089 5243897 6381352
3444595 7872769 3819715 4598711 6034552 8282315
5623236 4413788 7434242 7833534 5697415 4786379
3051972 2383948 793753 1911219 7011564 9846200
9060545 5480671 1665036 7037941 8072041 7073678
7583149 4725234 7124718 6888508 5138321 9403985
3501319 2687901 7168027 7985269 9940211 461300
9681871 1446423 1426806 7866363 1081633 2769581
3367878 415685 4154199 4699465 6005328 4472784
5570497 2029370 1093412 3638219 8121543 9763226
4716315 6406653 9800727 6746036 7015562 1309318
1157597 8734728 9275466 8030257 4332214 3009514
7618351 5066703 2443737 332452 2229347 5565141
8419393 1194182 4399037 8895455 3670063 7656356
2919479 2883683 8719905 2651933 1318011 3108951
8310572 9863099 4566357 7404801 3268953 3533557
660573 2935835 4430860 117488 6708766 2346904
3494114 5337621 6083470 1144685 7081113 938625
2029047 5238044 9800022 5528271 5218826 6927360
5364188 5820860 2736590 2144371 3826557 4131878
2589413 8505663 7416717 6166515 9719684 4469115
8443156 213550 1797749 8910179 9671879 9293512
1134280 8301905 4485415 2052132 5401340 8332442
1572885 1774793 5802570 7781280 622886 6079967
3308928 2782301 4644273 7638996 2040612 7448093
796967 8516201 9109277 298982 7528074 8203103
4930187 7327599 5617936 1614355 2701528 6867562
9140875 3118867 5566164 506510 4393990 6916920
2441945 3312055 419520 4404148 571486 2051763
8329307 4808133 7882776 1336750 2857587 6937383
9824842 804159 8172938 4349656 8113212 1155678
184234 835297 773830 6282312 7121945 8073741
2714506 9958529 9073265 8935007 8640404 7504019
513802 2802417 8388310 7727352 5197051 8728557
7028573 6392819 7944714 7057514 1969674 2719941
320326 3593437 4470011 8680552 1789513 1897368
8694624 4791219 5005654 4410486 322275 3558693
6143090 6159632 6190110 2345779 1689642 612956
2978497 9394300 6167728 378756 822947 55169
8549073 2097489 5607107 9444381 7321082 1720393
3210963 3126720 8865623 8053888 5961986 3528507
3603729 4033953 8169016 7175897 240382 3849184
2498365 6103315 2480142 4829617 1584262 9037419
2538446 4682794 4703177 7331758 4079016 2575374
6552212 9941569 2770490 4414841 131479 9692023
6290260 9250243 7470136 3285260 1199523 7195554
4693070 8089201 197646 2661603 8742049 7655688
2443940 5802600 9153917 2318544 7880391 4719632
7575027 3719456 513227 6569688 6905934 2638288
7017216 5879205 9047704 6290248 1501675 6020416
758017 9188888 3902474 8476992 885636 990139
6379047 9213104 4903791 5284587 136546 3495060
8839773 9876843 5940744 7047488 4887817 8276415
3421457 4233668 2061178 8050857 6839813 6412022
9178796 9720571 2344309 4831848 6268044 5320318
8147850 8402821 6587525 4177230 1903586 9553160
3753214 3966947 4916964 8163778 5939497 8667286
9815840 2290440 3582909 7018166 7729915 7029091
6697543 9969728 991387 771289 2868791 7268007
3959237 2707159 2349075 7490451 9298196 1165064
8645829 1547199 2945060 9583473 7136736 1733725
6907535 4662542 7973257 6387584 3294274 920870
3359451 5257678 8294170 3393891 8235017 4549372
2829113 2160629 1990656 5315218 8134304 6298316
4328930 7376561 5534030 9319517 217992 9196426
7204085 6262762 4668750 3751899 9517948 4392298
5722226 232366 5153703 1849184 110631 3067372
9055833 309959 6675453 70517 7411837 7611112
8973836 565345 4472142 7799702 4661338 7137566
9174408 3330611 3412895 6646744 5254543 9760175
6199694 7588017 4444549 8776830 9183498 7031512
6252119 9607552 5739730 3901872 7671665 8002650
9395668 979928 2049998 8923283 6259384 7824344
9622862 4258413 9964723 7922917 345680 9652647
4724283 9404383 1601423 7531184 4577491 6187336
979403 9075482 4977823 5393527 5649489 2522613
8622822 279003 1126460 9643941 3818398 7804285
1871382 5071964 2893679 6469492 8404033 3681409
5087568 251124 7071227 5588550 7023881 996129
9795452 8276777 7242336 4791902 4052546 9779115
5430088 8720935 5030061 9552393 2922469 8596183
3024826 4002141 5330439 9527384 300461 5980380
6697883 9978921 440015 2160437 6051535 5273716
6758967 8254791 1000349 7920013 2443615 4326366
9116108 5390852 2051600 3981693 5598075 7372712
5280277 3830920 6226456 1347345 4213852 5097462
2774224 2318988 2149494 4297496 3444665 4401892
8350970 5560183 9950663 1090846 8890667 7044960
556114 7635014 2225241 1968619 8032934 5797754
8778765 7510074 6277319 703694 436284 7531617
6544583 9043133 8404065 7957727 4247107 6469540
9753924 5350538 5765068 5342552 9386212 3732547
3124221 2461470 4810126 6598457 9569043 6883432
4375703 8025262 6500185 5006639 3425578 7963060
5147470 3311657 5797985 428701 2568579 6703778
8820143 2070530 1882703 4617877 7752913 4401531
5997826 393242 1313075 3481122 1336922 3540128
1279892 5213562 8248801 8492694 8844397 5571464
987628 2180307 7941031 9393886 6327990 2411022
1031432 1537943 5617554 441004 2810256 935450
671555 9325222 2781958 9061290 6522409 7315682
1849843 8506344 4708557 408594 600631 9175801
5570357 894581 6688339 2960056 3726747 8212016
9714258 6654776 4467259 226521 9441073 388271
8762746 9426256 5742539 9471681 3586445 6214970
8783977 5556821 7582985 377625 2809567 2011699
758169 2218602 8691152 933119 6642850 338053
862906 579033 1579676 8765230 3823529 5433409
5722682 8071375 7811196 7405538 726746 6155480
6468190 445034 9884149 2393687 298543 7096152
1573142 2378162 4919898 8493587 1624617 5043809
1592815 5192731 8085013 4676640 2201886 1508144
9520863 8781139 11926 4129205 9363614 8862039
8808594 9997516 5602727 309130 3748998 5515069
8403774 1378439 4830075 1427505 3909435 2364533
2127549 8364482 1920059 1595000 9359976 4264687
5418154 2369319 8954416 6535867 7172414 8630797
7348395 1046042 5869488 6303051 7884674 1945606
6143554 2338984 1081419 1022109 3585092 301026
1493425 1264012 8629164 9404829 89812 246178
213733 165309 1283296 5720480 2549090 3837404
9588085 7925863 9421162 5747238 8711051 6994294
9907623 2272727 2825101 6971929 2960734 2702956
9645581 2100723 3493764 2884468 5283951 1570450
1283113 1105439 4779389 1619032 101575 8095963
5635523 6013325 2279507 8708238 6322133 7007104
7347500 1627914 8496951 2032084 6714965 9958811
2524443 396315 3627933 4087124 1114486 1312365
7475924 4521495 8303278 5926208 9759247 7989089
6752413 7329264 4881358 9712846 4437367 1443650
9058014 7969053 7824288 1325199 111714 2697725
4714787 1199385 5950593 5817997 9624429 1332819
4206004 7613497 5385757 3534953 360024 4887635
7942517 7195988 9990953 3467024 4143107 5580079
9792685 9709315 6254078 4290417 1955824 8992868
2125746 7634654 7190547 7053301 2974069 8745911
2134523 1199244 284600 930207 9372337 9915101
5361772 1657927 4897065 6970458 1720204 2145750
2603331 3217460 6969240 9993723 1770329 7241378
1452697 5590989 3825945 2244208 1532513 402399
6443647 424370 9243560 6957724 3692250 1989774
4142271 7152703 4639427 6639846 1400430 9160780
4603034 7012309 7823651 75852 8105252 2485179
683013 2822227 7989111 4108327 1687085 8738364
2023628 2132023 5864325 9949169 5600603 7383079
4919965 9890314 9666731 9882201 4486560 8947966
671541 8404047 7965676 2907291 2828186 4567500
7506323 5963485 1817029 7808459 5390688 4758019
9417727 1376844 7485737 1340766 1561194 8710285
2413288 2335320 8737284 505195 4934095 1560227
6125449 4193102 1552099 7256347 1719880 1510115
9494048 4720833 2525749 8875684 9404311 9701204
4519503 7775722 9994041 3421610 6602004 5723599
6921334 4215168 6741334 1106305 531442 4223759
9897342 3579199 8329119 956445 7468912 2151240
210682 166345 3469952 6405448 6781841 8635083
3015401 249975 4243605 306914 8314411 669854
2232270 542042 1972533 7784533 6821262 3785472
8716244 8991678 5733315 3013684 3583860 718926
4818893 5019144 3661660 7328340 7359005 8140680
3180995 8537602 7251921 374508 8665002 9237965
6231251 8114054 993881 1358957 406208 6352028
1479994 6614420 5900757 6071480 8874035 9989399
2251225 2112809 6757936 4543647 2240201 8477234
6417924 7196997 6582485 2751026 1586555 1762697
4973423 5687061 2890970 6102924 7125918 9776808
3417933 1857761 1877040 2734568 1553281 8707208
2791590 7357287 8585469 9381287 1533690 6969440
4818168 8747413 6145108 3672260 5077114 5246195
1382744 8637347 6297401 8774686 3956584 1468004
2655480 3480225 6527498 9231183 6385533 4719147
3461057 5377070 9488501 6123948 2653546 7016273
8112359 9516657 559527 8050728 1752056 4882913
9891765 7036637 5663307 9613044 7932857 2839142
5617588 1301163 609946 7644774 4720180 8488570
3479407 4643247 7901177 409035 79087 8073056
2179709 3560406 971754 3866322 5920229 6156620
7480938 8694219 6093866 9128835 5559901 5560457
4686668 3332016 6885291 1414487 8882921 6919947
5804697 3042435 5547367 3688356 3613595 5084370
4109200 5816283 656889 999930 2644541 8010299
9115096 7703323 9437569 2486471 5871018 8191649
3911159 6025442 1116407 9506687 2132105 9238637
6745275 6488752 5741261 5049489 2958106 1388164
1603279 2064919 5760325 981229 4604338 7036651
2525688 8491353 9946811 5887383 9757122 103946
5499730 6481008 6049678 8083567 13739 7856578
6122887 2200196 7460997 8693641 7503327 2857478
5803539 6298010 910329 6308730 6943081 7124842
9343108 9059710 2858176 9268725 9396650 579621
2249973 8133866 3098984 2400917 9960783 7379665
8244838 8023775 6268320 1012461 4006956 5651097
3188958 8661708 6475013 7884683 8926601 757909
3927166 2909638 4561591 2902847 5177690 8306328
6126321 6216957 1548271 2821968 6544275 697411
7245769 6231005 7084357 5470057 5833594 1879873
4757593 3721970 2239412 81332 448802 9479552
6589157 4791078 2291053 5259232 3119771 8281372
649829 1458424 133109 2100266 5341558 6487012
6018029 9347125 2956175 4792656 6274595 3743826
5831393 5422869 1479500 5570909 3766691 7775951
8566740 7718901 2828114 4595139 3127090 5204631
8518497 3845834 2460835 5082039 6313690 386612
6015274 867089 3097185 3266899 2172139 5085850
564302 5145503 889446 597344 9452027 6486468
8923697 9964936 7447374 8495586 4249938 5025932
8000052 1018247 1024386 4515101 6692491 5400870
5453258 6054689 8331334 4928477 3581769 1495723
4026176 935989 3033435 2569563 8777381 5407506
646640 2564494 3250730 6393649 5006607 8621188
6886504 7969395 8266873 6341645 5671442 3162154
7757257 22910 9595895 7434903 7081987 5295442
9362225 1500172 4174598 7696315 7813640 6117449
6754516 5635824 1563733 9393723 6571168 8516038
3453032 6354133 1187554 2039868 7848946 1685444
1775202 1606402 6011640 2403197 7628597 8723095
7133996 9111612 383247 5169180 7171220 3558859
1899827 6591273 3854002 7737993 3207338 7277208
1232907 2950324 4750854 7133281 9639132 9370782
7057455 7492781 1398227 9750835 2888613 9317308
1974599 5717389 2173963 7910451 5659701 5475584
9283801 6959027 3871575 5451502 562318 8702027
5734201 1585336 8464604 8004874 7493895 9979895
4662036 5715038 3146795 3910346 806960 4898621
6934590 4641920 1967269 6640858 5345742 135816
7324868 7383161 6222999 1065939 3194581 1453831
1384895 3989376 931571 8378417 8454192 6248310
3405633 5781405 2388006 6048826 1399080 8053796
906178 9052581 9998885 1418331 5088799 7173574
6170512 8064252 4910428 7275342 975861 1017780
3508315 2642943 1613285 3735759 8126633 3179156
2479028 4668261 8390755 7010773 6619978 3504519
9048323 6283618 7260846 6898484 504712 5025554
2510615 885763 3242840 3913473 5734680 6293161
136930 5906537 2294362 9049424 4895426 5130328
6543402 4109552 3013514 9913791 4870102 5811248
4635025 9669874 7654772 9208849 3569798 6730818
9663041 3895404 2432602 6494366 2370008 8805180
9912728 9272027 7559539 9884874 4764727 90097
7774940 9594842 6908263 5320123 3598828 2220096
884794 3429603 9772834 3260427 467371 2510426
491004 9134532 1413516 1449597 2263459 834838
7370782 3301765 7315965 6512021 4250431 1839275
3860559 3642564 3536528 3489182 9136696 5623398
7570788 6658527 9344825 2923417 2138850 5275259
8902985 9314902 6071045 5434675 8324054 140195
6957983 6402613 3428033 9922175 6003361 3235476
7391663 8463130 7008568 6724701 2514091 1462961
2774132 1262919 5344410 5068987 1459564 9956263
8683567 7395612 4292907 4149436 5689638 3808843
3165600 7567587 6995681 6138256 2546612 2948557
4763792 1936106 4977710 7175770 9554037 7847817
8411241 3938383 7639203 301052 6097518 673565
8614830 846087 4144436 7881863 149284 875931
9930849 3833997 7855338 6114782 6751108 928442
5847288 2808547 712974 9619190 6756575 8435774
6239794 1253406 5916518 4060011 1960908 577985
6485250 5598362 1708881 7496592 6657746 7521180
2317060 8382514 1298093 3619341 5534605 4843551
9664406 5283736 7418302 6119750 6207406 8712614
5093219 8649010 5184998 4049268 1328482 6745490
7134842 8792051 7181808 9203428 4061258 4844111
4757047 4554818 8885178 3566450 1396613 4550922
9167049 2434257 7176251 334157 3797722 8368593
9630348 2227946 7273941 5869423 9954783 1472838
1017472 120043 5045999 7203904 8966792 3311897
5392986 2435982 4269880 4963391 361749 7865694
339372 3113631 4321256 6453981 8862293 979787
5958373 6097955 3887123 2867379 6952700 3773149
1536362 4759061 4851288 6816405 4418919 9100535
9471548 1265419 8837267 5708970 8185956 3941214
9798112 7553143 5588025 5573280 8173464 8960630
281042 4203658 2072508 9310556 9994785 684090
4047336 3176367 3365653 6294154 9911049 3856827
7585714 8150092 3167343 1272850 5667541 4207731
8460609 8576581 8017062 5169345 5491842 9096329
9028426 4630402 4927674 380042 6655869 1309150
5391762 385092 7924491 4926493 2586337 2749041
1700640 2225805 4764276 4167197 2769068 1242552
5734881 3177394 1354370 4980440 8123255 35864
773871 8525261 1885601 1380294 7112670 9596882
943568 5111697 8711816 2976179 282130 5364382
5756415 3667294 6520497 2056502 902391 9525957
5932335 2659220 5563754 418301 9572209 3441735
9443454 4293412 5807513 6774510 9434463 2314448
7741959 4047986 6507146 4891810 9606171 8130607
9423548 4011467 3272421 8327609 3982925 7474640
4037225 8724461 1943675 9399893 8410781 9101774
4722054 3678379 2275002 1828412 9048104 5464034
4472109 355569 8953052 8443865 1936839 2819258
3789369 4169058 5677234 6397368 5234220 6234143
8857236 864605 4061123 8389890 2632953 6890924
6253535 7604726 8676295 8089114 6381076 847747
1498060 43560 5882630 6705738 2052455 5756083
39445 5913546 4999881 1043111 419700 9250601
9177555 979683 2074627 453162 4538239 9813867
1797406 7639857 3490241 5709531 542657 7546176
5040650 6332164 1045425 5384078 5574877 1443378
6787739 6382995 3974492 8105304 6945805 1893279
6936628 7083630 2116603 9921150 6357922 9320673
1234262 7814124 444905 4810521 9212335 1653270
4816296 5800372 3066486 8862428 6291708 8741218
7357506 5788528 9500902 8336454 1665088 5720290
4710658 4655367 338668 3556502 4255372 4036705
5276108 1072250 4033877 181348 3516534 7454608
7697264 1876255 1281935 4169567 4475268 2728533
7101270 230129 7119829 9392154 567782 9774504
8376891 7925310 91286 5233274 747798 1157276
2392376 8600174 5418542 6396312 5210491 1702555
8982005 7677759 3558751 6408199 9534412 8140084
7619393 4634947 2283838 5611877 1165164 4415452
7459283 3187938 1313259 6772369 1235183 1434958
8600460 5318503 4087585 564163 5179611 6330062
3945419 42834 324452 2876601 7788972 4916360
2036066 1300951 6665763 9579379 5187562 6797509
9169781 693071 695717 8979745 1772761 5932834
7490666 2765013 6760145 5675833 7773990 7559859
9844016 5620007 7364990 3983583 7795852 9891988
7614970 8417841 2498148 7228689 2462780 9491577
7815632 4742791 6845975 7367477 3575811 9864213
7749689 7879903 8000376 4515750 7602587 542111
739241 9620715 3545741 8154750 3073497 2414597
9569916 8269585 2268844 2764592 3032584 2168964
7551369 8052482 3505098 6773775 1964409 6769721
4299361 1941092 8230290 1204139 1164112 7029969
9086858 123189 9189202 6895932 7926144 9894086
9559483 5328266 8017420 6822878 3244342 8175137
6346246 9460219 5344343 83550 7658773 4193195
7222732 5051039 1710207 4677011 9816107 5523328
6359114 975913 5915493 1230654 216389 5661494
2311821 9535101 8456602 6515772 9067891 2950307
3225395 2673983 343440 2374758 3205109 7704318
4151544 728491 4808140 5329961 427528 2504190
1425377 4215810 4282319 4037095 3981407 6113073
5319762 4409847 307081 3665873 536818 6950231
3978592 8328828 5111876 2355925 4511057 3709240
9718534 9830474 392327 2394036 6858155 4984789
3849754 4847974 1845930 4005889 525466 9087616
715188 1029152 548384 3411303 9805277 6000578
1379175 8274725 5553694 2343529 1196010 4658043
2643226 9559521 2137164 3393209 8396165 4876280
2592441 1795618 6217433 1098899 5611427 597054
2111862 9031341 7357655 9297529 187340 9133432
4267143 1313873 3884381 1219465 2950685 9507666
6401846 567289 8523551 9111297 976749 6236331
8155545 7375005 8634464 5734283 9750809 7298633
2847624 456545 6451808 6969649 1413447 8729847
2870182 9616288 5417725 9951330 1299440 773936
8642923 2081646 8087384 6420261 8076386 9882137
773662 1423760 6608836 2629498 6991363 7828876
6352729 3481144 818868 9981101 2943353 8236421
1962590 6377578 9280531 59021 6449904 9730795
2681624 7297493 9900425 5154533 8349282 3334396
4089940 6450516 9267848 7749615 468374 8895103
8148947 1735283 9298619 8752326 4960621 8327048
689797 218125 3465181 8622931 616919 7932303
7910979 2889080 6672934 7181303 7988739 4921861
1493404 8583901 5631741 8356588 3738637 778892
9981711 5619129 3074478 3274440 8539558 540847
8561028 8603114 3012769 1923765 1832154 1208070
8937802 3210263 1416957 953482 9369224 6231778
6265614 4058693 6680573 1968122 7243554 5460201
6661461 6908637 8461776 4345986 6256210 1884472
3263362 9792358 7996646 8519726 8770615 9341491
5252570 7415356 1678567 2924334 61902 2013805
4919533 5987213 1056926 5464864 8243500 4778475
3504904 539922 9214676 9399963 2090974 9679943
4098318 8013588 8375575 7614276 6612978 1630920
2079070 4215042 2346904 1128296 8660403 2039795
3211423 418076 4439647 2075466 5700911 1953868
4553210 3341279 3996790 4666768 7048589 1256340
4403275 1196596 8665137 3683301 841081 5716288
2669796 3863398 7701383 8316703 4421408 757027
965915 7638294 802377 47647 845264 5846860
9666901 3791236 7326810 9017130 2253441 7825424
338827 1429438 4839010 7260808 4846752 8749694
5683152 9431549 964998 7119235 3211001 5416382
2965783 8395769 3373960 6630615 8458500 4797004
4338412 4894719 5996667 3682620 1109550 8062617
1151490 4505563 2496015 8149930 4999867 3257353
3929529 5386144 8943155 839712 3344473 9411643
877277 5408987 9016646 8951688 2633550 4989858
9792029 3846680 4427293 5385995 7081863 2449495
2472900 3036285 5332735 2529806 4678718 7358721
1828756 6656207 319888 6776393 6109318 341189
6253679 7533221 4431682 7707645 3189705 7824856
6473227 2126070 5051295 3962316 5753338 3049513
5780357 5386723 2261169 1006809 3890590 7262869
3635323 5765494 7423699 46520 5677030 1963582
7924618 1399723 707426 1584433 9010956 6688266
9091755 4100884 9299668 8675457 2698009 5100328
558176 2084384 656974 6602437 8912768 4955793
7398199 8510583 7282946 2283221 6749448 9291995
5097552 821946 2765616 3057018 3141069 343824
2917489 6207159 1856191 2468099 9783027 1789982
7117429 4888793 3115114 8363029 4870561 1652454
3749844 7104900 2688713 7160840 448633 1806206
6605894 7032886 6852725 2467906 2648320 7166447
4680635 5641396 4650274 1415431 6486880 8189009
3922649 6034736 959814 8955844 5757967 6490850
3244137 8090076 2301357 8866992 9485007 4023974
1840679 9035170 3640021 5630492 8533376 9644547
6603281 7936712 373313 959410 6451124 6108182
3491098 449582 3558838 4689744 7787464 4141630
7139708 5701998 8401912 4926104 4440380 8835825
692639 4794000 1346932 6197863 3916703 2358557
9504849 7738902 7547879 2828750 627227 3613150
3526425 9050142 7108019 5005726 4812150 8550168
7815696 2963239 9583612 4851631 5464746 5308385
2932011 8554393 302611 8159726 1727283 3783009
5622061 6914574 4594790 4804196 4937852 3739376
8297615 405417 4020009 8014756 1454560 8712221
8560303 662347 9822355 9945688 1163318 8737321
7033611 2133981 889847 9851744 7110407 1477141
9252212 5841007 9329253 6038547 3265852 5362309
2055945 1345122 6011618 3764870 7206688 3712652
9018359 8722229 4112289 3368642 6708111 4406733
4530159 9800940 1508678 871390 6291328 4802398
5486029 2986322 7391075 1565290 1126115 9593302
2893161 5770317 9804166 3117649 5551983 9096845
4410122 2259067 7139564 8657699 5958810 109438
2700602 4795432 3455658 6109702 927328 2441088
4625031 3664968 5425869 6483114 5321585 7309467
9968463 8380821 9549679 4526855 552517 279529
7971234 490655 219007 6418316 871709 1436371
3908485 5900710 3170246 5015444 8958520 4449044
7267168 5872460 3842129 1399239 8170788 1495895
1346740 9376327 2058994 4949986 6940258 7461146
4167432 6410046 448732 2494699 3149186 7171161
9547165 9883267 1706549 6860035 686464 5468155
9890430 6282285 3923723 2019287 2201216 5026617
9270842 9609586 4706448 976825 9215946 9449124
3467338 8569223 210033 8053783 3180114 1176190
8220535 3021248 3550396 2757860 2250884 4461662
987638 1413786 2751524 5999084 5468279 9075252
2742494 407133 5185995 8373973 1508808 1888503
7572171 9327452 7175110 7032376 5679143 7330671
2754698 3190606 7194099 999607 9027360 4579962
6961128 1493381 6703152 530359 8639499 7665216
1917758 7132570 4031401 9462060 1031648 787429
2275092 3271757 4141307 5631195 8234331 8808813
4263129 5093364 7060414 8321530 481612 3852661
4001079 1188159 7342104 6219724 3161 9060277
7267563 9988031 2386426 8171562 9037956 3974897
2372099 2212135 1767633 7520779 6456215 4376238
7857101 8110111 8295804 6387680 4757283 2407386
3189364 7123503 4956275 8385286 6736478 3933995
7519548 8639597 1011769 2850490 6529279 7451340
323111 5698034 7129409 4971123 2194497 1043617
8401003 4103530 4233800 166410 3259095 6022195
7041179 6742350 8637149 2684176 464428 2371501
5556857 7613398 6430875 4934718 3030360 2879658
4104002 8882276 3251553 8452430 652013 398359
2963127 9521609 5682856 4316293 7197667 758181
7246829 2885978 5915613 7252187 7986677 653753
8173585 3022953 3864407 8934079 1344107 9994127
5296846 4835372 8175169 8640268 7293633 8915880
1020464 5388393 2667673 4249751 867120 3312221
7792064 9948573 3451516 3835441 7203283 3737486
339339 2724885 9544682 7878968 5437347 7578449
6455887 8304669 9626721 5777122 6761133 7406
9015250 5169922 7538168 3257425 3155584 5816641
2223189 4322858 2227975 6766975 3295828 1809274
8090507 2997077 2018858 2603391 9460123 8038104
7202236 4338143 5819670 126921 8594740 8619222
449445 7417877 9398024 596719 2184380 8988963
9289159 5243342 8627259 2660266 5234501 5697197
5774053 4534638 6792988 7634875 1612251 2880424
1509510 3572364 9429056 7735408 9788461 2440269
5559591 3852496 8844546 1588617 8574886 2422990
4187736 8888328 6575182 8918946 2807979 5737707
6418616 1626470 2138477 3239012 7477816 8052486
3182014 5430241 7762576 6321660 6829338 4925484
1245115 9567360 2725891 2939245 8617410 5022376
9190165 2714037 7629416 6957755 5037127 8331884
144416 7700541 6668456 6204269 8472529 6346172
9122015 6855107 1726659 1055281 1216258 9985781
741947 8270498 6094547 1376570 4553393 4358220
4677692 9237931 7023157 3919062 343502 9007525
9697098 1248491 270917 1552806 9728780 93942
8108290 9460860 6589343 3806592 3094595 9777274
1384030 6977745 6957711 1416404 7199644 9974231
3198825 189833 8351101 2740110 2197297 346912
8927828 7813594 8160644 3271196 2280063 5799195
1308727 6225354 7357039 7660930 6507171 7224038
6075255 7569209 7126326 1632716 2946990 1755397
3396437 6935354 5175903 6317273 9992540 7575648
7400508 3261287 2038286 7048926 720237 153668
656423 6956988 9051193 9924004 2624977 1915185
1933298 4837094 7180797 790147 2497865 6869240
2420235 3723099 470573 9733672 5341149 9630435
2847905 1566108 7242842 6595704 9343672 5261943
5171009 2610555 7821054 584995 5870687 9018775
3760909 4259800 5505117 7203370 7004506 9550183
8172844 6151250 4944231 5211140 9699418 8109896
4574600 2606290 4437488 8306662 3897037 6269440
7105074 7666836 7920138 2407850 4201020 9154128
2910825 4060719 7613315 3789250 4752995 14422
4094131 1348302 8966407 8162022 7029237 8238064
1364123 5216865 6718592 920390 1560828 9189899
4686204 7636764 1866689 9132946 2021103 6737381
824454 6864347 8713517 1551613 3479921 8203851
1098636 1353058 58780 6350988 4292544 2943787
1936867 4383594 1398254 4929808 1117008 8351115
9143489 6412578 5577052 6199423 6942538 8680172
9550847 6184684 6106007 8730239 7721646 6564256
7287438 3777879 2039615 875933 2964795 7888648
1300904 2542518 7868381 762555 7063385 5676179
8179284 5013134 924320 3774805 8983522 7177233
7791644 9756396 6519756 3515573 9989457 5608525
1160329 4625030 9921808 33345 2000765 7295237
2097843 2368397 3631412 3494523 9063550 514665
904171 1060934 1418799 3509606 3628903 8574490
482734 8380933 9349192 9900873 8020139 1929404
7755852 5776041 7201161 8928774 938594 7965250
44499 3771864 3788422 6431089 9715604 8339764
7966839 1267559 541752 573144 8664712 4694988
2044767 4684760 5949584 409654 2870634 7922588
5758433 4282038 6127492 7945265 3032839 1608523
6259333 1259455 6604891 7992403 2277493 6224723
94075 3169068 1429802 5666161 3450024 5291685
6726243 4473081 1345329 3079035 5542766 2361344
8032737 9909590 9716221 4654204 7856106 3335378
5979820 7346197 2905407 9278572 3170341 6656556
1837757 2099234 739025 2179898 171756 8456149
1734872 9974435 8990066 4317029 479068 5495643
3265185 6378605 1234736 657899 3683410 8397553
6577258 2679398 8739271 3766148 9912527 3123248
1892302 1605128 3403349 3269513 2012583 4931295
3319316 815502 9998727 4773245 3828403 1350789
4552659 4546345 4301324 2889180 1344162 5568330
3371277 3715708 9430522 4220577 1389019 1477500
2100641 5321921 3662787 4507854 2701313 490942
7917285 8071609 2186706 7615776 287596 8566627
5052799 8465359 7961852 4058771 997712 9663565
5496916 8491939 2550201 9883947 6105239 9137065
4096228 3688078 1335235 3170940 394870 6196819
3692726 7671724 216109 1925848 1168871 6690662
1268507 8811461 8114188 9507784 6855960 5756794
9164083 6936882 4258748 5734697 7836380 2878803
7606478 9312506 2717995 9766956 8723661 2897079
8927299 2216694 9216681 4525722 411625 9013235
9155707 4746344 7676739 5989887 3923050 2615872
8350518 3126951 7296487 1271189 2790263 2186250
1549376 5989131 1635979 6793407 719864 9168356
4878316 8361531 5851697 8456432 5564461 1082363
3478823 3925770 8948062 7319029 2998548 8952176
7473981 6742785 8399836 9100953 352077 2109615
8080054 3174195 3013832 1642876 7384178 4709429
5582315 6335289 6522243 531744 8217579 2734530
1261100 2133892 1496830 48324 9647405 2050094
3161537 699274 9181883 6594375 2511064 9997279
3667809 1031488 128402 8344311 3797208 6047477
3786414 2448423 5637054 9526363 8713352 7545668
6154524 3235439 977352 1142267 2874117 9229172
4560120 2947078 5708191 6213532 6057929 864656
7455346 7425656 7095380 6349741 5939415 9652802
2927732 1485679 663131 3016552 7975067 6352690
4581027 7238004 2538080 474765 6745329 5769155
7097475 1734736 3420540 3951161 3893800 6411965
1072742 2019269 7825157 9952710 2034254 9563985
4289088 7454277 4973558 9263746 888964 6371552
8952097 7436673 6509008 5984251 6598631 7227672
6882537 3137971 5260372 4624661 6561240 5636112
6691091 4085355 6201748 9939035 9116056 4323192
7444116 3504184 3531855 683414 5276998 3920145
1827644 2975021 9451425 1099145 8727464 520789
1379131 5317281 6349039 6166528 1522667 9308656
9260147 1113223 5136105 6192867 7068624 755829
1151592 6448081 5458029 2189045 3261618 7948899
3362237 4350053 8338220 650366 1819630 7384780
2839696 8268682 2159674 2588862 4156607 3623609
7776247 5783392 4410507 4739582 3245529 1243959
9287073 524563 2562687 6893092 678887 8002832
9187086 1251248 6435559 2776025 9531821 8828917
8462116 9638599 9713403 1502526 7736907 4377410
2182569 728765 3497651 8964258 3326832 3253985
7148981 6671285 6956616 1512496 8416620 1285232
6345322 6412009 3202551 4214069 2901971 2737055
5386211 6469145 3671165 335388 1463279 568381
949220 63670 8736860 3330756 4126746 4518008
3910205 6273721 8046484 33096 2557013 2516764
7746308 322814 7197730 9308702 9744110 4007602
1046216 7674590 2834627 5150327 6430703 3119812
5626366 4248046 6736627 6976348 6116314 1267762
706245 1847180 9265485 2929269 8015038 3263161
4517124 3818224 2544539 2438607 7602290 2142899
3238747 6312226 3854995 685787 6467760 2579157
5539324 6077508 6725034 9663563 9289172 3788689
7733754 5798893 3632967 5617048 7704390 9878699
7781381 6933857 157406 6778721 9326851 709833
3251278 4817039 2307776 3934569 4791578 5925885
1463063 8607608 72299 691728 1911579 118477
9264816 4940579 7780286 4157470 1437023 38805
4542727 1042681 2558008 5476796 5195514 2216145
9630194 8900075 6113834 2665839 4657226 668433
1985492 6460026 6985375 3145162 7434508 1650721
271381 1604755 1285930 799148 8200499 681564
3716389 7042025 3887313 3514490 6352232 2763811
2098412 3623910 5496833 118600 2235993 8284169
8151824 7774482 9621524 91631 4304374 5891503
9812051 8797223 3950381 9403866 8706236 5451553
3133101 6119653 7506070 6129564 3886089 9832268
8752875 3743579 2842181 1876444 1760406 8153489
8328831 6115704 2547843 3350022 567427 1033316
5171599 1866891 4224032 8701206 4993338 9660025
2029196 179750 7300380 5394427 987097 9403276
6731182 4312522 8335789 8435759 381388 232578
5257740 5968847 9737821 5664565 1365725 8492414
5441987 6275380 6014076 1468035 1762799 8188670
3343659 6462028 8229796 2917065 4232267 6839344
1227521 4431895 1126315 7846045 4100368 3706338
2531888 3358448 2756481 3438905 5145261 7447883
9817699 9893071 5734315 2315264 8092282 4598579
1295494 9507034 501165 5731617 3259218 8717957
3645949 561161 8416950 9111710 2050767 4525068
1173480 3814117 80255 1496444 7208238 5949492
9106263 7411694 1868479 6031482 3132677 8007277
5735932 2003081 1130118 8566192 1650335 1869727
2454354 1028395 8369746 3631217 1621571 4725233
6338178 5495903 1172676 2408357 4200096 3539207
5289388 3420177 1307681 8231413 2265425 1331144
7367628 8321255 2684833 9784823 3209001 680587
2730099 5264011 6374357 2493888 9995684 1256136
7587839 5079756 8910825 6547223 6657355 1022371
6155321 7542262 2192546 5355022 5158265 1712334
4776815 6697905 3211598 8329272 742094 9712499
6699596 7504519 9737656 9798974 1198564 3329080
9184894 2669531 7819394 7689159 901117 6357559
8350875 3844290 5500219 9916540 4820518 9120340
4628381 8742165 6762822 285309 2076091 4723162
9138597 2012605 3162989 972498 5008007 6511095
7468989 4400827 4521916 6661858 5794292 2491165
1518480 7788864 3881191 5581745 7362328 3987824
3202977 8466162 6641145 5834986 7004146 1313975
6212115 4860275 1877387 4091258 3700890 1999929
2949677 6414286 5428427 5014493 660376 9185959
166090 8212395 7661524 1308299 220169 6500290
1835643 1689017 8049997 3009054 8398059 7031653
5239148 9046636 1379836 2774997 7082332 3609929
8082017 3303611 5008458 1849014 4760383 147731
4633707 3377731 699937 2521987 3712180 9380006
7062737 6503986 7128488 4695232 5415655 9149933
6326300 1894677 8245992 140855 3999343 5315129
3263978 3203060 6462216 4845734 8852109 4654254
620093 174679 9331954 1818498 6932476 7356765
4177500 8317075 3452012 7513792 6674591 6842438
5800352 9313656 7976836 8669990 5946316 1894073
9903165 543916 3630980 2229902 6448697 5187654
5363936 7941161 9304267 9693329 8585036 1557322
3685515 9787973 4525621 6045683 1901893 3537501
48052 5244239 9571509 9771722 517731 7098579
5697921 8812507 5220085 1403553 4340502 4685687
7338292 4593987 7256744 4568143 4942568 8308192
1023273 8390190 3725981 4144299 6454561 8991314
8052498 4484171 9732039 1894689 3828277 6886618
2316816 9754669 7411762 4439335 8621938 702076
2322563 131443 26185 6532401 6531981 7636190
9967568 3960382 3600659 4618580 2355037 3991048
4300578 9117371 4845404 6217429 5022409 3511703
9811519 5903752 8789678 580194 1719224 6033560
7366540 3803232 4984229 8333467 9086736 4585832
7273924 2898957 5972048 6554667 2245579 4811125
8282006 4490872 1858208 6089791 4176730 2494178
5390655 3433918 2129133 5740991 7594110 4710906
2041213 6099387 4732260 3900059 4627815 2718186
1912398 1742368 8412218 3992625 9165861 2728749
2651961 1634101 4873645 9014827 7344655 9456080
8018999 7745910 6871791 34278 7935422 531537
1653494 3721728 1727021 6295499 5189539 8285305
3904426 1625548 6209121 273323 6292253 2987349
9853572 3373865 8271141 3253862 4642269 503211
6398906 4289381 5325011 9129459 3437830 2542629
7620532 6375828 6089263 2673053 7721991 9848200
7839114 2006934 8163964 4200722 2246565 906087
991164 5616898 6552829 126913 88198 7540312
6519628 2378638 5341847 1886296 9161254 3970789
1184938 4765137 3103641 6368580 3635372 3646041
5206526 2524034 283898 9184392 8674966 8813711
2196042 1231372 3903557 6360920 2434209 4285319
4823385 5652849 1127300 7365054 2262697 9025370
3950381 6271993 4201182 7784699 2609830 1059191
7200781 5734236 7214573 2118473 1488115 2956853
6744558 1470533 8371562 4517923 8994196 9722530
622188 1806771 6941932 7739118 7930870 8856826
3636754 158707 9944429 1056527 7062910 3508405
2843489 3819884 2502439 4078271 2418198 7363378
9444858 7421827 9914203 9224706 1983610 2940729
1599137 77569 9743257 946703 9616362 963675
5913757 305461 6658652 1404769 6742865 455926
2083438 6211263 8341123 5344356 4147944 2451123
1114762 6144253 8671325 3706167 9274984 7668231
454414 2666286 9052334 1008183 5073065 1572369
9808326 1397482 9823160 4001202 6139980 7853301
9113568 2690050 542344 8980753 5142770 6757449
6849752 1438719 7077018 2046513 1994833 6206935
9022255 4100501 3273882 7463080 8109943 5839356
4269404 7892970 802584 2075026 492289 6950076
1911341 4905573 5232396 5086283 1596442 5345382
632765 8082235 71283 487822 6230788 1457893
1908778 2134009 1001483 1913876 6856414 7836264
591212 8407900 671453 2845399 1985928 972564
8298486 2345246 3287539 3983804 9731798 8247009
7050716 7038542 2197761 3592268 7069412 237197
1525052 1763469 9842276 1731636 1413747 3912597
6135651 8534432 7869713 1815989 5554301 5975933
4837873 2355527 1036555 2966319 1483814 2084388
6278623 9065942 2919644 4259832 6787797 9251196
2057843 6648961 8350437 1824273 3437106 9192245
9260132 8316509 5064597 764285 388823 5092945
7993988 8859575 6994152 6758855 6709747 3451495
3102850 6482496 6790944 7311605 9145930 7376270
7210454 4084396 5554728 113372 7313645 8003469
7317553 7265220 4975671 591080 9673792 4764786
5562159 4311377 5097326 8677467 2555857 7237792
911336 4073588 1966704 5943609 4972331 2624238
5090235 9519767 2356194 9468148 1156981 305300
2460251 4746238 7503030 974167 4613819 9352709
3637516 9146759 1002863 7061127 3446732 3123602
117274 7402907 9185783 2229366 1196695 2398369
8354169 4425382 3926639 9553152 6400268 5072342
5409566 1266845 9112064 2930490 5023136 7793878
5647275 7849404 6108239 4670371 8130828 4927553
7261756 4587992 9697558 5744616 5039951 3409097
6234928 3850209 626855 8843101 5826335 7569423
3438454 2860869 8323071 9957824 1113979 6731598
6378660 2907099 8345970 2430688 5564600 3346973
240645 707026 4123623 3208985 1413851 5597328
7015363 5446902 9272079 4258230 4967610 6608703
2700810 2609552 9385431 517542 3318224 2550059
4445486 6566465 5440510 1542640 9492035 2162266
9470806 5689450 6735424 9376640 8291711 5223729
6581583 4831067 9023391 6350585 5503971 4332924
9285474 3025942 2436357 5029527 1827737 379432
8297344 9180224 7893259 1714368 7257013 8504427
7346166 5861118 9588875 5795910 7985202 8998135
7906463 8698004 1214990 1961356 3738179 5724400
8861903 7638722 7155191 4048349 7676646 136542
7585311 6350225 7105580 5052507 1232067 292281
113702 9415958 4738727 5061077 3245295 311811
4269006 7756438 8432437 8230997 2030474 2430592
5634854 785672 6845864 25256 8444121 6805967
3117934 7324117 9287763 6711956 6167624 4189014
3224240 4248995 1503577 7756717 4129056 906787
1398846 2293659 4629050 9296593 5682208 8569244
4259407 2845385 5452708 903179 7692349 5981740
7291963 630906 5608248 4724598 8413495 6890973
3290677 7560055 7906104 299613 1934572 3907950
1004518 3401746 3248334 549712 1836837 8996300
8808233 6512289 3627381 7525649 6832150 9736814
7801542 6338260 5103464 8276620 5765848 5598735
1353258 2214754 9631768 3306022 9419992 5536717
8580766 8499641 5835499 4612603 4466039 6569001
3000683 1099232 359086 721100 8292075 2280462
5320909 3709694 1008548 6456408 2094945 1180059
2354359 9766314 3798755 5871434 6923056 2075235
1787509 5014057 1794206 2307368 8946355 9719817
4276181 7698495 3981753 7711616 1968946 3337195
3160801 4195629 2046250 7058380 4524966 5732917
9377727 7080442 8046185 2823002 2955710 2056153
4590187 4896849 119809 8451708 951663 9653678
1737961 2709331 1576585 3760263 2825094 9451981
4774794 693314 2152877 639268 6444918 593579
8298708 7609293 1740747 7671353 3295606 7899316
9133809 5295978 5241347 8065837 6493706 9842613
4029050 8964507 2058346 9738053 7717181 4049505
9600008 5824473 6746832 4328075 5973655 9259615
1760610 9400537 1370535 2594268 2283586 3831652
3580040 8738459 635524 7452605 4524293 5346417
315405 6918834 1601243 2220492 9317898 5655684
4412330 3672123 6215625 1733971 9731213 3860586
7393635 5036741 2976132 8103371 1039259 620444
3846747 3970632 1635637 2481132 5910743 3895069
6528781 6539540 3012392 1409695 4485797 7755247
9207089 6576444 4440213 6711928 9422647 798347
2448262 7379516 6506574 1091147 9915744 2301531
3043989 26638 9669323 7509948 5200633 7246845
855519 5476669 7699199 15079 3605858 553661
3710779 7834273 1008091 7706173 5691711 2778358
2643291 3002635 9186326 8460378 2526882 3154769
9420373 681706 5614093 2177785 5655108 3659743
4113869 2755599 4054888 9334106 9437143 5884104
4225746 9018833 1338907 5765547 554176 9009128
56047 9192009 2970585 3886552 3001149 1588374
9790256 4742089 1687805 3728216 8447856 6913109
3115204 4583610 7499756 6514553 8089575 4518927
1632751 8677733 9821560 4039456 5901209 850259
6498772 4376673 8397129 5123986 3480427 6672878
1439451 6877744 2448458 177198 8404331 3334872
184183 5533820 7680557 4025719 2387529 913019
1971938 385653 4307743 7141778 6218901 4853532
8384348 7711192 929257 6819979 4132796 1876442
9187567 6016591 3290799 2120326 7387779 8624475
3191244 4666269 1261661 5014927 2288765 1570111
4464650 2938006 6179279 4164883 6330370 2555754
6838369 7607031 6290204 8908540 2067517 5515556
6542516 9356994 8157771 3543597 6739638 5769235
5743620 4619471 2744947 572016 989630 2387739
44072 8063856 8146041 9056081 834475 7721259
9651357 6957011 8096888 2737631 2677127 3280895
8674252 4219464 1380821 8373503 9981609 6525764
5586238 279027 3949073 7775243 5577810 8030785
466704 9647646 7926631 5492426 9271306 7669293
8825164 3892634 1948375 3791540 4120811 8266513
4409713 7782288 6772556 8568944 9257182 5110506
7418668 3804884 6679866 4876875 4869345 2520173
4388413 7370116 4637861 6219183 4985778 710603
8438665 2268829 2486046 115256 8589376 1186828
9794628 4158931 7685704 427594 3912466 8784493
1332519 4882711 98653 3114308 3963790 2199321
9753207 7017293 1021844 8838567 356574 1772925
1350918 5589828 4778301 5406457 1104013 1901190
3031432 2605980 8906856 1237772 5352874 1851981
5780467 4294457 9192911 5585728 8774316 5098251
7424802 6991073 9892417 7895373 3544355 9986633
2421519 1274105 3406326 2438540 6465975 7968484
9688758 9600098 1912254 713120 8764337 2999547
6408526 4388170 3054917 5784514 7396162 1306486
9877636 94747 9529837 8246672 7333841 9669333
3006409 4167479 8242977 5923592 1413765 3365500
1880507 3455544 2045473 4791667 2984938 9829908
8494863 592892 6140005 938371 1549013 5752776
9939726 5067346 5530119 6193363 9177201 4386146
2043333 1640287 9594911 8585931 8017737 3449608
456796 4174847 3940263 3736993 9432130 2298496
9725507 3765165 8186333 8546754 8832612 5308793
954074 1616859 1403232 3225009 7289650 6803270
5166480 8939264 8545733 3777060 8306945 2266494
4139213 6813045 4990277 3856831 3880259 9773477
3770589 3294575 5437807 8595864 4334871 8810090
5889644 4757870 1160761 3841508 1212864 7783848
7566443 1392972 6234733 221326 5239289 7560342
2982913 8818324 4350636 2791641 3419451 9078472
4903875 6679735 5867902 1673769 9597779 2619084
7308218 5868676 9884906 8412855 4776164 5538037
9870985 2358210 7281987 2593142 7335365 2531780
5642508 1324971 7726400 761885 6210617 6913973
6031761 3917887 1573756 7429935 873917 5061934
5422840 978947 9875124 6359335 3691989 7655135
2942188 4215874 5160090 8541677 6533289 5344188
7898941 9153587 6616807 696696 350340 2881078
278354 389771 1482958 1818856 7149133 2094479
1352072 4141990 469118 8953928 5642008 5679892
1045327 9878283 4994758 4822971 2990014 3797217
5662912 3511650 8666221 9626852 9650953 3119490
7371690 7100831 4791681 2382211 2862944 7057029
297165 5335064 3567547 8692678 7151580 484145
3578976 3603984 3829814 7780645 5007263 9549999
7186017 3988259 8573866 9480198 7496349 6655006
349429 3075969 6163572 2819590 5033784 6838689
4214857 651502 738817 8363467 4447165 48301
7302797 8969860 1279045 3412088 8656763 306943
2112344 2352649 2726702 4510612 1243995 9386030
9967402 7882266 8504387 9116222 2440835 5662694
4545624 7891492 9604482 8136675 2032781 9786974
893457 7477574 301280 6728857 4477820 6500078
9745327 5215508 9156818 3781512 477848 6037402
8270953 3773928 5331495 8266923 7367853 5143699
3928303 5838816 1831973 6777542 2852187 7151517
8334301 5098635 8210666 5076123 3817843 6555673
443819 9166121 6937078 1492071 2518631 1179188
5663 5383486 7874828 6226624 4765284 6028487
229211 6185889 7404418 2466984 845268 8666906
331199 6278700 523639 4460782 4208372 6193965
7955001 4115914 4625386 3149763 8394555 9379185
8289411 4669204 1397664 2601144 3337693 1311726
9100324 6778882 1255297 4152306 8261259 1984366
7268870 7701678 1073532 5803486 6548330 6666298
9747099 5867317 4253366 9543760 4744924 7539142
6032034 5983037 4957749 743113 3537069 8402716
6553801 6855899 6988931 8495643 7937212 96080
4630823 7628066 2848196 6092691 3366659 4066386
7411608 6178892 8017441 8539273 7191911 6506693
5120432 2151515 7567584 7959088 3402664 2527238
5125818 8745651 9924280 3858521 6569110 7354656
6353977 8357211 3241812 2852581 7598504 1405360
4995435 8773227 9764466 977451 1172663 8920263
3818102 3654407 2500657 186979 2132151 8566031
9521701 7492761 8791125 8451055 5622680 1385554
835132 8594713 3453235 4461692 3369824 9191560
171799 772301 1058956 5493539 9738713 5009448
824574 4559027 8580387 6612080 3543837 8418684
6742226 4142981 978852 8647320 4140986 9748256
26580 4938838 6613500 1358248 4336819 9076349
8563531 7902922 2734531 1856257 2017449 9003791
7952124 533742 5403402 572905 805652 400361
7861307 8324562 3915694 7491208 9362405 7573123
9985644 2909620 3948923 372440 1708828 1479699
406702 2187811 4453727 3704979 4435111 8430985
2578060 8813550 6435481 1982607 6930008 1835791
2274917 8968316 2541578 9576596 8659956 3010095
3015282 6169320 3337328 578490 786012 5816423
5832562 2535372 5576433 9040376 1372604 1427198
5127425 8191090 6194093 1254831 1449555 9829637
4550063 4247144 6098631 6972416 7994845 1992102
3964879 5878700 1394553 2079903 5216291 394088
5031545 409047 4249664 938828 7357157 5539508
8142370 9828211 1401799 8637303 7872417 1899739
2854552 3537683 7440945 5008283 6855181 8738917
5641697 1020085 7518761 2711940 5026532 4412812
6911464 6042866 8174475 1345226 6613610 4907312
4421869 3752659 7319080 5182345 4008831 963557
7177534 4188597 833932 654585 3112461 1621343
8427838 5912760 6374727 4198891 4117863 4457162
4551156 8956596 9023518 2655635 6438205 4196205
2875327 2319605 5382515 9836852 4027363 1314291
7365032 6797144 3214600 6494487 4215433 4119758
4580658 7672206 9528852 6477388 7830748 2666583
7904985 4987112 7907624 5897417 4284102 9113771
8038084 2712572 1925002 3717312 6794069 7657014
5883793 1766234 7314453 3122874 2307018 1689225
5581041 7340682 161233 9519641 3289552 6315317
8406742 1933351 1697327 2254968 9618232 6445657
4928310 8073768 1125847 6356935 4750650 1451092
6288581 6977909 8035502 6268743 1798767 1314791
9389289 3647720 3074 5557586 610693 2449199
6805304 1457783 5365188 7839626 896346 490066
2505350 8385344 1697560 1592307 7490674 2350751
7416444 5783115 3094340 5479345 8789002 8720301
6531166 9526858 7015583 5863361 6834293 5329108
3653723 9312298 5541914 8846442 130352 9641831
6312242 2849156 1322657 9248127 5449664 8160448
1080468 7088683 7177421 635781 3851585 6365306
9753532 4696273 9487234 5684751 8852298 6015651
8220450 3909943 4858718 1282772 9026420 1083835
5433615 941943 4623490 36079 4185903 1584048
4948151 3658907 8254992 2055728 5280064 4641518
1028093 8168316 333451 4933891 4398876 1700318
1542880 5895384 5675273 650277 6109828 2138020
5841874 7968971 459999 9526263 625991 6220408
4783113 5029470 3822735 238821 3814511 4507720
3536958 1044388 2902780 5593373 5687630 192677
8110314 7697804 9416208 4845715 4656658 683982
5682199 3286559 9511066 3158399 9739892 3131035
5408562 4783338 4832114 2485469 4194205 6216931
1124049 5421887 3032915 2034583 7272614 250594
818782 789271 4353804 5825730 1396932 3354488
8797537 5949507 207754 5482595 2539963 8412024
2721811 996158 3312313 9776016 3844063 7339432
6709341 1624714 5289578 691700 4830259 9031173
9675606 1051489 6850183 6685849 4469324 265742
7159762 6075730 425189 9165614 4026932 3867386
6330177 9856469 1889626 6156578 4360861 3790385
2923280 9925967 2243375 6420090 9763657 3198046
2904617 1348032 1577824 5693482 5325242 5647900
4961015 127082 5959012 5322631 6150124 345443
6504304 2111688 1480182 9942012 8322832 6464232
7986834 3556197 6969226 9444927 3445839 3987594
5449806 552763 7263852 1499193 7768419 4904291
6787797 3255515 1287831 3652137 3781231 3121292
8687917 1466279 750488 4777289 4204598 3899850
7908373 1007546 3706344 1544182 9652273 2249173
2310202 2981268 1603134 5779143 8433255 6207460
6228819 3459690 7902192 7590229 243676 4772479
8384047 3461822 2358662 1054720 8534834 2894609
9057612 2852167 8330457 8358890 1254094 6856552
5713744 3209544 9351598 3069376 1536553 2438293
281250 3905623 900489 5014679 9188991 4787150
3301156 1008654 4822260 5080370 7423317 321540
5219099 1097688 1222603 5978009 6393242 742775
1541187 6853652 2472712 811735 2486569 6800106
3918715 3951311 1727174 4746581 65398 5223710
6855862 3159443 1923136 5463899 7308979 6338052
3871989 3369367 4272831 7571511 7753563 7526179
8072348 3977242 5428849 8008916 3139791 156406
5633949 9735735 6816302 8608822 1528188 4682901
9965581 9469514 1419054 4100382 1095963 5237680
3059976 8554575 943256 9598549 8224507 4263873
8398404 9755199 3788708 4884550 2106019 3023874
6469944 3969675 9100088 4946532 2739386 8509326
1371257 5909799 811519 1570768 9112632 329662
8407408 8247039 1631254 7240235 5498318 7839464
4918998 9771607 2273403 9035151 4511535 9198988
6582923 8473799 5752734 1164975 9610512 3384592
6367697 749398 7629716 3792427 2138878 7558513
5582812 5019048 6730128 2909727 2729125 5186164
4426160 1489208 9441942 613593 1191141 9977468
2632619 1158168 4256881 5949243 9965552 2334411
750470 7434793 9458140 9901099 8363608 4265586
2756592 206281 6299287 7426927 5203070 8363233
2699946 4614980 6108161 4072740 1657422 479269
1109336 2009271 7042482 7087239 4608990 3022326
9757046 5969330 7282658 5775266 8532356 8452343
9127710 418454 783846 5295304 3041957 4704085
8100373 5681713 6655439 2464541 153135 2522843
8886876 6999233 6286138 1078708 7913647 6576161
3869306 8559878 9500746 3777611 4839907 7956280
5291929 3663230 2825802 6435813 144053 2394278
6982928 6981325 1673925 7846944 8299216 4784615
7579387 7404641 1573022 1404076 5972367 5975709
3823830 8644794 1856136 4519638 8200363 7609757
6736188 8678337 8055682 706497 1905959 9972477
8951596 5350099 5578547 2827565 3375 9378726
1878282 1664560 5537659 4261160 5481613 3171809
848918 1039932 8700016 1501522 3499321 509006
5003138 2465230 2587510 3525036 9953781 6195112
6100144 772291 5462867 5216044 9699624 1465716
4338596 6276431 5075365 1701447 8895347 2949116
9206068 4751821 7401265 2194296 9525793 4307807
438050 9562669 3163180 8684326 3670719 7160430
8909740 5234666 5179015 7546676 5703359 9440729
7384967 5426560 5396318 9383434 6727420 9231084
3915858 6662237 1964935 4071943 9922564 9205182
8096444 9147471 2144584 5750900 2295454 8747500
3107740 2808841 2939437 8279703 3086986 391111
3031931 7415818 7101571 8302436 6306304 4464958
6286700 6791920 573072 5634636 4316480 3468787
7552798 9822634 8024400 8170181 8278437 2863555
2342871 6366106 9640105 3957998 587881 4523247
5015846 3158840 2939211 6431515 4438935 2894517
6501292 9105263 2339573 5005206 6351502 9311601
2129512 5613422 355933 7499976 7785243 3130644
8632109 2461807 4830991 8675797 8198101 2472820
723099 4937559 4530403 75881 5936832 6720880
751006 9073932 6827936 2578324 3286590 3147464
1525746 9855184 2352984 7678554 9133343 5211216
1129213 2547591 3471131 8712798 6040668 2665015
2507622 4842894 8580863 6509460 5325889 8126073
9692255 6340048 4960738 466391 5708416 9501375
8364113 6425410 3168430 5618693 4254200 7277569
2483665 9551188 2326831 7208469 5974230 7930058
777659 953555 3328463 9619774 7546584 5650510
9001688 2010300 8896891 1865387 7568259 1093937
8140016 4241545 3748043 8701862 2886068 6946542
8186725 1059354 4146768 2851609 9314441 2707933
2042785 5510519 8293391 6193561 6229133 6489479
338184 5299152 8868664 650804 5731801 4372333
4797610 72480 8793463 9310228 1464703 3698116
604484 6498725 8857151 2074493 7478676 12654
3529525 3781802 6665120 5380288 9021743 4914875
3783290 7926050 1639114 620530 7576989 2036064
7357118 2808126 5781166 2407411 1527203 2269106
2225273 7489212 8509744 9375709 3904252 2813587
8153078 8876497 9594651 448652 2247125 2815715
3850781 9968292 8031842 8280737 2664036 2447331
9824359 4957895 6277408 3953789 6867514 7805751
2733219 4177079 2495491 6757398 1953109 8656576
7916949 8197072 4971522 6588044 9849220 9989464
1502910 4153815 9877549 3851533 7227209 145246
5320223 3334637 5678925 8823398 6769749 7608696
4004222 9076381 144090 3333834 2583052 6569307
5991697 8271484 621697 703993 6642490 9727173
318095 1395680 6923387 938075 2531702 4050052
7844192 7262736 119072 8042378 6777826 8510220
2569782 5972825 7730685 6132162 8633565 3532876
2126825 3909821 7407329 4886795 2753176 2876728
8512485 4583114 5614019 8402214 596347 1577736
9367766 798917 7511325 150375 3533437 5831529
3221859 4382148 802935 1628872 979205 9507012
7489624 5961843 2298554 1633870 764052 6610226
8838622 9859535 9637918 7088821 8577167 2732668
2319843 5431299 8642503 4046658 2425589 7948587
8436033 9441978 6666389 8541336 8674612 5978909
998894 2419406 2439388 1899156 2910303 4251416
2729941 497953 2930615 7900317 7397171 6791333
578174 6878614 3819061 9003792 9563592 736811
1939817 2278944 2221750 4778656 7830532 8102138
7189026 9175200 1956558 2854347 3192839 1537227
2840623 8948287 7287231 6319644 634976 8344646
4170838 6939465 6949231 5386501 4358880 8079214
9802053 4419526 8034128 1851170 3468484 5546974
4129526 9432240 9878386 5929577 6601518 6395667
3757159 6220237 4588874 4337249 4710130 3735103
2294857 9875593 7305114 1393388 5059694 8448883
9504101 4258529 6243638 5474414 4832954 2624126
3787579 6553315 7920064 4142536 4976603 3411005
68009 5337855 5706715 6409584 8724821 3760598
1658840 6911045 2346769 891564 2562485 4414738
3755772 9833588 2229335 3214128 3091643 4483286
774099 8408665 9359832 9585245 2347068 9209955
9303336 8655111 4599286 7254259 2141997 48202
8475602 9614623 1243634 1177868 4269240 9372274
8028387 5885273 1150772 3544515 9734547 8148648
6102113 8612537 1696043 1828900 1718642 4999365
394790 573451 3461671 3436777 3368436 6567937
4051173 482764 2990787 6496760 7106248 69709
9161312 4404581 4769047 2298566 2415961 2947862
3171103 2577904 5564348 2857061 5185741 7206369
3332514 7229584 8674118 1211183 3483131 3734531
7513911 7474435 6936469 9599921 6859469 1568546
6586530 5038824 6246187 4675697 7126694 3786476
6381487 1531627 8779025 1081063 4383203 5329965
3379601 3803547 6196576 8748181 8657796 9140737
9435017 7537729 5387710 6255302 104263 6138851
7893818 2839990 6999632 9256256 8982848 9631812
3133240 9561391 7545112 3200500 5712035 7377136
6701674 8495406 5451209 1777871 6475574 3654113
8427344 2251451 2846381 3344152 7831581 9679584
7537954 8765729 8816639 7795731 164903 9321739
6180836 331228 4934561 107335 6781878 4286703
6786844 7125231 2548779 9147213 7947822 4821812
7784853 179100 8091511 8819439 2046506 162389
3689527 7657145 1062155 1733596 7827957 7852812
3292470 4549666 5008409 7320048 1718301 217118
815172 5337508 9396487 8223372 7019664 5380806
2442575 6594339 1713528 1164506 4991027 9350342
1105334 9280131 4303628 8024569 5559298 7652481
1588072 8718515 6719223 8654250 4106203 2507758
8259584 4447240 2503271 7081748 6814865 2232211
9278294 9466795 5406930 2331660 8332040 2610313
5425324 9561481 3159436 2710704 6376864 5452167
8448860 2525021 2666117 1711812 628261 8547826
3549184 5267901 8990367 7355928 5731976 2999785
3497895 2160922 1231304 6888729 9963788 2572424
2877535 5360826 9779473 9481317 1886211 5524232
3943412 8773673 948090 1693314 2599244 5997817
4493044 8877367 2341650 1267055 205389 1581182
9841640 6547771 3818978 3955444 3532564 1546963
3241843 1922366 3734819 2407144 8833765 6171117
1379009 8536595 9597692 587012 9833169 1016037
5672693 8967543 638810 7141885 7768399 1854587
7599736 1855869 2668657 2992550 2862883 6854608
658134 2230840 1955533 9650122 7047088 3416016
8753445 8922091 1828262 8232510 6239473 9963844
1789412 1536268 9939908 4776973 314305 4062648
6400124 3906032 9044198 1325613 5594361 1237846
942371 2699754 8779371 1964390 6355708 1676694
8878306 249293 9059483 6880211 1749009 6602925
4215584 1728886 1489507 6181675 1833566 911077
9187775 7440183 2728069 674965 5352473 6232131
1914679 2822762 1541564 8606009 6592425 8956850
7810410 9332521 6636478 717686 8707750 4347334
4636645 6789055 2566382 151567 9354203 5990179
904361 4909201 9787259 3336983 561388 8585418
2573141 218448 2072466 8133120 2137837 8154178
8509777 267406 7347281 2547240 49711 3532945
135129 272297 3656868 102632 9069800 2416487
9966446 3497898 3021136 7142172 1545030 5044511
8344694 9036207 8085979 6737889 9770604 443271
6444872 8577695 2261374 2956146 6032867 6373976
6884384 9677289 7194684 8482300 2207909 8440344
7000053 2089405 6739344 9033437 16438 9081906
2333311 801728 5839400 7370772 3370537 7063490
5564282 5430968 8673418 7027954 9788425 3101629
68198 1771887 496801 6904009 6102368 1472015
1271571 7178983 4239429 7282891 3218248 9392511
5221802 1484145 1289988 4580791 142119 9455625
8305167 9311257 9019769 9004073 4404578 8968876
4603871 9074099 5207158 5197884 7391864 601899
7700558 9856429 9888864 4093054 8414102 436021
7943543 96044 5987036 5267328 7761866 2837454
4842477 5050420 7583479 6446889 2148969 1886391
5773501 983490 5288848 9217792 8722787 477167
4081859 1064125 7367309 1527925 2300137 7028268
6264857 6073686 9787119 3637529 9582332 3361818
9503646 1128747 3070043 853967 6637248 46075
3468588 3037838 1549391 6182315 4161596 9354157
1385396 8156981 6925130 3320766 9424382 6408373
5313051 8482765 1133641 9411696 11195 7349977
3068712 6415617 7795906 8958768 9002470 1688179
3050335 1204947 5468087 4221661 6943242 1020221
8816348 4919534 4346242 5242772 5749204 5684949
8927776 7899544 6902529 8013151 142528 4143155
103137 2944091 6649304 3378746 8324477 1099566
2228177 91950 1117552 5720066 7785254 221630
2250169 4509820 4035367 9861211 3131980 2956648
3886069 7163735 1213739 5904908 4504418 4504848
2062131 70278 2733561 5448692 483919 2111650
447447 5055560 6273088 3652750 8855630 6058379
5038875 9671589 2880469 4368521 1993483 6851291
9902669 3096281 7134280 4124611 2992603 1239383
1649581 9066565 4767564 3945880 4127082 2978793
2929416 4198229 8439672 2144456 1316614 8254198
8366005 6779484 9608031 9005902 5272618 2729693
3948541 8597418 5654189 7976987 4822336 3460390
76178 9517548 5170251 4362447 6002239 1408136
7370568 7937519 7077675 1494177 3799110 1417354
7344085 6501567 928478 3294295 723334 4657401
7618707 2894419 8354974 4626270 6002515 5213999
7243260 896767 7823663 4404586 176069 4395185
5585194 3672593 4244228 1307173 3869701 4609533
7808542 8566968 8195989 7031536 4773887 3379095
1176523 6871827 2980374 8190676 1661816 8771051
1801214 654246 7874083 996788 358280 1927917
5105416 5449908 3515032 9956252 7119186 5105472
3584472 2965981 7761449 2682490 5908983 126516
7173125 6036912 2631865 6318944 5485752 2156366
6461411 587170 8120531 4975878 3449747 9130688
2233625 9052583 9234950 9052612 2603371 9521823
6521101 4588405 3314313 2316310 6201756 8419793
1094501 7852290 1447781 3090517 3447064 1807906
5617645 8494033 962843 2853857 1017550 5624903
6139185 5482270 5168493 5717717 4535376 9771110
3807386 129538 2000160 4384343 7722627 8066602
5870521 4531860 362609 8239626 6161388 1320578
6812203 4856814 9835155 4212071 5224443 7633462
708584 3370894 7140106 6312625 9358233 4955714
8167845 9379767 8035033 3610046 2913427 7121101
4353329 803384 53029 3543202 8508924 6072218
6419633 6710157 129663 3381178 7219995 8915204
1445296 7378018 2332645 9642265 6041653 6160736
5789748 1927113 257827 7535031 5009133 1164482
2631004 7494761 771304 7044446 6216498 8342859
31569 2260474 1618432 3241508 3886297 5358004
1267549 3269001 6347890 3762936 7792438 8514285
7503798 7327405 6150899 8224902 4867328 1980215
2623069 8525579 3338114 1874297 7820298 986313
6863274 6818297 5794250 8888547 912198 1014163
5300914 9375186 493659 1786804 3349608 4959520
7296771 8203787 3491721 6974640 8374716 2772651
9812845 2026811 4134674 1743541 31232 7681727
5013582 4406102 2627432 8791089 4421377 7690918
5004744 8157272 4440176 632119 6378233 7067999
9563753 2379002 2356802 5333726 8462022 8417252
8020625 5716994 3977796 1191378 928130 6663541
8488493 5648428 150863 565462 2061451 5793486
6851638 5119732 6787064 8112523 3874964 6506096
8386731 6509824 4953809 2802740 6782060 5192335
519344 6664651 1825554 6423721 7410887 5995714
415849 4479119 3564789 5717422 3722915 4314238
3703930 3822204 3477971 5963891 302595 8772949
7540055 4439281 6095821 8646689 3780480 1258500
280934 1451229 8504037 5850706 6946994 1952197
3463443 5217885 8934934 8785461 672033 4263479
4837986 2064771 8237540 4155149 149613 7582331
2228697 1134216 1396816 2472826 4408592 52759
3028125 2422840 6207229 6180859 5262685 2342779
9096514 1872654 2884171 567053 6142787 5959657
7491676 4565142 7532124 1612591 2253979 8505030
5379304 4918469 3150170 9214492 1125904 8237823
535408 3384905 4289667 8513489 6417992 2646263
9861683 7808108 7042637 8451278 2822581 4524154
5744968 7282583 9955199 6592155 9688947 8799379
1379307 4270933 5921984 2277882 6663473 5584471
50207 616105 8880237 2891786 7093521 9490123
6902589 3813632 1296936 7969405 5645450 1877779
8053111 583024 5454662 237907 705369 8334678
8917020 9040397 1742560 3007970 5867622 4971395
8549830 8787149 5229522 4350791 7835184 6854971
2315839 8257526 6721432 8705195 8463282 5801886
3766026 6969897 714586 7552513 1548689 9008948
3227218 7775563 1637132 8077420 8539043 9105922
3344717 1141400 3565563 7587305 3360861 7623075
3841910 7042237 4748482 3908841 4341955 8306372
4260600 2551797 5978448 4441964 5653565 7387924
5156346 9347916 2119741 9652775 6471880 3735472
7620092 1364507 7491708 2733611 9780751 8092059
3334262 472410 248106 6123599 1006073 6693784
3289407 4728533 4896664 9098357 4863284 1421045
1053403 9857185 2627942 2408214 3291912 8996891
3030500 8785253 2121997 4249207 2921073 9191127
6986181 3691941 4669519 9830091 9967213 1996354
131366 1108298 7261485 6656423 574578 3869544
8058265 8137001 1545724 9284664 1152556 925032
2491260 6057989 4484631 698696 8599371 6614695
1107529 5211877 8072594 8494817 9703111 995497
5970061 9085055 7551337 1056979 9137417 7314132
2024264 3459316 4761320 2900309 8966990 3754985
4159559 4396980 9282606 8758398 4349948 5154911
7451167 3745836 7632696 1196965 1757946 6863083
4706496 6287485 5092570 8054823 8722561 4755336
3923760 1636549 1405187 6265987 686362 1489523
6318206 7001286 8999583 4231591 7260399 7693240
6163712 9590951 7090998 729645 6539136 4202391
7332089 2349131 861928 2917682 1043650 5957275
3362801 4773095 7327108 688253 6350482 2849932
2221561 3969440 4736754 5983 8976548 7330441
2349798 7893571 3710617 7793082 2440191 7348662
6155327 3219575 6485437 9939456 5033253 2166995
9772085 3976850 9748348 890178 722734 6373429
3893407 1006077 592898 5447912 2903186 5913266
4162415 5629952 650803 6149650 2010030 3290958
2956485 6157728 614403 9760556 8379846 8645564
491773 9539006 9908940 3513266 6762355 7824075
9471838 3423345 9739842 5160113 916168 2373632
3101584 1331383 3246706 8363324 6112576 7970470
6737543 6901885 4990385 7797351 3630667 6810238
6697858 5677 1209545 3194478 6982970 8875525
1552592 11528 5597003 1102783 398404 1183728
6464489 380141 4243722 2768823 5976074 9479841
6173424 9002302 4713784 8277171 3048066 678646
44252 4593161 45151 2643932 3023013 1477961
3655179 2694422 5908338 3098701 6815407 6756677
6614530 6277359 6440375 864316 3607520 904639
6776628 1998800 932978 2062978 1898835 5732434
3726748 3968719 925811 5510543 1623927 4628365
2096454 8420686 6957610 530898 3150226 2389808
8830373 8908659 6988515 4119042 7447603 7703982
5275389 3365787 3564733 7487044 6154293 9698714
3039466 5309107 5394781 3809144 1500543 1049265
9745668 7981274 2694326 4312716 8917184 9054293
552149 8144635 1070494 1279973 1002247 8394721
9799067 6083631 3127133 4050566 2033942 4698861
3916123 2657585 4551197 3228995 6787588 8533047
2167701 6239703 7814426 1227096 2471077 6314819
9233584 8287309 6920143 5908345 785230 5168952
9695482 4517656 9991475 7934222 3566893 9302967
6633487 3995415 2363540 5170012 7687977 70661
6571581 8988899 3275164 695919 9893020 8842957
6498068 6516672 1193685 4161279 2145015 2677480
1239866 9325052 5673557 4755675 2046388 2714937
1474577 3890721 5298401 7958181 4355083 7516286
4707385 5981901 9090692 5248229 6595507 2792172
6169506 6997689 8551725 7743765 4655514 3482177
3039654 8537664 8394288 8077186 9410277 4268557
3975266 5534203 2372641 7313994 6694356 4241840
3629409 1877812 1949027 9648603 3695434 3797256
4772259 8613400 4633816 5758878 5988534 3911119
9752265 1249838 9921165 8401512 7991772 5147325
4125755 3496101 4669538 2191380 1716021 3508724
4320648 3397391 4480444 1029843 3982914 8820880
5143644 7393390 9287545 4848852 1618819 4717695
843145 6520903 3302255 4754469 2971505 6042114
8848361 7280775 2549130 4483169 8324921 8160438
4347392 5573754 7542430 7225315 3188239 3198254
9572302 1438029 161791 8440303 5327954 298043
9316811 3742416 4630486 5812936 615234 8595143
4623574 4903413 9631019 5203469 7558366 1470869
1845070 9371285 524595 8627424 3343018 4435245
959593 9837479 5072470 6320005 6682451 8409159
1278449 7918328 4205151 6089290 5276549 180789
4555903 2402842 1192948 3004211 5437657 9229089
1411627 3035425 6665541 3953986 9859594 3421508
8529418 9143922 8015388 6071560 5380245 3816953
2673658 944878 8095011 5726546 7480709 5490474
5225573 2996805 7059965 6221327 4534486 2696905
4389992 8534283 9626863 9450229 647566 5155523
277920 8840858 3933627 1295506 7215796 307592
7769703 7005607 9977884 1650961 7790586 7538528
393770 5206889 2538083 388197 3415631 4331671
2085778 8829357 4922133 5702474 7778638 2440852
2169124 5190300 8500939 3968635 9563994 1325310
3794644 9079189 8496356 2859864 5793639 6539386
9883326 1378152 3729081 7787418 7956842 475102
5512589 3574611 5206218 9521436 5827556 9327597
158822 4001794 5118652 5295191 7364451 1818208
233390 4575446 1062220 1492775 9126382 2025496
1806653 3801068 7441612 8652573 7856317 8711397
9042172 7533906 9413249 5998696 504870 2037479
602590 4298359 872515 4447031 189884 4204027
7234633 2647687 9362743 9173342 3809813 5562199
6206658 8499453 1714737 6678147 2626474 1218193
5477166 8390550 2251769 1703584 5980765 4155774
3033489 6860016 5718294 6494820 479264 8293650
9914348 4160126 3496923 3081173 4692601 3066092
945693 5786358 4385562 6858192 4258142 6478694
2662752 2633311 9991254 1879412 2445915 9356863
6996660 2364024 4907431 8195055 521530 2114320
9785709 8899005 8317594 6716740 1413541 3329868
8485733 739812 2168423 1069093 9258993 9649687
2065275 3125485 3806851 8648644 5732453 6840115
6832630 8618973 4132408 5773074 9040832 3347453
4164519 1154077 4414100 6361430 9498160 8115239
3386218 1719292 3638595 1382603 3295463 5793596
4748498 4228952 4372817 1055694 8372459 3518329
4310271 1593659 3374317 341567 9814136 9320429
5550012 8348016 6631570 8067316 1362425 1902556
7981911 4012634 9858172 4970140 2552221 259464
8915767 2124302 1241652 4053183 7682875 7539701
6011091 682671 9830021 8013254 3900146 1503500
2467298 5776936 246513 614079 1462803 7447172
9973136 3822951 1339940 5093670 811418 1150144
1483668 5318902 356866 1736039 3400692 9282829
5935423 9778357 1676731 4113353 2139926 6248157
2276677 257088 3910784 5834615 4330476 9131465
9490408 7536757 4447869 5128070 5600017 5585489
1656043 7367832 2549831 2411000 4997003 8729269
8919524 3822096 1312884 91508 2569514 2363973
7182835 4275052 7281979 547192 2077831 4121788
9826769 8353945 3637009 3998356 8337401 1205714
3536388 4138521 9492475 2208475 5603262 3274661
6702274 6355598 9718884 4771377 79995 6032860
6732997 3524423 4781354 2947462 5193828 8317830
4935273 2185169 7687573 1546810 8651780 55423
1849485 8943215 5458925 326081 5301301 7246072
1948480 7657687 9030430 1344116 8874611 858482
9236793 6711048 8218834 8038223 3389233 6213915
2645088 2411457 4195056 1249118 3814194 8553408
9340434 6879306 3160116 5319178 9063082 6152232
3518140 1989577 5486740 9437051 358989 6660046
7815735 6376193 1054297 2472811 2822897 2422308
7002430 5388880 4649811 3922871 3710668 8482779
98995 6897049 8795935 1473658 8901722 6240322
5860367 600367 5129021 6905517 985646 8421994
4085956 6629301 8594604 2878198 7825976 6885033
5371742 9799741 6352059 1558787 222488 7013040
5159618 172277 9588560 1772747 4246688 8425313
3903596 5417563 3168638 4677336 5220183 2166033
7356296 2044482 3087855 9246417 3576684 9758622
1531025 910217 5390546 2632303 8386855 6193596
3827704 4124232 7562904 7764777 8551129 3910926
2130720 8540207 6674561 1782895 6314039 8729445
6651762 4087620 6353678 6703707 3001921 5568083
5253355 9408619 1409117 6428571 5521901 5781493
3797178 6125324 6223057 6593437 27762 9312270
1622493 2527314 1785421 3394963 7945042 122456
862408 6138818 6866434 9257711 2546616 6679975
5491471 5573400 5730442 4358410 2594655 9489063
3404943 4827317 7908295 9822462 7378947 8978236
4784478 7399133 8602330 1781411 3967599 2425804
7687869 5537282 8512445 7362291 160401 3786725
6944023 3256799 6142577 6231222 5841298 6863102
8701649 5995644 6862003 4729142 937099 9948501
51050 9438767 3530669 6733993 3188494 5200444
1403974 1800031 5148366 2807185 8610485 545909
1520126 9080997 2171219 4440629 1569842 7009333
8167529 8129180 5412998 1943717 7414386 9337856
3346486 7173721 8986019 1045192 1120812 1383303
2116232 55335 6462033 8653829 1730361 4528831
8895135 953875 2348788 3312000 5958316 8360370
8638358 4136838 4646313 5596667 4711096 6760301
4691883 4261020 4425802 9852670 6561612 2807919
4535502 8107332 2024380 4192813 3387507 6014772
6214425 358782 679218 3765063 690952 8555149
4083876 2866296 7350636 7642387 5545494 615966
4660544 4855529 2170863 7052628 3305359 3277548
4691542 7749818 2462625 2225717 6353308 6859792
6957501 2263562 3493722 3654113 4118326 3623028
2504451 4702321 7566368 6334016 7097574 5599534
7681152 4873294 3445885 6091163 1512791 1844799
9409665 7049496 8715525 3809835 5192126 1706083
637056 7482874 4801973 8746832 9501271 5637688
3552147 3988707 4005473 3819425 6807562 8427390
5061426 429763 8747969 3727607 5137935 843172
3049598 8326528 7757954 6571329 9371475 8432064
9831662 8600378 6237027 617825 2816052 9303812
8144266 3147665 7071435 1787639 3017057 6635452
8821055 3757619 5201050 1928679 2781868 3108866
1594061 3861727 8065732 5018494 1029737 1083028
3096829 5682057 1911561 7872353 760236 6865597
3948128 4065726 8111398 6369908 8915169 900892
9400661 2934321 1172655 4701661 5675158 3659896
1355954 3273787 7412705 2112517 4906552 1380316
5642122 1120919 5544659 4649088 4977268 5509748
366332 4813167 7570641 5153999 7520996 7133995
7392250 271913 2387428 205838 7839511 8951330
8524053 2451146 4842449 4300157 2528018 9847546
1936211 6892399 8186568 4405836 3662540 7755949
3670322 984312 775504 531244 2230231 9639317
1320937 9299039 9088457 2601650 6003576 4102001
3330251 4246661 5413325 4038660 7309410 5403244
1272467 1150116 5434276 8461374 3588463 2455406
6537867 1341964 8592900 5697113 2712877 8084868
7323179 5960495 1150627 9814691 1483676 6536683
6358490 6861006 8041682 2748110 8884900 8540471
9862873 5922403 6447569 740447 969906 8281356
4434221 7897550 9582989 2783323 3133368 2512423
2321673 5208947 7395849 8320098 3993376 888266
1046417 5623824 6586162 1003588 5278470 43080
2951374 3515559 2762984 8876641 7680170 448403
7361561 8524356 2265216 6893804 8598501 7666059
6007836 5797419 372057 311544 1262892 4815326
8501879 4539856 2827126 8638204 7493017 6274728
9140834 8038392 2867629 7153415 1701693 3261075
1954308 8859284 643933 6404489 7789073 7454346
5518371 5557579 217380 9134586 5421762 4609011
247207 5427868 6610446 9729790 2312261 8195957
516209 734873 4360932 1770836 2501709 738614
7215953 4313170 6022541 6488256 9735807 9641777
7580773 208145 6822663 9004140 4939496 9739216
7022125 9603347 8008346 2917711 4793172 5705312
4597945 9367292 9118094 8218115 8390996 2065149
9664282 9411044 5726130 4671672 6637206 966820
8900143 183472 6357574 9905319 9188535 3475903
1431804 9030115 5821771 575602 1553812 5213616
7786348 1243066 488372 6871229 2707664 2708914
187611 7598497 5941700 8655619 7172890 3134416
1620520 8997838 5922173 3957392 6823973 324762
3915647 2909101 3570938 5855842 103997 4756023
3381642 7116806 414811 4532442 1485906 5763056
9883541 4022343 7813480 3904477 431766 7147929
1576776 2793052 6703380 3017215 4484061 9038708
5025119 244523 3010581 3223157 8284799 190696
7553730 7474412 2206141 5497008 6659954 8644711
1642677 1930506 1139069 5732348 3489587 5590857
2294102 5655168 6112591 178643 8772078 3150546
5320936 7716042 8566072 8774243 2380616 4030920
3621382 898432 8425039 4532230 830722 9859473
1745441 158484 8832007 224115 6978712 4011494
3556914 4386532 7362388 9168768 2261800 8501259
6008859 5844427 9303465 1112522 723112 8828892
2926117 4846475 1472445 9860035 7902221 568756
1624623 8779486 5093795 8175221 1875626 5761522
219671 7110447 1099783 1279596 3986907 3331102
6758850 2069987 8676456 2101097 6621729 4385546
5788158 6152167 5454241 64812 2765384 6536189
4727455 2508860 175319 9596147 1606112 5984246
8387027 1885406 2256263 8263250 8599491 8199226
8917698 5381693 2510905 1600866 8949097 5151353
7401476 4729262 1857520 5972362 4353672 8653125
152436 825019 8224746 7086899 4071876 1750053
5114515 1559811 6014102 8557606 3447765 9366766
5586202 623524 5504334 5115536 2892569 2101500
1074839 8495600 3470495 477229 3183399 1240035
1874640 4187292 7203070 302888 2663336 8036121
4678669 8755092 8155188 1522194 9443710 781093
7759500 1300128 7813529 506209 3148735 7039680
2185123 360092 1933928 3144139 6014663 8325572
9647018 2285939 1836693 9756019 4897523 5858071
5182629 9675206 7641620 6984711 5212258 9884584
4546983 4811626 8896475 7977981 3878937 4692672
1211578 4064008 1179814 4723241 7356036 1592441
4287970 568629 5346865 6430815 8292105 2823306
9306107 8730501 8172628 8877497 655869 377396
6199428 4922649 3857569 2297116 6339565 9768503
3139472 774788 6087869 7928945 5959226 8337108
8143204 4207142 6481155 7241255 1932561 1950655
7145758 4923777 4929902 244251 5468049 4328893
511206 8751813 1383101 4818313 7678604 6481757
1711956 5669485 4155756 8519078 1778553 8956287
835103 8914462 7724442 1411310 1583768 6581248
5504571 6359025 4609403 7009756 8287611 4084963
6342151 2064851 6797939 6221973 1731738 5732092
5447494 5955176 9454600 9528676 1785909 7587751
8385402 8321159 3096184 9606111 6216989 289740
4181351 9624126 2428589 7524867 6406152 3018099
4226212 5734447 3340009 8348654 4739680 9109023
9719490 3501449 464202 7298138 8476161 5613752
9683817 5489982 3937746 8423664 3071584 5823377
9501687 1306426 7128552 136691 3025908 3262608
3485063 5898459 142036 4319662 2828405 8663484
1656373 8817284 5658699 3779840 1995760 5997290
2392082 7098839 1215495 345576 9809186 8284459
7123549 1087264 9844997 7482432 9922294 727006
6351994 5757686 6552541 6605212 8023180 5099725
5889546 4089521 2708539 77400 4863590 8841220
8966987 5399828 673044 1800717 5641764 9658877
9955052 5903977 3494222 7940455 6031582 5972744
4607881 9156110 1497240 8844092 3013141 1938644
3417611 6002631 5976165 9415029 7967668 7070718
2110942 5051160 794104 558974 7890293 7906239
3288751 2314681 2235249 2374275 1378588 4409358
7611414 5322831 5445499 186119 7527379 4018316
7232784 8411538 9726104 579797 1997331 8867069
3602484 7045453 1076379 769895 6659789 8860958
2865054 9551957 7432160 3602326 9689774 590604
8864773 9396078 8013683 5587982 4651704 3716900
3737495 2233605 7777522 7087882 1232678 7690310
6493144 3231491 8475252 1957848 2182245 9556129
7344613 1531145 3053828 1927034 6956489 844840
6829859 2518856 5654892 3374290 9509220 1826631
6977198 4009088 5633056 4854895 1321346 8131301
6004633 1644801 3759834 6009204 6842301 9763725
1089547 6514602 5812775 3386069 4276750 3428297
385706 907205 7369712 7876030 6257712 8158629
7536775 6937738 2439588 7168843 8758123 2132847
8062007 363205 2724384 5950890 110684 7223589
2057253 1638249 1910145 343951 5953214 537444
5796295 1335409 4688843 3290102 837487 441887
5032064 3443789 8242105 2226594 2988584 8602014
4456919 9101167 7751375 7474427 7318119 4383607
5691712 8835790 2886677 1626986 7947196 6479096
7039340 5138656 6403917 8589186 1328816 2638501
1518152 41754 4953991 6832267 2079734 4922302
3469785 4246672 6100251 1997701 2136778 5314334
3890742 5835413 7374621 4122370 1493971 1009516
9472213 4582826 4320130 7526537 4652238 7117424
7650766 4169309 3388213 8209747 6250761 5698831
4037969 6442878 2114973 5603604 708441 2946829
3648023 7624651 7021433 2829073 4004642 3071446
8283356 3694011 6699011 7572343 7736243 2111782
9104475 2916970 3644684 5394401 9116972 6745989
8318370 3991615 5389516 7836566 9181500 7910425
1534089 5260037 7995911 401420 7959731 5693900
3199360 8287137 5126971 4427791 474346 3869320
3988083 6643140 578184 1248683 9243181 958227
418412 78423 6433065 1276431 9105271 3333791
2054146 8643568 7325905 5368983 7285233 6716826
7557313 5811457 8443150 9111008 1294984 8744604
5075535 7881936 5734280 1005111 4372983 9449106
6984810 4676683 2442624 9775364 1406317 2473831
6167805 7069686 4748434 4431288 7418154 9103077
1477359 257657 6154766 4662119 8347273 9316162
8367994 7830376 1001903 8410145 6870478 4662889
5426170 4877075 5348156 1833579 6173148 1361245
5223947 9413300 5705440 6983959 4291620 4428588
891166 2278782 7237250 4852074 9201177 215546
1968392 3126024 8393302 9340072 7633648 1037326
2589837 413415 9534662 6418117 2637117 6542606
8447202 8574665 7806204 7779734 4349193 6529242
7125675 4334226 896538 3387189 9207340 8004853
3397637 4493399 5966037 1726178 3770952 6068491
2078911 3515920 8629198 786356 6441752 3744454
6269586 6086097 7243426 4310830 9243741 5759732
1826582 8805830 6776183 9162833 8536756 5716954
6622383 3111432 7929588 708008 7726398 4866951
9319008 8581203 3918683 388448 5942435 3140248
5071288 863659 6642462 3466170 4339205 9121196
7913407 7660845 2132913 4061750 1510148 8263096
9285815 2814844 5090484 5136805 1560606 401510
1228670 4234803 5956643 249083 5103794 659520
8138903 1370903 5789521 3762246 1467348 7860549
9825770 5881137 143662 4103177 9239542 8380082
9117270 8360411 4466624 7654986 1249426 875910
3584041 2560633 1601283 9666491 1422193 4911553
9776467 4182202 7020597 3517172 9159778 1707631
7183605 4822204 5759865 5982941 5327267 2968302
3331675 4151160 6193497 4272363 4235979 5629010
8119434 5182637 3575302 6710402 6019535 3200194
5934885 3573683 2985377 5080732 6665042 2543161
9058237 8472411 9948709 877967 3985779 7285145
839952 6308597 6721358 8436031 6919572 4417337
2620216 3134328 3033143 1498322 4323311 7098265
4682413 9311677 8324654 5972273 1547057 6239555
1336251 3066065 8162667 3820402 7582287 5586095
8722253 2102873 8157162 3216704 6924704 6854856
3019592 2453707 165381 8908351 3432411 7927381
8907651 9683402 8263065 9157965 4090185 2885206
167050 4436563 9250372 5887112 398318 7353364
4218507 3085963 6925353 3709154 9541716 919713
9122478 7019550 8726310 1135263 9713777 4816699
6260174 9403512 6209624 6178286 8478730 1869603
6932883 5774062 5879266 397272 7064622 1863654
7976490 2178285 8975880 5277460 3653351 3145723
6335723 2835140 1704554 803797 8998197 3838741
9929503 9310438 2911991 9245668 9785872 6412861
9201070 7772387 9969625 3446366 2897790 4686672
6675582 3988763 5957833 7380768 8954228 4624256
1474098 3821234 6021340 5061698 5732664 7363430
1943833 3845018 3366198 5580586 4799540 6878636
3112144 5456377 405315 2370883 6248783 9168291
8957611 7687215 5988189 9466405 1196201 9292234
1894029 4530123 9280495 4289207 8601878 9664587
7187890 8954954 3880911 7080298 9329699 5176962
7817400 4867804 3577773 5548560 7301834 5940854
3046662 3620484 2972847 3090988 334221 7441413
4281357 4304699 7739980 6789541 8423157 1267013
8636066 2007692 2625032 6729106 3167668 1202540
8082935 7654626 5243139 3701611 8392696 5844585
2997725 6031845 6126677 5228352 4553482 1380978
5590518 3409051 385380 47335 6419742 7575717
6319386 8803041 4195902 1839081 7849 4297179
1924607 398349 531797 2613898 8444232 7322006
2551929 1088293 1700136 2375233 7465625 9647208
697714 9345051 5227787 7128262 93263 4302375
1314735 9053004 9751216 6359001 1199023 5014105
881632 8588730 5587950 5049315 409719 4364627
7006638 6243853 7646776 945960 1777004 7994346
5312788 383826 7587613 8804671 2676423 3465189
9680842 3215284 5943425 738171 9349620 7074691
2347929 9191124 8709778 9893526 524346 954844
4545962 5565605 9199326 5517691 1732265 9855501
1734056 7502614 678574 7335508 5368595 1221771
2000432 9751754 7568047 7233441 1815474 9709436
6714762 2510064 6376581 6286027 6678158 7983738
9070680 143461 9239110 8513258 2701385 1218594
5654848 7113111 5719507 6691931 6399997 6211398
8795020 9795096 8651561 7732111 7070614 5173808
2786615 2345333 7846689 4721654 8737739 9597866
9506644 5114488 7375650 9000342 3178763 8014281
4578263 8259935 8887446 1215587 6447011 1588804
616391 3220797 4801229 9459979 1680660 8255483
5502263 5308501 3351757 1356648 8438420 2020377
1057875 8982650 5439449 1202773 3499412 4332824
137049 4349025 1405722 9641244 9006614 7586896
3842944 6654506 3934347 7705225 2113668 8140061
7323951 7579433 3348084 7062757 7115720 3849816
372578 3326635 664673 9591205 9219391 3429238
6246109 8149996 6676068 5355272 7942466 4196113
2574831 3375490 4760523 4554622 1078537 2097986
183082 975147 4214183 7214332 5617034 5026153
4321135 7797037 3194832 5211695 4032696 858986
8672292 3995118 1866929 1589633 830194 172776
3668150 545844 5129633 7976483 3395134 856618
910827 8487671 8712039 9738234 5130394 8738178
3379537 2769329 6500895 1250098 6879674 6140573
9635632 3158246 7709601 5638520 5270069 1422354
234405 1034413 4117299 5817081 6682980 3947348
2329183 985198 2545295 4587747 886471 532693
6968352 2206598 7580012 3357565 6303504 7129363
6314114 4582901 2666643 4456654 1832157 1263367
4358091 7422194 7115443 5726356 1954000 7671948
2463174 8029630 5275774 3707279 7742078 2360721
6739318 5093746 1804691 4764690 7409050 4145195
6192882 8791789 1882858 5968201 4281745 4673076
8560560 6278067 6854741 580238 9324405 687168
8755710 5777750 9202255 2853931 1458990 9260785
6831905 6602826 9031198 4873347 2124572 2856840
5256919 3261073 4464519 5219290 6618246 1209758
5324671 1549423 7173850 8521448 8263772 3040367
9380509 8389889 3140448 2442366 7165796 5675932
817207 1882936 8705224 4588605 4951568 1964328
3158465 3885386 3634755 2543905 7932784 806224
5113996 1319534 6667217 9026017 711281 1020672
208557 3341269 9659820 5644982 5255566 7774982
3513317 234262 7513977 6161887 3473422 3069100
6120337 4389539 9437030 3355265 4056140 241635
4151615 668313 8309504 2500191 2060825 2732860
7575002 2780765 3616638 6367626 3407452 6944237
6373150 354491 7678607 2119775 2233808 3824526
6016112 5172224 6627370 930242 1075287 4717306
4450350 6996578 411964 565655 6423568 3543245
1369193 1758730 7263394 6425581 4874401 42968
2711168 7708366 1280444 6926960 8069979 2474800
4158343 7145691 6826810 569740 9788736 3118931
5390492 4000561 2155730 5612504 7339153 8883915
3614265 3221373 9593026 3592197 8049840 5064246
2320895 7009347 6357197 73392 4998432 1648721
9680843 9947569 5480089 7635639 9408607 4525442
2544081 9089152 7102245 4152569 6771898 3929596
7890496 3880610 7207841 7293033 5175162 2423006
1387515 5756689 4419577 8379479 2811315 1653028
449941 9118970 9658525 6216197 4606064 1060632
6117602 4084951 2147258 5178088 888897 9841167
7638841 7754852 4591954 7630288 3068422 8250000
1781670 9461696 6449475 5663429 5701701 4169230
7856405 5027862 1834184 3934191 8685877 9241743
7229144 1301363 7136253 3827061 7185697 289636
4866916 6327883 4483088 6041613 8034966 2686947
1782337 2712407 2991713 7366673 9654191 7420309
7831051 3757226 2688266 6169576 6597809 3349619
5203553 4786512 3417269 5489295 8359792 9578201
9226447 2183411 5399073 2905514 7948943 9587533
2704914 3811779 569155 4302318 2763371 6740538
3766912 5740056 1426729 3762527 3881092 2989293
1177517 489731 5373671 4413875 6103140 4928650
6553476 1059567 4703554 3786633 8623508 2399185
6872366 9377621 7968091 4904886 6815165 5851555
7287874 8876822 4763464 3404179 4661759 5842411
6851154 3528733 993855 5947728 2402664 857752
1922890 1441025 905419 427976 4311778 7870060
4204530 4812572 6080271 470422 6352037 6889375
4883978 8918280 5188271 8169969 7429951 3385750
8772446 8862025 8924891 5575173 6474653 5004269
8225829 7773337 5827971 9531259 7562720 2574406
3934795 605748 8656903 3845802 1863743 7182483
1493766 6444390 5065842 98030 700356 2002593
9771284 6817451 2524784 7874088 8520201 5743479
654140 8681185 6098781 7608104 7175281 3540639
1932861 6347716 4966371 5901150 2202146 6538440
2042088 4673270 7249851 3505864 6535626 5746289
8232472 1038176 7054536 8005787 6676202 985561
8319907 8674416 8161668 6922297 5803889 9657201
2479484 351740 9253135 84492 8877118 8881534
6475625 6326691 3430467 5116263 1912941 5516027
2216112 5592615 4242243 8527402 8055941 6027085
4752741 6265420 281825 6778495 9641615 7482025
8688943 2648352 2004982 5113219 9288196 8500865
5378970 5010563 543827 5309169 3421665 1850405
7285304 1957596 5796152 8368316 7030238 208934
2315821 3116208 9125235 1538508 5789675 1083586
6743318 9792505 618474 2134583 2169555 9538468
9375376 5700988 710125 1771110 1395549 6228766
6876552 1362405 7038495 4929602 9737292 6902377
4972200 6906942 2170950 2391837 1242097 6098345
230933 6384424 9235181 72890 4462673 6525406
8356789 7150434 6858676 921395 8369901 9495691
7882390 3244387 2841007 1005358 5933792 7720676
1140280 5514193 562047 9567385 1491764 5667832
3170439 7386219 3378916 2222857 6566308 8882733
8912636 4351480 8550407 4520129 1903649 5785130
303286 9302485 1238315 4184718 3414320 4245115
9370089 5955156 2992503 7542804 7047211 6492904
4061369 3966841 973149 4450273 1251556 5727903
5536298 663547 4892660 3567348 6902451 7076453
3146490 6133932 584125 7975943 2008758 4018421
945283 3362261 1340738 7055876 702071 6631307
6482361 6955562 2099873 6316931 197295 5536607
2675328 5627635 339008 6886011 8161488 2599467
7909583 4462362 3099923 2822503 8983830 1240102
892470 6735937 2400034 4161861 1038227 7280388
3660989 1394146 3946398 8974082 6597520 3684949
5152166 7005492 3264769 4341842 7967911 4295994
3628030 9219366 466251 9356053 892019 1274816
6737445 6260479 7972443 7984657 66359 7546395
918497 8122779 4378430 100635 6163406 3966133
4231273 2320500 5917334 4819484 2655941 8803149
1590209 3701246 9030114 6654058 1733844 1155995
9334698 3567741 6494450 8803929 9194473 9764464
773850 1536416 5843918 1125218 7424415 4777748
9307944 5676332 1327786 6400002 8055585 8474741
9306518 5051530 842085 9298635 110568 5647411
8378660 8808546 6563424 1663102 7765843 7190773
2244701 83386 4526635 6816447 8649959 6498618
1051944 2114567 8928306 4613966 9326785 4626989
8122215 3106055 4896085 1139585 5511539 6979609
7475362 5190207 5645660 555373 7347539 6682313
313910 36062 3457172 847039 425269 385927
3201040 9110747 3770572 8653144 8880516 7341028
251113 2491497 7026373 4829168 5348057 5941018
9546435 4692552 5724745 6215095 1176419 7004513
751326 7239074 3297006 9583814 4187739 2575636
1545113 1689327 2735847 7844321 6502537 8613896
3041445 204905 1689298 8542378 1412926 216037
856416 9469071 4225538 7555056 888472 3020042
9953236 2646193 9842150 9704642 1008938 2654987
957568 4098814 8859642 6452659 95713 3186194
7088920 3617225 4923008 1194936 7108030 7191189
4605181 2406791 5988959 8412476 1787723 5143151
4251719 1004056 3279626 5508707 5358679 1707348
2778974 3196270 6350602 276964 9630578 1541545
2733486 1840471 680389 80860 6886753 2403723
9754253 6588786 109192 8503103 1453457 7795701
5293029 9661480 2361041 7034349 2949874 8481680
7031082 1540759 858470 4698998 5452922 4881
9375360 5448860 8740134 7152294 3673684 6899443
6835592 6811956 3986646 3381462 8461449 5267558
6510799 4524321 5520038 3585236 8658222 5198936
5033959 5748616 9550598 5483925 215678 5697198
9346306 5744625 246395 7868922 3245881 8089818
683074 8034487 6387549 675507 705499 1437893
3663588 2601958 2915102 3209748 1667510 4641501
3809054 1911567 1200030 7093482 523550 8425553
2961641 3445846 2882536 5659534 9665038 9704305
454283 3891435 5233182 3042936 7805988 7929058
6653047 8966670 3566075 5896827 2698387 426961
8880009 5835291 3818822 4082145 9921647 6056264
2283833 1824210 4081105 4909097 1674870 8304111
4497167 2252824 5221075 1820842 4907280 9800034
5207281 5023540 8369449 6683243 221224 6814063
6204710 620652 4795970 4986043 6556700 2700840
1075426 7912226 9213179 773068 8213472 4688258
4606731 8879496 3524199 6826272 3375700 7840827
5623200 5545185 2216564 6929071 8545768 5553163
2707983 4832205 4059390 3766040 689546 7674846
2057512 2196766 5614067 7004758 7877434 9300995
1260293 7297790 5267509 1380265 3833671 3762644
9090931 3724098 4039351 532817 7214110 6027783
6275835 8381009 1647840 528621 1060043 4676039
4597499 9275639 2074883 9242806 2278060 1724495
8641449 7309385 7222680 1538332 8715556 6016706
9074190 7601972 1002061 4223203 5565979 6077910
2573318 4242934 1711514 8453919 7838139 4821669
1513812 2175166 7618094 8031606 7490204 2308537
6027006 1528891 1136722 938028 2407258 8601795
7226111 2017486 5019729 3543014 2738815 6524285
6539964 7552598 5008542 8022644 1458626 9612137
5025721 2052631 2815029 5569929 7955303 6817108
2964524 6143579 1437499 7253213 7728994 102894
4106400 609843 9819180 4914143 5511326 7186664
4879983 8136162 5194713 2400266 6997092 3548493
1058180 9030303 1504118 5187228 1913955 285541
9813127 3491168 716539 8005957 3005884 5437573
9493507 457076 3573588 4319613 7973503 6263679
7164296 9972898 4288492 4916835 9436614 2128972
6705104 1625821 2041272 7821877 3142660 3322463
4417423 2625455 5055539 9266536 4511749 8924999
5312990 7777296 4229624 1151958 7440085 4237825
9386354 6100443 7603959 4381607 5420635 5054249
3613076 560370 162659 8931034 5235970 7024193
9260000 6141345 9593688 9375146 8482123 288134
8244268 1991250 348507 7394076 3588533 380428
382033 226970 5945327 4648588 9006623 196206
2034055 6012337 2532812 50666 5530480 3336171
4525012 2323497 6205185 6987022 4208800 2582290
3159803 5486389 7389485 8031345 6535 8370404
9331311 5937843 9295172 3941489 2907689 5448835
3889318 1992277 2511909 7223530 3999573 5193664
9108922 8964488 1553746 9966453 6896979 9223632
4491381 9209333 610864 6257517 4850133 6158626
4082948 1257245 7782449 7766217 4234272 8102143
2990943 2350688 220434 7574923 5317277 3068779
901034 8092565 3104648 7083976 6161348 3538203
824261 7301482 8323923 1011520 7878100 5244312
1028544 3193350 8589410 8165852 3539964 797202
7759539 3073793 1087710 3136545 9858541 1650443
7666386 6123100 7758004 4409765 4232586 1648885
4973229 1533999 3647211 8484966 9065418 8804413
6118983 7407404 3047985 7072661 5433255 7548651
7834703 3071427 3379145 2538137 6737673 1040922
9512733 4825091 8810723 9423232 9815383 2243483
1981069 7764488 8234024 1454205 9417590 38247
5780198 6414495 3068895 6675038 6038290 6344101
1597100 2543577 4127931 9784996 2046868 6132560
7749216 686878 7640538 3539058 5301842 6787113
8271297 5128248 9385427 6717082 4897032 9407495
2838162 5549996 1718616 1403727 6503896 1300930
570389 4664778 7989813 3009737 1292462 9018760
4479755 1159665 7033136 7035044 941036 4194095
6912990 9727736 2778222 2678162 1674016 9128504
4602945 8442010 2462646 1446910 3182907 4289341
652820 9063115 1517463 3661400 3836875 488294
4625484 193373 6039680 2827001 9214607 7382089
8142746 4739479 9394415 8621778 9059303 4142177
9753976 1236253 4187212 5191331 9804092 5169295
6629273 159999 3875980 2590111 6800782 8061885
8838283 9123478 1481871 3700471 2356917 2229347
7501296 818354 7322789 6544842 2409559 747663
8154414 4085988 513129 5396132 4535416 6934537
9734088 5981167 9382707 8320468 1692934 1946653
102129 5461488 9259023 6348167 7032127 3676876
6612313 2035372 3392591 7977795 3988717 91128
5900218 4442274 2382562 7165068 1120481 8240948
6819387 3209133 8826693 3439549 7036916 5718103
4656166 1233140 5624582 6941443 2856023 819614
8679178 517815 7430543 9535217 3598342 6895428
2970324 1153129 3786227 3645912 9932529 374186
7355072 176619 97270 422000 9495913 93141
4551974 2569020 4860686 1141758 1501080 8483800
3119959 6662580 8424572 3540919 1692001 5798986
8052293 9670869 9179349 2572976 9298616 3470902
2660584 6365000 843932 5487133 4194744 9967352
4454721 3173475 3276604 8452507 6084476 6860297
5620832 4234165 1737226 5531441 2389468 287002
5958928 7537420 9016734 8946743 6415258 6935761
8470856 9429404 9461127 7987240 5593618 261659
1194836 4782095 878002 6626367 7761415 3130913
9249209 9064841 8374276 4893334 6687036 8327605
5207196 4667452 578103 1564274 7920086 7457835
4061759 2520852 7281401 8892346 6614047 1761196
4454168 3713841 9949742 3908170 7016277 4765339
506224 6467480 7579856 3014944 7257670 1302381
5982294 8994465 6472750 8606313 6282232 3324627
1912726 1065594 850383 689128 3739546 1747805
6357658 6906581 1509317 2003292 3925480 3072766
2980258 2302490 8168047 9116805 2172198 4047573
3181171 5341038 2048563 3608936 4387109 219555
747749 2192251 7409782 9275722 5581980 8925621
985085 5455446 6238620 3956773 6979619 5548453
910813 3765040 9974295 8201936 7550511 109696
3256022 8502932 2541999 4507089 34686 4955180
3134333 6865488 6822266 2425176 5425142 941193
1276063 8303790 6678484 630827 9941379 1547294
4338023 7081936 1324601 2583696 1018206 8470034
6834146 9023484 5322870 2619594 8205992 8407158
4073278 4979234 7790527 1938867 352914 5884177
7677556 6240659 2157565 2454602 6141389 8716491
2103355 8559909 30304 5297426 2680709 8675829
8869968 279985 3823661 8427001 3863913 468575
8785094 672326 7484725 4071965 7672943 1011202
9632309 514738 8659496 8415107 8351897 445908
3150666 9337196 7950876 794306 2953271 3700719
9389729 1883420 940546 2608110 480340 2458297
8439729 1536719 6342774 6647041 3749625 7926006
4583496 5646277 1115320 7321951 3153772 9680588
8399452 3605590 8567716 1146362 2822292 5626650
56994 3688247 208011 9584396 2146760 3343513
724953 8075662 7326714 122942 9037271 1980492
9528028 6176984 191985 5026428 5632235 6136223
4668428 2985268 6765113 733489 3831610 2705620
9330587 5828714 6183424 8270288 2394854 9347680
5133002 8243366 9061128 5313896 2551115 6792093
2250285 8855333 9389958 2999261 5922087 5673963
599292 4460554 6609005 9134827 7793922 6976787
9488602 3373024 7973354 2431493 6477933 9837024
8861537 9323505 9856636 7502390 253808 6318046
7160088 2454664 5680808 7979033 4989939 793904
2919364 4214132 3625868 3399892 2776142 6776902
6746264 1669167 7063180 1091150 134196 9371056
6096615 195760 8034792 9206636 8781685 9021830
1374325 2701509 1765433 9224104 6452359 3227610
6935456 4747895 8601524 3071912 5839172 3467422
9993154 2620259 9470615 5815100 6215462 3579789
3350918 6088710 596881 1196452 5685228 4808766
2773843 7770387 9189308 485580 1405775 58048
8283253 7953451 3672979 6658978 6604707 2288429
9028471 3695260 7761773 398258 6464436 8028247
8175377 3674352 5829994 3595757 1097995 7513937
9900440 281514 3980297 4455002 5855718 2692975
8424948 177873 7016281 6956666 6450260 8681972
4038301 6449875 3342119 8543475 4788658 7885720
9794443 3334176 6015551 7182186 6786628 2520202
5818016 2952660 9624274 2568633 3021074 2010876
8978771 9178085 6672391 1675371 585140 1124260
6077751 3828251 2097733 980004 8234029 6426834
5272148 2071805 7244999 9079800 6359956 14560
4686127 9631901 8885693 7944274 3801314 7763818
1498385 2718254 3494885 1460094 8636985 2903058
3068701 5856315 7156798 5005404 7977894 7272174
2009580 2362930 5864735 2217859 2465724 960407
5787987 8814439 5100147 9588717 1910037 4714823
5275202 6738215 6592703 9609713 7882505 3389172
3125183 1034497 5376771 8908573 176985 7866885
7629374 4617657 5191265 9194674 7911303 2377714
9270035 266743 4093910 9972824 7070220 3997026
4149825 2468268 7166177 7925285 2156286 4986875
2663671 1909668 808216 8780062 6184891 1898770
6310355 3458987 7973809 3767626 1880221 6943397
1895403 3101007 2185945 7997849 4588484 7848067
5769141 6593312 903135 2722432 318682 1643294
620913 5302377 9667995 2595677 5459887 5414237
6222995 5199897 8878211 389896 6244901 8267316
7058669 8849312 8432765 3292495 2884319 4452315
4403905 5502409 8386521 7150513 8077421 3969213
1811080 6151976 7879783 9318110 2156144 5562973
4083739 9941238 1590986 9164922 8159148 882514
2230775 3714677 7999100 2559571 7544631 6680324
8065186 1505506 6856105 3918629 939180 5739172
9415302 2476646 3708992 6450820 8318527 4816272
3256772 3470400 7224956 5698781 784596 9307911
7534453 6904884 3043752 3315237 6306156 6303663
6676329 7893746 690163 7550251 1061720 9169642
6453215 1844333 7957778 1706197 9085326 6571914
7113108 7892451 5212795 2140611 9902808 9679497
1853981 7632918 1622710 6774713 5908149 4688748
3657558 6531993 2930081 8691188 5025118 639746
3636571 4749949 5199350 552441 7242299 3045433
5049008 1865050 1414925 4539350 9997605 6474194
6858494 1550575 4385073 653041 8585673 2892145
4095115 5393841 7002076 3364254 1461255 8673238
4680953 9901616 1985597 6001415 3892693 4529726
6239560 7762026 6819214 7318032 8069625 4335377
1372564 6560666 650152 2167362 7091603 8037757
8264572 7314630 7635313 5148515 9916218 4357574
303675 3004516 7946319 37936 4596072 9631276
3637669 272316 3288693 6526112 5871488 7340682
1059836 9047592 7972357 6885198 8299789 2235578
9654980 9540462 3480950 49695 9280476 2025007
2241992 1927753 8302238 8964319 5099682 4146625
1037924 9532437 9985397 7628022 5697740 888176
6583407 6201624 3165953 7187938 3680362 7797308
1046684 4846452 689177 3309469 1107525 8044010
65399 1379373 9014841 5399734 5493535 375756
876624 253979 3724040 5921312 7795943 2668319
1329038 4673349 5172633 9142068 5488187 6339051
7355285 3431813 3349852 7084181 301791 2098164
9069625 2467041 5860100 5683641 9003011 4434023
1335829 8932523 820227 258227 8898920 3720309
5131784 5638189 4038901 9609640 6751398 5443761
7164136 662094 8405681 497634 5858899 9007012
2624675 1904616 9358265 4350125 5954183 7675712
4694158 2981217 1077581 6916676 6330109 3026493
4515656 5192982 1250967 9290016 4585482 8863420
1848091 1070811 5774429 1452323 4010284 9849997
2300149 7745644 6680414 7906091 9920045 9639697
3692483 8571990 6608141 6853087 3058966 7098395
5075758 6985704 2978339 3144515 5564069 5917702
2642728 8215107 9308080 1012407 5093984 1558415
4192793 7874119 6076612 9542260 8649542 4788088
3232582 1172351 7894332 9508267 2049976 8208539
995297 6788066 3061172 1437883 3224192 7758118
6418352 7662568 2134016 4152572 4214257 7599778
5885081 8703576 5506741 9856727 8809595 5795176
541917 1287741 2651659 5121998 3713297 2045925
3563085 4150222 9922447 1820052 3620504 1886615
9204062 5567490 4935727 4769799 2149217 8776002
2856530 1204844 4990915 1549961 4594055 7431415
9424399 40220 3659862 8476833 3657179 9945966
9281346 3375855 2362755 2099156 8966350 762234
5556879 5873298 3074768 1015246 7874798 9073969
7835670 4598299 4042064 247401 4948509 8646766
2664050 1115281 6554359 6730739 7000197 7604750
804260 8991955 6693686 5220243 5697599 3673077
8386063 5086251 493043 9976481 2538706 244648
9523859 7104906 6601140 4173493 9212920 6275918
5701233 1841283 3330046 5916946 3714290 9995756
3389351 9176997 5091710 5013095 5812783 2541898
3391606 2550607 6375658 4758005 1294895 9974394
4068548 336635 175699 9401691 2629183 2788547
8580926 7859188 2059593 3797415 723542 7843603
2045626 8490556 1902360 278440 1029506 5158913
4274704 4887314 5277665 6697929 1830892 6520602
8581366 3372968 9273468 7951144 6584874 9988098
3868990 4765853 5810011 6626745 104945 8876284
6100219 6299541 9212100 541498 7336019 5855101
7936163 9591935 8453454 7248107 2967469 7322226
639537 3113166 1521101 1216744 483300 6407580
4696729 7370618 8505742 3655096 820325 9256214
3515078 629781 1274314 2071494 9928425 5957688
2033592 5418880 8385611 3026076 4178221 4729964
5946813 3733205 7551294 9422563 8761765 2238957
8067147 1333258 405499 1951242 7311607 3471708
8466997 2652245 4282552 9402430 1930016 2734326
370541 2445123 5479215 9955885 7026420 6706238
4580787 5864669 9663509 2495766 5214515 7548588
8936614 7613461 8934945 6791136 5269931 6750095
8856286 5274166 8608852 6266785 5587948 9487067
8850715 1563836 3318174 7802605 3604496 7276180
1675135 2631161 3488864 5651284 2655534 1733097
9250748 5990927 6706785 845055 4841775 2897096
2575447 5571381 6118742 2856910 3014627 9698145
4536763 1675861 7382313 7532457 546144 6655849
4125473 4103756 6857174 5992148 1105169 5462584
3388064 6778182 2260172 2387329 820630 2583353
4059724 3285329 4957927 7201847 7540387 9279004
43310 8011230 432390 5711756 3691338 16567
3368324 5993805 8549208 3620028 3265842 1928635
9893866 4142678 2085017 6833014 1525810 8551777
4875923 3258600 4885757 1244200 7456991 8063593
636923 188117 4750750 3535389 8797185 9729298
4740218 7334915 4135473 8103309 7489146 2534913
6223459 8413717 412418 6840607 2623823 5111364
6913375 9768036 3512339 331537 2493463 6677952
498336 7226710 1759518 6406149 2325924 4281786
4393246 8799109 554238 2368796 5074832 3503220
5265816 9832935 7196620 8819910 8879810 5930926
7793161 1790556 6653531 9550103 609554 3112093
8139359 8035315 634776 9774393 4330825 7688955
4551253 305386 7694654 8072798 3037052 1570474
7969779 8334068 5008991 9853686 3710063 8690037
1980674 3854662 3338885 6909197 1574791 2790888
7914744 8093465 888225 7581413 2538375 702907
24420 948232 6617155 8647425 8266789 4290608
3647010 4618853 4468284 2865283 7817543 4769445
5808565 7193017 6795882 5626145 850130 545741
921934 7939474 8080493 7963494 7569429 6754891
9773208 1230162 6460524 7843888 1859648 6237359
6800729 6969840 7767011 6991747 8048377 2088820
4953318 9322354 67279 718383 6206676 9091209
4221753 9115391 6037119 8569439 1100631 4381773
5995005 2288599 7243334 342484 6659478 4598900
2622414 2060926 3378803 9862263 8874216 7036627
7830083 5803121 2759204 8230924 6064553 847702
7002434 8816818 9144639 4707061 672826 1527776
478461 203551 1732798 8989283 3741741 8454037
717772 1203769 129530 2078750 1848882 9571049
8994024 6458244 310361 3168110 4369333 5987450
8710017 5091054 448137 3030652 2888299 403554
6332005 5990828 3050837 5189416 1567005 2283813
5237134 1287943 1615772 5715558 9864022 6455926
2866102 3633130 8319185 4924765 9144491 7670447
6907096 5751333 3954238 3188154 9236900 9606308
537340 3834323 4447485 3157189 5997043 5581771
1079639 7447809 7315252 1329243 2657277 7750912
5403199 5528355 9636763 7845717 6841616 560939
7955276 3278466 6594221 3854435 302008 736202
7668265 3785252 5946563 2777689 6123555 7136965
6449316 3143850 6753928 3444528 4652075 7732681
7836327 2079945 5290900 6034001 4635919 2416213
9140674 1536859 975852 568272 9521565 3616135
8033683 9061379 8909716 3393299 5232878 5958433
3012086 6682905 3532315 3711283 5488923 2211791
9635207 8301949 1324253 178286 4879927 9513427
996984 1958670 876279 1904082 9389 4761671
5270038 1921274 8642547 4178008 4713760 8765149
9760349 7099992 4263686 2330427 4744006 7062176
8227248 3056016 7910971 795494 432442 7969170
4200366 4125044 6591021 3079108 6398793 6333969
1091960 8962387 6656931 1462425 9571288 7562895
2739856 6129601 9051989 4148045 8123260 3311603
7315886 8834078 1969144 4767165 3950933 8388931
7948104 7304780 3557942 4262077 1951037 1823910
1602455 201490 1526228 2907109 7703715 5884345
8170650 2190930 5522481 2308577 3086048 5751373
2108217 8297923 7528703 6700791 9590571 8614404
8010186 4079203 4932755 4599368 3479608 1598363
6000025 9433200 174110 8202089 5131003 9094013
2776026 6829882 7011349 4833021 9859969 9369798
6036666 9832746 8425886 3167644 5977395 5932330
7789122 5007308 5748030 6217771 2658948 5653009
860227 1247313 7714208 4943538 6251890 7871834
6891154 7003086 6721881 9927865 6907084 8270515
5710235 9968561 7059926 6428467 9532550 6256165
8740023 7275195 8437954 8158905 664124 9757825
188518 4842542 8101808 9000425 6810246 8472299
5850333 9782254 6774251 4521100 7341861 3883689
1379804 7832488 577992 9139514 7941866 2856882
2647916 6108801 2925661 155370 7457409 6008833
8872404 1360654 5474758 9491865 7477747 5383752
7215055 2701322 583189 7956383 4755020 1409347
9770026 7890729 192840 8249582 4077532 7124830
1496263 1189134 2626699 3176236 5048663 1700061
5678172 9600509 9333329 5581071 5510989 4555323
6832163 33147 7385133 2092974 128021 5449591
2997541 6358467 2304506 1390499 7306044 4640539
3300500 3423420 3077468 9168644 9369488 51137
2664042 4398334 2031269 5800831 8659107 6268274
3382134 5696167 6311991 3774696 3813692 7877238
6050423 1633983 7190333 6027866 1124220 4721872
4024214 7677052 7762708 4743248 5252040 7719064
4820323 105764 3883089 7986160 9875735 1625242
8622593 6509528 231020 9282191 2917029 1112654
2524053 1031331 1374039 1116859 8710839 4431853
9137600 9222844 2544775 4427268 5340075 5672061
7450206 7272634 2299199 8355595 5144430 1692436
2288429 7920793 9146293 4312205 980508 8553343
2385184 5395973 5820432 4686749 5152103 7304163
7646217 6768232 8716954 6077678 3503812 92889
3347832 2907355 8966212 3330855 5605648 6029196
5174288 393054 4765688 8211028 535954 2603100
9326042 266997 1365098 8538584 6993761 4996236
1966361 8211848 50822 2820696 8731674 3314866
8611420 4450851 4070741 5240611 6781051 8571843
6955107 1372527 3768822 2206310 5007763 2237074
2726223 8957574 2315145 3117096 9137916 587454
3787654 4174155 4860018 3217331 5360706 4885105
5939065 9107633 9774470 3720717 4111316 5291963
42066 527136 4175680 5651345 4719434 1154797
1958454 9933676 3612003 6193845 1255921 9163426
8834278 7119732 5259234 9128023 5812360 8036187
2681090 8849264 9073932 9463368 9033041 4557518
8454847 5394088 9090144 9185635 9301546 7673418
8797372 3234389 7261211 8476858 2164243 4480627
8061393 7074878 4238139 1160348 1158642 9204239
6975451 7593809 2918233 5696591 4383053 8240974
9625871 6811041 3295272 1738282 1039627 5262051
6218031 578698 1494094 9618161 7196497 9325345
2064652 2772818 632130 5938585 7396472 8021532
1902215 357419 4955488 778606 1066629 8737482
3798047 1520742 7690622 9869692 2487917 1439232
1639285 2758256 1011035 849169 9559764 2490504
4378145 7059090 2194761 1999159 2258827 1585544
2986533 8443232 9878380 4912794 9095695 8385823
8572109 1036866 197336 4896700 3794376 4025634
3285485 8847265 5744412 4557789 7940234 9518885
7571429 6348339 8090781 54861 7978876 4438241
8314310 1215483 3213054 8141625 1560439 337382
5826771 9903056 8098591 3369943 7792073 2623397
8859102 8885253 2425046 9304799 1297582 1451051
1241896 6742584 8963879 6985401 7563683 712499
6746092 9820355 9118855 2675876 4427730 5910488
3494763 2931671 464355 5440138 6598484 7880212
5172768 430483 9476426 9859954 9069929 3891320
5927042 9915541 1055191 3121014 5698687 9054981
7093839 8266630 5050756 6639730 8812965 1236292
5474361 1328908 3651799 2500555 1395532 1740083
1218527 3150894 5475326 2188103 9875180 4860401
2159041 3418963 2286769 4544833 4132030 867099
1974624 1381941 7672654 5072559 1058359 7648141
9657307 3625078 4121668 63873 5582037 6161099
859732 6855032 4118706 9228063 9965776 5269575
4228413 2672213 9034951 7736343 8641426 5919034
8415994 3738938 40361 6194789 961972 2279724
6768212 2549005 4134600 4183657 4665106 7431023
3563637 401801 270549 6003657 2843247 7770454
7618415 1154653 7568857 9314226 1328371 3020147
741695 2930978 3453186 7017193 316419 1459816
1832147 4238281 2740515 1753619 6656565 7319420
7607780 3462518 2663105 1841943 3295661 3033031
2026499 6676075 2189926 6687682 5664425 9563975
4999026 8224756 9828965 1264496 117927 7486773
8350177 9101767 2410567 7020213 5453093 8030993
8826537 9751019 2232585 2674783 2351509 426825
4690508 1810018 3745236 2951128 8395876 9380729
5107348 5776471 7858992 4535825 7287726 4652295
830221 4054013 7266553 3889211 2018166 2091663
1630850 567651 4120353 5253741 3403442 7554797
4908853 587567 8009424 4632111 3015406 3544642
800446 9351716 4324566 1763101 1997174 3854407
5818738 2047897 9828879 448236 6157147 4341455
9627780 3814351 1814040 7758271 6189991 1399080
764440 4937325 7732852 140921 1043932 1783857
6306471 9436766 8406575 6190438 8042275 7808309
1371304 475237 2761065 4314350 3735379 7936010
327729 9067119 2056839 3412146 8070472 9970268
2262784 1182614 4410504 9778897 5625961 9589091
5740757 7150581 4397575 6610344 3867671 8078080
5811789 659524 8307783 2540708 5456630 2560407
5447831 9628300 4005622 2020569 9076931 5681910
1580390 5313430 78971 3878029 7430541 7122871
9342241 7352293 6866852 7762583 7878136 9861318
7373353 6527573 3810805 8817484 449681 891693
3410734 4760960 6607565 4682984 8502560 3075855
9628227 7787021 3610489 9496431 7964315 8442172
5964646 242215 2105682 8728593 8198507 312530
9510119 1862727 9720040 7274703 7268103 6515378
1211227 8049206 2781387 8446465 5167355 8929056
8749602 6630346 9178619 3113928 8609835 4315971
9074345 6897406 6810869 7003115 4249802 9643520
3512381 9845809 9387978 8424680 1797937 7635921
7755635 8644759 8329066 3498274 9307364 8586953
1171653 6136030 7492856 92187 3471756 453354
294468 1181761 2619665 4681433 746829 1333968
9263553 2850717 1632379 7789710 9654248 1301101
3501661 2507004 7612924 76519 3762321 7422294
7127399 2786547 6251269 5145465 690829 6522596
599989 5251327 7322982 591665 1942275 2473805
6823115 8982157 3425649 6357515 6708647 3068041
7023854 8830948 9098980 8054010 9161126 8947219
6003542 9965925 8990510 7027965 9996613 6800360
974028 1095133 2373708 70562 2964787 685209
4202085 5149002 490931 6097069 4081443 5495501
4010986 8671887 908442 9158574 966595 672090
7875451 7144146 5798357 4544883 3052665 4931373
8323313 9073388 3625420 7304049 9141923 724904
7532085 3572024 5254714 522621 9617636 847141
100096 6752552 6017370 2740439 2155429 1559644
2577109 926784 4749504 3603478 4043024 489239
8038777 6844967 8999329 8318420 9152513 2852467
1002003 6429145 8042468 7442334 1747248 3891398
7059789 6898035 6007079 9766026 8564984 509419
240787 3488364 9054251 61300 9058477 4214042
4654720 5135011 4988716 4238712 1967774 2125880
181868 4719835 5030364 3136181 9265272 2296955
1725574 9213665 4419510 2402247 9520618 3188491
2804672 2657761 5005303 2125971 5680650 5257394
5552564 2811082 2361800 4240085 3362690 554659
1434987 7977477 7786489 4785286 3663699 4017501
7863750 6763290 4461371 5916588 7260465 7027413
8861034 3923607 7632763 3710123 8040452 9351319
6089908 7838540 3967746 5865760 7256627 6400715
9208739 2528749 9454360 9731321 8686147 9156691
9764079 5941783 1357145 4475705 1701193 1287795
4510466 6940287 5549965 402008 4538496 2757327
8727120 6888084 5397295 7977890 3264936 1757043
7624631 1842441 4770630 3010481 8150177 5524150
6586912 5569227 720849 1385773 5576547 1134949
4563140 8132429 8077143 5304679 6152508 1318682
5670267 4385328 2222414 6344968 9199657 1100164
3801353 5687899 3300044 1210418 7138640 368543
1003420 1230848 9263812 7697317 2106690 6843706
4386061 6753598 7791606 5832995 7888792 6131966
566945 3124692 1363739 4415016 5838867 6406067
4680184 3422440 735575 4078613 2307622 8879608
9534629 1279663 2642784 3670466 9209128 2462277
2224105 5376493 8430587 352305 382353 4345699
1871137 6865823 6025738 1233436 918618 9398910
3527076 9837272 6496536 6090447 5778022 6074964
9736424 9386336 9849031 6893976 6530234 3716199
9632968 6924806 8923225 384204 8162688 827027
4200921 715595 7544470 5329328 3608889 2512298
7701378 214640 2742338 7018040 2543878 8973044
380328 3446747 2503822 1336665 551537 2470349
2383072 3444181 5501640 6567819 3934041 9822791
2613245 5330129 8846259 4714388 719337 3457546
5422473 1486932 8703134 5198711 7032514 203023
1854439 8197747 6228383 3984237 8389069 5563382
3332626 2718383 6842458 875986 6513648 3083486
1212377 8296303 6373269 6452876 8001132 4718507
5325386 7633102 6781553 7721679 2716083 8278759
3666039 2986990 9495302 9284791 1595567 1056946
269910 5181617 6414232 2300798 9482225 2353789
6241965 8398834 5055111 9938258 3235193 1215658
2980333 1737259 8816480 5762772 3502010 2423034
7084277 8969597 3485800 3984626 9873324 9399412
3421469 4132760 5481664 7949623 318198 5402078
6068079 4047834 1122816 5785511 606076 1332030
6669254 8911578 8814078 4019479 210910 9602297
9663395 5387128 4397909 5565895 4741346 978823
9462279 7903266 9484979 7072268 2200514 2625969
7571145 6285283 5308292 7014820 8879329 5349464
6872125 8292341 8080636 9653032 3870178 9187358
92841 7194821 1131183 7484450 9093518 4590432
3608956 3064797 8758687 3883503 4321231 4486196
5001503 7855574 9391414 4502840 8487344 2414931
5917099 8995811 1847320 8496846 8214366 4320792
6023737 9654434 32249 3464613 7147354 1918568
1521660 10362 1516949 5210550 5473053 7546524
9847640 1977829 8809748 4894547 3463312 9135717
3867282 3687641 1964052 822096 2013316 1023754
5958049 2369285 9804997 5665704 3735933 4874367
7340038 1595994 8980454 6810390 1460712 9439084
4558183 144342 5917442 6840119 2361842 4310868
2969246 9790952 2382520 1844890 4655199 6509515
3605183 1022552 5532499 2711602 4629564 4526724
2356739 5201641 7641117 9008494 7506564 4778069
2113570 5855956 6274429 6642582 7870511 3877059
8566070 3037250 517116 9370663 336363 3318969
3218274 7027163 1325799 7653183 7852850 2222364
8641234 4113159 7714085 3295481 2060521 2713381
9341867 4628435 6966430 4453729 4453650 6259071
1797967 5549688 2637778 1139373 4726548 6505886
8036439 6326663 1920441 8505461 3278819 1617949
5992398 4234519 686188 2213529 9493328 7602401
3200925 4703556 7348790 5418753 367260 3393404
7063983 8818089 3795435 3561047 7300715 3242075
6910628 4112340 8583599 4258045 7572696 4786674
681191 2078900 2300614 4819912 9616744 1526187
301922 135772 834339 6096136 7303082 7826001
2027192 7128338 5135107 9364029 1252804 9750094
8910280 6379214 5182428 9244373 4075390 5908458
2710451 4475391 9025948 8678365 1594832 9166479
3034349 1734352 6661823 5899513 1532337 7414428
5301786 8381012 5086811 5822603 5116830 231487
2559065 967847 1515006 5969433 1533854 172376
8106968 7546599 2859536 8833504 5347765 1193482
9604246 1436818 8003510 6392156 2109461 5141352
2500239 1623557 8540939 1667860 3061786 5568729
1164178 6127679 5596000 7720678 4062242 2871791
4663283 3087677 1262383 4950941 6685307 3107542
4393451 6741017 2941536 8853571 571396 4048233
6306942 4200845 6386587 5468340 6295267 95519
9410918 8909630 6271551 9945458 3322363 3493272
1690547 891205 7906060 5946277 4805255 5406175
4576376 386289 3484356 9987745 4170221 2260087
9931098 4653304 4751511 4895967 1998704 5368443
2199815 3646667 1052160 4492706 5360917 8860941
9182141 5695837 9832412 5500481 8309760 5152612
6600239 4717824 9765313 7769111 3260394 5794102
5201482 8447174 1935762 7535361 4277194 185107
563877 6319197 30623 4126500 5537241 1641963
5344008 4514950 6910925 903107 7745642 9675696
2441112 7197840 5530287 9045119 6764135 9109417
5573763 9075895 2076528 8331743 3387505 9452396
2494773 2161987 1392909 8957408 9694485 3551529
3432680 4664454 9369472 867053 3928829 9041719
8830317 5055641 158596 8190449 156472 3794810
8241686 5697132 6972181 89617 5327998 6062553
263814 6156362 1683039 2826345 1961598 5201299
8108578 2232133 2931692 578226 1631726 3375254
249053 6386599 4820465 3359396 7470426 3081188
306223 1574058 3269011 6488568 214801 1708493
8950821 7383314 8919422 8281718 90056 7690372
2480215 2405156 6833988 5330356 8693594 3538122
1868490 606335 2702855 4168172 2758475 1696695
6110026 8252090 3423914 6783341 7941395 3769873
8974344 4882290 8226705 3890993 9783393 3753940
2793541 3775245 5941560 9974545 3875524 4578284
6281877 9826859 2142076 5241319 8098011 9226570
6541265 4918697 7693005 1282343 1490905 6864091
378332 6138050 8815583 1572316 378541 1962710
8284578 2167479 9441918 5149549 9307374 5207766
9463667 8589221 2621762 3080048 2536814 4918348
7596561 1893945 6730811 8124571 7886295 2931615
9554619 868706 154079 4197344 242076 3022698
6076867 7692000 3391385 1362614 3512660 3645342
4938356 1221225 3396704 3978849 1689966 1708045
5136366 1132328 519485 6934310 5777652 9508790
6604807 3461216 2381882 2774657 3685781 9596960
133279 2253761 8251755 5883967 2017697 9509835
1808631 4087234 1925402 6419219 9072681 1615373
1816381 8101052 5076560 8976419 8141691 1315588
1521644 3617711 203978 5022766 2988204 6753967
2412130 2620308 5091054 645289 7592536 6780860
640815 3302210 4006218 3794424 1229334 1258899
5393587 9054388 9203528 3886868 2170218 7602732
9782642 8717146 2059646 8904111 5117929 7676599
4432229 7628387 5319524 1066294 1253013 68070
9392981 5110513 9265556 1497787 3471837 9397388
4418780 1163342 6494697 5144542 5778403 5770471
7609154 8021956 6871717 3817660 3582832 9087303
2112059 7634775 1447493 2601246 5240123 4271058
4694320 3508018 7502379 7414454 6213059 9964149
1461335 9574521 2049196 3938148 4401443 6118821
1993343 3895799 5582551 9806140 9468088 1006875
1108035 4638099 2938743 6289175 1294956 7095973
804882 614568 4045555 6232221 8954235 3618238
8620576 6791735 9870389 4994498 6803467 9963819
1895009 7004326 4950282 6530548 3683207 6203882
3721274 3671006 3620512 752896 1824317 9687032
3504751 2305919 8166687 440617 1493211 602023
1332314 8405144 2213062 406406 6609572 5598491
5918593 5229113 620285 8430958 5317571 7609707
6248431 6998845 7092332 5618731 7911131 2463761
6056593 4577486 954892 6734860 2567901 7623950
3475460 51985 8790251 4358523 2727469 6648316
5451551 8179958 5298524 9268365 3662183 8398322
7750757 1488602 394754 9351791 611954 8454093
5583596 5290316 8353434 6010804 4504464 4825472
2594699 7886019 4394787 5702925 4384024 6915724
9647131 4597454 5837243 4589111 6930945 6557586
6808240 1560069 2501643 3971969 2979407 7137612
2311183 6980065 3336662 8694009 7867974 6422528
2069007 6704802 3965532 2500798 1151263 7277585
9270515 7464655 5547520 3964779 1763824 4841449
2253528 9748625 3795934 8382799 9621234 9064728
2561079 3161645 4557656 3837168 2543550 9051885
5952450 1611627 2310909 1215821 3699620 7524399
1488809 3900689 18045 7972259 3633918 7679222
2950192 7146332 3446190 8559658 5318596 9466290
1010065 2843461 9796245 7660193 1718441 3230781
3341678 3928384 7358831 4271933 6132930 4706329
1864871 8231838 4161251 4913646 6548348 9539636
4966675 8054694 3765034 8023121 2475969 7863134
4823404 4281268 6114707 6116711 5432607 2474902
5618537 4001420 7843049 5091366 2827102 9700089
9255640 8292256 9893185 9080127 7874142 9771236
165568 7216876 7767759 5311715 6107388 5402079
3517971 8036545 597983 3906554 3592982 7263902
5701256 2986944 367491 1933110 2836788 7437173
7116073 7224967 8495776 4883928 8653395 2131509
6863280 6773505 5404736 4461161 5658005 8256092
9646451 5886548 180551 3993797 7857553 5259093
95374 9511689 8173880 712627 2598740 7396061
1876918 1711983 408438 579147 9390109 9840158
9332597 7322529 5455467 2456012 1964054 649175
1275459 5281639 8563480 5636250 8448435 9333882
9997342 9056809 2378539 2341891 4260103 7706434
7083350 1707458 5129390 5108398 1837736 3325099
9263292 6403445 4626226 1099715 3007009 6941411
1723070 6284133 7383395 5564578 5128563 8335476
2800624 7190438 3922493 9531375 2718337 2575914
6695612 4459124 1063254 8839997 715285 3541930
5017521 9535027 7451880 2702004 3495796 7682651
4710767 4224199 5484793 2130368 3192719 5560608
6022948 175744 2274629 1622068 3913179 2164301
1950487 4432764 3928246 4043063 9541267 7069664
3783940 7551975 8989120 2553476 8412786 7378611
2261845 423294 5688160 1084296 6082193 3471982
9489531 9021066 2788337 9700743 853811 904364
2850683 670256 3997719 8361885 3508426 2542593
301284 5073543 545944 8898952 6889509 6282521
9613683 974458 9993759 382216 8918063 5943820
8693530 2157290 5811412 8106181 9868522 2769424
9872447 4938652 4093550 8802647 2132537 4892113
9375964 2249743 3578952 3023881 1192380 8871011
3071945 5422054 4043548 6446527 2252192 3339242
6832666 3362892 3533784 9405639 1470612 5107735
3478222 9107314 103002 6844516 1007213 8696520
5092951 4744501 801733 1228294 8489438 8569774
8449042 1498637 2941006 5653831 9522988 4639766
2703568 6589801 9782078 1122748 7310271 3496009
1900271 2247003 9905098 2472170 1273514 6505629
9235639 466807 3468039 8985815 5324424 3025222
4789110 2531447 1242530 4882432 7930930 6447878
8069277 1843650 6932616 5473774 7997484 753555
398236 1178835 3839904 8894018 6702071 4880810
5325657 2355473 1797043 6606993 4944244 8760209
8791421 2620781 3470987 4296103 1992654 8022630
5101735 9463226 6174212 9915784 864721 6991540
3397235 7821135 8658871 3334199 3053471 5466620
6563392 6426497 4249518 9151543 2073934 94679
2665725 341621 3764736 8587228 3660158 2968951
1228178 8182117 7587202 2482321 6091010 5310148
2976890 3773174 9850996 8909985 372039 8534258
4579343 482451 314113 6848364 5496783 8880936
6221939 1991457 9302002 6330423 43600 8517747
4510691 9639878 546847 3376308 1630378 1651033
4257894 6514506 5803068 3205260 8687605 2682604
9404337 914914 1730124 3348722 357309 9280297
5615624 7653406 6054458 5715260 4572200 1591482
9780565 5817361 4844837 4883800 2365289 1668701
3666949 4897755 8138516 9069455 7971630 6451132
4763301 9600582 2142796 8199962 4652091 3857532
2731190 1374082 1794846 7631509 7444026 4581869
7150811 2873216 1634147 21705 714799 2390193
2463289 8795431 5067678 8955364 3595742 5813016
6806195 9374093 4149217 4134366 9538311 3789849
4544087 334882 2943283 5278992 8585421 756726
7137501 7415661 3001315 2196926 2984069 3198117
9796635 2149056 8373334 262968 7732988 9492073
34553 3645244 4182956 5748323 6606166 9176199
1383454 5807936 6004839 6329779 1393767 5277997
9708314 8596823 1835770 8004996 3087421 7109144
1638585 1871818 4287794 877420 2884204 3299137
9388878 266362 5811361 1869560 9158729 1446686
7439682 6543227 1641105 4657144 4099813 5893067
9606893 8795764 3728715 3767084 3895538 2777484
4751887 807721 6021894 7723317 2488611 4387246
1362347 1791639 9061634 1264190 8624382 5861170
5204278 9157132 761039 883818 6359444 6339803
3364837 9513894 6649207 4558153 8890097 4850539
3636892 5051170 4497010 5942703 8398103 4291657
3380428 7871500 7976280 1510310 6125533 2076482
7277243 1665561 7777751 1424114 507213 7367090
2385052 6175491 7918845 5779934 9452866 4942680
5132027 8723074 2436319 7388912 402246 4381643
6128277 193733 1917624 1171354 4086424 7437441
9890236 5419643 3393536 4769976 7883762 752881
7884889 3693968 3031598 8684557 3606574 4693883
8562052 1940723 9006681 9282117 2173100 2714605
6931693 7856957 5598304 9554329 810675 9675028
1855337 5991515 7469253 3594637 5382032 5931799
158857 6105888 7579136 340309 1533878 5087569
3973554 7615075 8291729 7165963 7895045 5758898
1911081 6447470 5116500 7742436 8826860 8461523
5374962 6846160 8020632 9203019 4239661 6229466
1839137 335906 4608968 3718507 2914638 1892246
3283627 4290252 8311935 7099798 8525699 7500685
7114746 8221742 406844 3919111 5308563 4558025
4422875 9765729 9961911 9839405 7643247 4363205
4558528 4112901 7164655 9007730 8219674 8535872
7911167 955838 1866227 1349670 8501172 1197972
478600 255046 4700436 6399483 3882336 3604793
7446962 4811282 7921770 7615814 627690 605117
8054679 1455850 1537596 3462607 4780143 4473931
6267554 1999731 2692658 245763 9159979 8801737
4727590 4275897 6070577 9776062 9188631 7569861
5634458 5765076 9720570 9208872 3440511 5053516
9857588 8023391 5883393 6357118 2392443 2831965
6441434 6942714 3485211 6559538 953051 6763823
6998275 4448559 6175694 7392296 5082115 6501440
8505313 232837 1095066 5898699 1671893 9606438
7534215 7670900 5622651 351909 1981355 4862613
884547 8845806 8015339 6484079 3605019 6756751
8590537 9910436 9607288 9860693 3804328 2217265
5316526 8168052 3322845 9306754 2777786 4740072
1394166 8242162 682960 3219129 703558 3207673
3958450 3958888 6351498 6276954 8822902 4721542
7209313 6089525 4961358 8622597 5674990 2107244
8748483 514195 843539 9418942 8801758 5171679
6894152 8644620 6428509 8877801 582172 3503841
6283593 8227460 4893113 882578 8957742 3739193
4179653 7665418 8142248 4807666 2525629 9646130
405253 2313583 1087533 4885745 2651379 7714802
7255906 6693929 2493061 1215601 558271 2263590
3896532 1975223 9440403 5511281 6324976 2058937
6779164 5080648 3376716 2847657 9993361 595441
9828429 6326734 7131782 1222164 4442943 8009571
3964995 3940817 7988565 1197409 9013689 6488175
4084145 2008406 5993240 8713706 1621894 3888243
1010779 5067991 7669189 2629522 6986046 6982519
4298789 8668372 1340442 6083310 8028501 7444981
6269414 7557596 2320221 492091 5057316 6324644
583020 6033742 2250985 4483489 7250605 6617454
4275025 2699122 2961533 2952228 1427135 4316569
6065697 8065458 3458753 9488472 1836877 4925369
2926252 7198906 9340688 149263 6923374 5774571
6669129 7881685 5912315 543584 4927995 1456093
4167953 3592053 6951090 9668595 8130686 5588152
1637258 6527289 7817386 1051735 8354497 4286923
4020985 1346561 7241237 7023872 17613 9963043
3986227 6780941 5720718 7394851 7565839 7858409
6983956 433756 9110367 6476414 7814360 9368920
705138 3731440 7771127 1505440 8784274 7835081
7365479 6397101 9934771 7870601 7851214 5309587
7107983 1874517 8844409 5053764 6128278 5576813
8533334 9645257 7864072 5949272 6557356 8147053
5735374 6773102 6026213 9092680 2684639 7696929
6477784 5160843 8712929 8448466 346596 4623056
6515796 2515545 2562286 9406155 9658392 3620512
28271 6115626 8929727 411130 286867 5691322
9014000 1930192 4305478 3533554 7943079 8169102
1504847 4755866 7174084 9624074 5770065 2011172
1808867 8272799 3712461 2237842 1392816 2690370
6596658 8659517 1527920 4221352 8537967 3612732
3014526 9127178 9986864 4243559 5921000 441730
9217325 5324244 6486234 334891 78679 754446
3391451 2944230 7217763 543826 6943618 5590729
7448972 6891721 6745479 551114 7597287 1385593
9908050 7790429 4722809 6239357 3814472 1627349
4163401 4792648 3392224 692745 519027 8815900
8182238 7261288 8834866 6732353 406748 445821
5524938 1473976 8194119 2958015 8846390 8448585
5472606 6052831 1715899 5937191 6772379 1646246
6867253 2463412 1529891 8601270 4335509 8130570
5718920 2977968 1509771 4858884 6171489 5286030
7362222 2698705 2425203 8401862 2361588 9682329
6755863 716619 6484973 6299658 5026175 6123311
3191474 6950035 8944038 6274223 766750 7761641
9911450 8226210 8020269 1745978 3825492 8055615
7286009 9580967 2925778 704295 1013432 7428780
8936049 666053 5302486 2908088 5595792 6147685
6023382 7070743 3691242 2033569 9181327 6055760
5161273 567595 7437236 5406580 5409796 7385474
9186532 9444696 2211217 3748130 4947434 7945278
7265761 5616243 8873213 4369587 1115853 2780620
6756551 6051567 9703186 9056192 7363609 4360121
820824 283385 1354242 2796353 250841 3696007
4070398 7877880 9044883 1964508 6584705 3257897
618378 1879429 4171171 5540304 1517763 1568736
5217563 5187918 5718619 7357207 5642327 9979548
7274471 1653794 5954890 910621 5277018 3129759
6352574 6105080 3203985 3077115 4585755 5126410
6031232 6390178 9193855 8515209 9677732 7069553
8900395 5301252 9031538 5615316 3751209 9236423
8609449 1216247 4533804 8134450 3838629 2175690
8641502 3463617 4641058 1374693 5521881 8597046
7741117 3159776 2600862 5915123 5611934 479624
53911 7541263 7293674 9044760 9509071 5127584
2374880 6702353 5510185 8649066 8456811 341074
948010 1659155 7902585 6718466 2301172 4060771
8595955 8218124 2266451 1028295 4435612 1122138
485352 4656538 868296 596809 774092 6517956
4468691 2985272 9689318 8551913 5561405 6209946
1942749 9564688 1707175 9406219 5759569 7136275
6665505 9992435 5006805 4299983 426682 3862726
694461 1022651 858604 8540091 7319167 7393810
8213173 9025616 3105650 6171535 8559407 4852532
4259288 1778070 5928261 8992229 4180375 5471538
651756 2396096 6097750 1692638 4775716 2736483
2353595 9189735 2458554 5130175 4362790 4443177
6115332 6185369 4229856 7005570 9902348 9751441
5659352 5928599 5666105 2295507 338740 6535789
3104296 5771213 1005281 6854642 5146931 3981499
1208014 7673275 5812060 9535266 3648226 8030586
7764976 9001822 6246934 8122120 6186495 8129431
4935255 3082997 4662825 8662473 56202 2374038
622676 7253717 1875722 6176819 3332877 8251775
9805433 8356248 2057356 9561961 8588342 9004502
1731202 5498953 4042804 8477055 3922161 6689514
8631116 6580066 2537142 6199269 9240594 900525
3504506 7537231 9742104 7536673 7360251 7255743
1872963 4441823 5715010 8631242 6231965 7893213
2105776 5031194 4340398 7560285 9729832 5291978
5973230 8203015 413480 7242432 6390918 687542
4086627 6458200 9160836 7973311 31356 3476136
9836896 4423406 8013123 975196 2672313 5795645
8509670 2268760 995997 4801612 7688997 4146519
3289491 3099960 9266987 6149591 6371278 8890966
2349115 1070831 6850233 7245163 226039 1037578
487045 6262073 1146313 9054562 3450046 902050
8094907 3899651 4410466 2238874 8794345 1808558
9880089 1130579 2358880 8544753 9050614 7461072
4295981 1171617 514017 6266961 3952941 3290958
1420554 7937035 86922 269869 5624195 8960524
6625903 2591732 4197367 6975544 488151 6410240
4649332 9455108 8818713 93946 6706705 3789346
9736052 1050617 4305614 7458428 6269501 5240698
6532085 3804362 2020217 9389160 2949182 9054422
523561 4220084 2309132 7855355 7634007 5513010
815128 7825037 8275456 5449941 5612971 6202612
7611191 2904545 642428 5948640 3895421 9595505
8642358 4202035 4464911 6724671 6530908 2902323
8985343 3962125 1667534 4846223 3737783 1819832
6940307 7236742 9642550 5142944 6451982 6268067
4101107 6793976 1821100 3305703 9278817 8881668
5513889 4286110 5437645 8103002 9847237 3364956
4598270 583445 9908941 2424711 746802 8747147
4589511 3798890 7689175 9406808 8870011 3671882
3845476 5968904 4087254 6455623 8509634 8376228
6560061 2468247 6452562 4374360 1847533 7101444
7774404 5336655 4923217 5583243 1210781 2244797
7464677 882340 4114888 8302578 247953 3154338
1910891 4515596 6489940 895402 553432 2653092
8578891 4694298 7923965 8149218 9460227 3309912
4794413 9058265 5776476 7061417 1542940 7378990
6912394 223910 8735911 2807497 4650306 5410146
3823929 9006268 2588109 5444378 1942130 7987671
9556993 5542897 5720951 932915 4544732 3994038
1886288 5664659 1914814 3799469 5795468 7153234
9177479 9625185 5876428 1613305 788829 2152515
6468321 403260 9339400 6735898 1390183 24042
4418426 9103393 9865289 1079793 7071473 1547164
64982 3134513 2752167 9936293 8592225 3917329
7588960 3861497 4513533 1782438 5175128 5878281
5464176 3112924 4428441 1582676 3630018 5025120
9533718 2210624 8217438 435593 8976056 1538870
8648271 2821095 4152714 5696908 6514489 5441338
4128749 806495 8593185 367649 3734486 2660954
4401067 9241185 1032960 1959099 4024344 6927331
7638982 4685883 5228132 3461118 1271721 8277259
5595601 2835749 5473375 4840168 1546074 4860848
3329725 9629389 4158457 1213297 1288022 5771129
9764615 1892051 7347008 9072194 7653689 4368633
7285095 5096526 9378437 1767486 7181609 4388833
3992160 7574619 8186280 1290107 2796611 4290173
6310737 5187152 1549373 5875454 101307 3678739
9967963 9288580 9260420 3732337 7037923 4105097
8502497 3187769 7953162 5261831 2194484 2132292
9580323 8566787 7032194 859499 6176022 6175195
8898821 3828114 5654140 1084541 848007 3971455
6674568 2039618 6832777 9868283 4902559 6100870
4221755 3889160 1790744 3668268 9104231 8365108
5108212 3552758 8058602 5273339 3264989 3993840
6435671 8730328 5380135 6053987 1709783 4229824
7257979 5451238 9011130 5374178 6976632 6273193
8024599 8883421 8440572 5288964 7057768 4998304
7272320 8634214 8285209 1852292 1040075 8305323
341548 5912054 9462556 8667085 5751286 2623264
8116592 3625482 563125 1660299 4648870 2117679
8591320 620580 329834 2602953 2610303 9451320
7089740 8847577 6912527 5517551 5643669 220809
9924535 9819248 6494989 3060298 8001019 4630774
5708630 4583379 7690253 7074811 5712439 5797729
4767267 8590893 9699952 6387866 7257585 3351150
5710067 6364299 4234550 6322893 6697644 6437187
4668470 4669366 6023910 8833888 4762551 2192498
1392796 4823996 268384 9241747 8742550 5932037
6128274 5056294 5624462 5932350 5951669 65491
4427425 1516508 4908140 4532105 7835686 4019410
9751368 701874 1589991 3561377 9807483 9279369
5986258 3601641 3121603 57801 8391828 3331653
8606864 6874741 9820827 5497754 5682015 888442
5529344 5525520 9848342 3767914 259591 2201291
7726688 9777717 412629 4169059 1895467 5181136
1529046 136364 6833680 2004500 9082520 4060677
602507 7831419 5016513 989015 3255488 5140909
2810434 6070472 6664466 2292809 7325486 9076928
244664 8929671 5834492 4019698 9002760 2310165
4171067 5983453 442282 9388699 5834688 29765
8866740 1817199 1706173 7940467 8528754 8255463
6497972 6602364 7792220 5760149 4895247 7850596
5871928 4540329 2270031 4707433 957480 4189119
5536825 5433879 2452231 1335701 3924394 2965796
9346643 7509348 1133603 4523514 7833432 3099067
3618395 1213807 1996730 4986748 2122275 1438289
3434736 4869966 7541717 8409003 5794836 723121
1284708 4484515 4034424 7983896 8147769 4462431
40133 9463634 5025972 6253162 3851874 400809
7577534 7531039 7892804 8740376 8593824 1019406
7121859 1974458 8768932 4693152 2141753 3681439
5853866 885180 2418054 831742 1272696 6087514
6647402 7127822 9639042 1729109 50992 9439879
8931372 1362746 9361579 6671172 4483380 8369797
8073095 7365233 7361932 1595920 7409214 4591235
3545485 4694359 6276142 6522310 1287143 3820378
1954189 6591555 2342761 352984 2130030 7262588
2044377 9208391 8190937 8938458 9605759 6724052
761767 5848424 7480046 8452924 9809004 7231077
1657826 450686 7491077 399134 6620057 4776519
6319506 4257946 3475966 7826818 7286257 6578337
9811372 125091 5840678 5818664 9774920 3459437
7097117 8578387 9232716 2098990 4626795 5274989
178860 9134636 7759474 637880 834153 1560790
7111189 5092560 4885355 9045064 4864484 836456
6329301 1555055 9971497 7566242 4033477 7872084
3786622 4217558 1922134 1612600 9127086 9480667
883374 4943102 6073503 4020609 1355806 1230616
7998361 9558836 5823891 2216087 220274 7485421
7017045 5681626 3423792 1915176 715629 2193696
1692982 766307 5260607 5004221 9489363 8219864
3487939 9530875 4544910 1360632 8312368 409236
3352854 8566259 7550 8278806 9754506 5891050
5487286 3090580 3736753 3654738 1046702 5305647
5012565 4113213 1334781 2486076 549197 8351850
4448291 1871445 3501929 9728438 9919618 8360778
4220059 5879152 5453738 7853639 532669 1824931
6685706 6637729 1246467 5414654 8863232 1654014
7477870 8738238 5927120 7532741 6427890 7625048
8456942 8038243 9719604 9954959 9991656 5376150
6885083 1001863 8981678 6193059 6912340 6440922
6907307 3624416 8646641 1646772 4058747 3875354
437312 7633647 2557910 1911822 6969032 4408973
4059180 9597910 5249980 9680766 5008205 1810958
2424730 6915549 5443555 5876880 1271495 1881374
8641173 4265099 5887495 77588 968555 9530806
2843252 492646 9725388 4805544 8507347 5238816
3007373 5831098 4679490 2051766 7095429 8794243
5067138 6545119 1069211 5310631 5895779 393746
126169 7204317 5993657 7170719 3768329 9996791
997367 1030426 2352920 6765266 3005599 9793647
7987858 359723 6665091 3027104 9068570 6476386
4683585 9253635 1090563 11164 6673393 9177107
7131467 372964 9820119 6649312 809742 4726376
812163 3330542 8369320 5493749 9951418 3764238
3537149 5672532 6724317 9728596 3808177 7476920
2885895 6242106 2825499 4885843 4063907 6735705
2129151 2040034 7476548 4592824 627045 6642143
9303182 115005 530924 6816549 39252 3395364
176671 4348054 220684 7626544 5953103 9675056
1424327 2494109 408304 2900853 9489954 3396037
9752069 4954988 5445458 3613643 7125268 431286
6351608 2245624 6309056 3084413 4520160 8769708
7249827 6219338 2703496 1727176 6190566 9836413
3233314 6720599 5633280 3328952 9551925 9460122
7256236 5259351 289003 3150442 3461515 1569797
6327401 9228298 2550079 4080510 4840755 5672057
1196685 5689539 2989736 99638 464940 7793627
7086308 7092257 9827894 1450975 376716 9733764
6971560 9697151 6303542 571891 9667538 2769354
7762757 6423116 5403063 5985335 6357407 1865917
142282 3201166 8784108 4739259 6757012 5291862
6219629 3169316 1378582 7031438 530490 501027
6846676 3133676 6255659 7839652 6242643 2459667
9632228 5805260 4882634 555239 6178881 3764364
5266254 5755509 9560759 9780724 6317753 8417639
268994 5211349 9332132 1123819 9957355 7263774
9009519 2347049 335244 4536031 5231346 7207400
8355181 9940121 9166660 5802515 3725214 6533862
6513695 9923104 180472 2943395 6353107 552146
6983283 9587042 7022284 5019743 9473004 1001502
5731102 6438904 6851562 2960943 6762444 5319141
1168894 5722856 3176320 8991884 8830133 3895594
2124423 5096196 573913 7675233 2200057 6238759
4597704 9463739 2030294 3026896 3267029 6394649
8237166 7325599 8858242 8779985 4140536 370313
241489 3989775 2874044 9333741 8804928 8792442
355837 5394238 3177677 3847519 4633620 8002358
3357542 7521810 1092970 6284877 818971 1256910
9978233 9308049 7386985 783525 422039 9265
8971208 2704206 3171875 456913 4723777 9436845
6460898 2388909 1582320 2806007 8750395 4840358
1021550 2790681 6291267 1781471 7319396 6805819
3061082 750185 4830118 4027936 9669354 5745218
5301678 1952288 6506627 7601331 8801752 4832487
2983328 9457964 3567736 2864779 362533 6100722
5620566 9898923 670460 3740832 7386620 2244711
6420038 551535 8771415 6252611 5263327 8028290
4965642 8196761 1988652 581166 7722443 9671853
5179146 4943271 3034851 7426657 5155234 2771489
2930217 8859567 3587157 6749832 9822678 9292431
1272622 8156770 2428147 190545 6160904 7420472
6135358 9320249 3363564 2585407 7607898 9117819
6973802 9049067 6688960 8478336 2635688 604990
2843834 2402162 1735520 3895882 7685632 5419262
3065871 8193909 4743689 7898971 810614 8527053
8657554 9670205 728856 9478984 4979989 7106557
5600143 4775097 2035856 4568180 4445807 8402193
6308289 2593739 7335372 3917031 452855 6106167
6082529 4451881 6223878 2982166 3905998 7420516
7556910 7376740 471137 7008885 7124673 7966995
2676783 8236386 8509635 4836511 3927853 7937693
8388963 7494817 4069077 9582403 2878193 7860590
8569133 8275653 7956354 3333326 7587592 5091893
8083889 9148839 7741054 8637521 1816442 6358733
2303174 5675387 5764207 3308339 1922074 7603248
6635419 8591258 7650423 4068861 1891397 6209421
9892558 1471777 8665886 9397679 5528068 2958037
2037089 6500125 1573687 8363287 4413032 5630344
9464162 4223583 9789147 5379244 8924995 7975834
225940 4039262 6419944 2150902 2533336 8252465
2173486 5080623 5572743 6465829 2946984 4286935
210166 4500272 6384256 1746932 3440768 6115815
6426006 8686210 3620770 4783016 6600431 5316316
4785045 3939886 1262355 133862 3844177 7698490
7814100 1256174 9666262 9674589 3842920 7852135
9789477 7741655 8938440 413421 7224192 447445
7385294 5571260 3553141 7286752 8153121 9912760
9246087 7717229 782814 3673332 8953238 238784
4355063 5442924 7438830 1103627 7365856 8593450
6990110 2039623 1236446 7874252 8651729 1690809
4620672 535577 657351 8532121 1957455 5699113
7177374 6012585 1462017 3173325 7397722 1029170
1763175 7498293 5786765 1349594 887774 6126947
6915676 4140767 2302936 9427478 5319525 8399996
413304 8685850 375798 344990 3423310 5184569
9210998 9511041 6919531 1862331 2666079 7617543
9255409 713966 5759774 5083701 6495958 2940652
8776767 1181737 8045201 6409660 9340451 9867563
2806684 5640515 1151849 5109499 958576 4510961
9387873 5193194 5216051 2257354 8118817 3271605
5323314 6832383 2589274 6277448 3962327 7886680
4109639 9900843 4832213 8169221 2094185 173807
367172 1831974 7644809 9362283 650710 4137787
354795 4003644 9345398 508234 7538306 7782795
4032719 4101499 8552465 2408570 2474457 7472885
2401492 6998054 2595149 2488169 9760386 9663574
351378 2499318 7219410 158520 2300020 9439608
5035350 4637462 3546329 978041 4742326 9126601
6866152 25590 4542483 1078263 1902559 4115172
3926207 4815080 9294077 4806478 2244728 9860827
9334215 1701069 7426385 7359327 5767729 5096131
7578658 7879003 2071588 7981234 9010905 8151392
6918376 196274 1703623 9905789 5472884 2900843
4236465 3054678 9359172 9425863 5542418 2448867
2930402 1323228 5095495 8479976 8561962 4945306
369497 5544899 254589 7358582 824304 598951
2013222 7676022 8869733 8450198 3399382 6863323
7055012 8884917 1014685 6391091 4159886 1706284
2411549 4020417 9342195 6393234 570013 9190050
501655 9908352 6158651 4977517 4428925 4444500
635 9098681 9317041 7126282 7611737 3466005
7896802 9559794 9371970 1104672 7892566 7796861
4031110 5786267 9655295 2495849 2370850 6657500
1434182 6539310 7163342 3389210 6068427 4541544
5603110 3976263 4974886 1064539 6856927 915952
4440299 7035704 3247096 4425232 8449562 4300701
7546281 9928730 1273180 7548679 8494288 4600092
2334314 1306876 6127850 1545333 2362124 4783746
9534754 8005806 7537501 9501151 3543335 7889614
7281158 6611425 3030253 4775496 1523172 3635473
8491119 6832262 2702866 8456017 6664372 856861
4549765 9605877 7336704 5354594 4949567 2442120
5384319 3885503 8045022 2563249 1054896 4761551
8413694 4057776 1614138 191139 1529785 8851121
3378450 4939148 3492369 5357481 7144074 1838137
1270447 2770785 8405557 7637706 9057559 1662025
1897226 3878296 4642503 5270988 6995568 2756246
7447041 4180159 3056238 5095381 4116831 9657831
9844592 4717908 5556529 8268702 6361802 7465396
2021334 8299980 5302477 3851745 5077566 1725224
7364492 9192283 2461803 5498567 4084147 2178782
4036562 7746613 4827944 6382996 666023 7176599
119047 3142705 7062207 8857892 2744098 7349625
5794882 8283069 822317 3834537 5512889 2426165
6281607 3001744 6408982 940161 5616371 757579
6359548 8045480 8800729 2917279 7906496 7803284
294443 1948474 96012 877456 1058818 6370218
4829887 3461595 4051885 8379930 8149655 3219096
403188 3163442 5555881 7952851 8056862 6794497
902906 3529954 3679394 35637 9216959 1082402
5769799 3096400 2130241 4070365 23448 2620542
8375869 7201767 5236209 9258922 8563448 795623
7253612 4917425 7224250 4452099 9004650 2051293
8374280 7901677 4852088 3189886 536973 2452929
5201697 8406696 9988618 2006232 2014372 4376541
4123890 258805 2731515 9013610 5107657 7962418
4239976 759522 3438147 1431342 4060 947887
7982886 1144265 4599993 4760258 699239 3139436
9570246 6450807 4525304 1628101 1661357 1315281
6230313 2579912 2559427 9677312 8868667 1616751
2631924 6369636 5187395 859667 5135032 8304643
8064108 8240002 9809768 9261832 212122 8245127
8613145 6942937 7897617 3904201 5206999 9392707
7852935 441438 7707457 6849181 2435985 5563564
9851237 2495789 8597447 1416234 2783296 2527745
5402991 4562664 1890854 1821395 8799417 3634423
5760492 7123219 6009233 6295350 6696150 2459237
3329668 308414 6238685 6280176 3014955 4718420
3417664 2326112 7372913 3166719 1824377 8427228
3909294 5782743 3933651 9623830 1008430 2639242
9707195 6647873 5456705 7282023 3858841 5649457
6354273 6791750 8143519 4263193 8143708 8083780
3383473 1557584 3745288 5248220 3519512 2127571
9324879 3571061 9480834 3879027 7998569 457183
5154831 2236271 2738287 3463625 7912101 3016674
9700772 6136661 6114788 3369990 6588155 48276
7002531 6047645 6449573 589227 9925902 6223204
6574900 9154471 4182403 9289132 9783245 266792
4681940 8661074 2263231 1806080 298951 7437368
3158408 5828168 8649304 4999522 2127191 1622569
2911170 2890647 8879648 5126845 4562420 2007047
1968991 13483 4969429 3697011 8245688 7471866
5677998 8735652 3645158 3257629 7304126 8844098
6274779 5865699 2453026 2471494 8781685 9251027
753442 7894692 5837709 8677419 211582 759987
1398972 2003009 3920454 4827003 7678056 7035255
7343556 1448054 4592050 2175356 7320140 9769762
5297363 984928 415385 4791364 6128082 1563299
3792210 9900779 8524041 9805205 8724742 6261491
9169543 439676 4108962 9628621 4373403 6667728
6169337 3291571 9801900 4209441 2298039 6242679
3551411 850994 1057595 6609903 5914072 5856072
4252048 4099423 8545558 2683263 7174130 7796756
8835641 5962077 1766610 4274410 4885209 310803
2235946 1593767 3278266 7658962 5657459 7238380
2926292 7714934 7074651 7924321 6006018 4028568
9967861 1087922 8686889 4172705 1239952 5277087
505704 7182306 3986706 2667968 5553156 4625318
7715933 6486279 3265546 6312206 792979 8411325
4901118 1894927 8406361 9491097 1973495 704272
2964413 5892449 5193534 3819215 3683610 8199138
8781421 6327726 8093405 4516989 2715402 6086208
9109866 4662936 4722124 6489522 3768706 7702902
6324096 9567977 6040610 8652947 9943029 9171180
3972834 6614086 6921955 8663325 3023203 4111090
5622206 476763 9114426 7982617 1208292 5347503
83552 6686488 3498696 5787568 3886547 9225429
6531913 3198943 3770877 7179337 7202339 6130043
3689200 8411595 8126221 703459 3167001 2405517
4663661 4311465 5949419 6022354 9846381 7069523
1277182 118095 3304523 3982314 8894782 2238638
6971781 1127249 3454644 9374621 6405970 7082217
4204206 536528 5681429 6815180 2121034 6744086
5400302 6793496 9411747 791911 4974124 4611607
5984869 4918747 7309762 6708908 3318955 6896826
9398084 4061198 6840107 6429173 4510385 3768452
5920906 2549598 4304160 1532239 207556 6075089
2675399 4314579 2005624 1044003 6499252 2630472
6724087 7848481 2190430 9205333 622051 3052884
7657775 485270 5143970 8692915 7997444 3976034
4928875 262872 7808294 6557817 9976536 2344772
242110 7775033 6026143 1912977 894274 9571435
2439925 3868063 6585940 3336658 8116512 659545
2605982 4940866 8419495 4679290 9984820 5470474
4706395 192750 3439146 3787222 8771397 4025114
8624482 7227990 4552153 328125 6603364 9944683
8266794 6117581 4338042 9660852 801893 8724219
6604329 4811110 6954206 2618995 6765407 6753988
6466944 4321117 2368758 4484424 6086932 3056578
5556539 249584 278052 2337820 1851421 9783786
8905626 6454887 9003636 2001029 3288495 3666284
5019281 2111800 7264698 6641257 5069863 1998931
6321502 2945130 4138972 9695276 8074961 5173710
8516267 2087400 3427343 6685157 7320278 4450280
1656356 4140057 1141057 1495575 4771585 6353779
9666630 5928974 4266160 4554256 755226 4347006
9720583 4603299 1522615 3287922 7599713 4653606
9489289 9825687 9251253 369826 8162922 3141802
8917605 5861263 2174623 5104341 3821552 9764020
6356442 2220468 9134608 4553355 344673 9148438
2525226 3523706 7340214 910919 6974626 9140889
7732770 1767245 2189903 9791966 9974692 3471661
3651095 5228344 4487686 8773736 7195867 7494591
5199026 1286529 5977134 7999255 2577969 8910322
4179155 4562289 2107421 4502139 8197814 8534757
5212397 5167227 4258626 2374176 762696 4076007
7313392 8578369 2851060 110363 2637056 6395676
951898 9125639 5886570 8702962 1453246 8593208
5276333 7582705 5024600 1640017 9354328 9058143
3171303 4525971 945737 8429892 6731764 2412337
7033468 3230631 3569431 3655146 4579569 4807465
9213034 1276918 4465648 411679 1460344 8617497
4643530 5088663 8649472 9581458 7047356 3452329
3023751 5476193 3109042 3514213 9225805 615108
3510156 3572379 5812898 5200482 9202873 6236724
3130269 8883499 1846605 438723 3076895 9406425
2826244 7296752 4546070 1079105 9489927 176328
4127559 4864654 6122361 6407103 6996487 4265665
408671 3589844 7478615 7493407 5406141 1255570
9303294 3519255 4004825 2954322 144989 1007189
8994567 4012552 2074044 8228924 7281409 2576844
6770891 4204807 2011767 9243047 6755213 9750604
8906259 1944645 5986266 2932714 9386653 4361151
4492747 7103053 6575892 1547232 4791811 5613028
8758109 5636862 3477358 591035 1135428 9557640
5401599 9871922 7151762 3538881 2084538 5477375
8102283 5898635 7583244 3545516 9636211 2791680
2253898 1165623 6834631 7728011 8587147 3461495
5269304 6370580 4132601 9643673 8461575 3041935
4431296 7447334 9220740 6461016 9470814 1644547
9099486 6179856 3069378 2454126 3841447 6883291
2598841 5367378 9860107 508891 4830431 3488017
6777907 947231 7466842 3784212 9293334 3626187
8778397 1030098 7049715 15862 5321731 4764848
5425039 5757926 1410346 4109827 9107584 4637203
6256634 1641266 6427820 5938697 4446029 3456354
9722301 9799771 7324175 9951340 5129170 3219768
3601387 4760412 1540148 644583 2865766 7514343
5575093 647084 8154000 5594552 7682619 8440716
4594831 9083624 858124 8304530 7029087 8083521
5472944 8489013 6259794 5222904 4252256 3189164
7060196 839210 6501201 4010487 4061910 9493562
6302011 8827057 5900928 3829946 6414474 561318
3224699 4780455 2892160 3896003 8534734 8460500
6483203 662082 3958647 7987104 1343865 5362405
2598229 1417771 2770683 9240654 4478395 6640156
6959974 8378483 508156 8350984 3584386 2026555
1013142 1564605 6585173 8660437 9292540 8855562
2539788 764885 2669149 296806 5079830 2248632
5191361 1576941 9954279 7799293 8739701 3590174
9230517 9073092 9495345 1138796 1412257 2644139
6722879 7061357 4348661 9260771 6869971 8035991
53162 4873715 1196068 865604 2882861 6970129
1875327 7822765 1369541 5103085 5447316 578980
2693256 2301423 6337941 522051 4049292 2901454
6685876 9160680 9638782 6917982 9120467 4511294
2531210 9874345 152347 3941034 1937558 2231183
4506900 3279016 3894913 4633158 243644 206115
1052564 4325757 8694080 2984150 5923966 916935
2220632 4127431 3625776 8916364 8445540 9110833
6306198 6200827 3012064 1447206 2574895 7709291
8397208 3135179 5753247 6684773 8334393 3008515
6817781 7934292 5885207 9138357 596184 2168300
6684066 8060098 2057779 6131825 9469486 9723535
4207374 3701726 3236713 8721846 4697349 4993035
885518 3614845 1428805 1041513 7634835 5736730
9219118 3059694 704121 6185622 6235949 7108464
4452867 4367790 5991363 5685564 6166368 7989674
5031728 3082275 3531247 1457476 2232298 385441
7053054 174372 6731341 3288528 7239832 8873168
4472577 9675361 8437830 760212 5799255 4719548
1579709 5776267 299456 148476 9919238 7536489
1464179 498444 1824148 4949315 1678957 5101696
3732172 8521809 7535357 5247039 3690118 1615074
1461787 9428042 1382547 1043363 3988459 7460463
9005389 5930590 5819862 1830952 1713045 6560587
8670634 3692655 8568535 1271815 4105855 390101
7690217 4883252 3163036 5994757 9993296 1733853
8561292 2103739 8495415 1629645 9556355 8718022
1337810 9225537 5985243 6822756 9298424 6371213
3337000 536345 1787808 2838993 1143086 3988648
1716627 9633226 8785399 5263561 6278681 7986302
6533161 2460357 4415954 7145256 7556822 8806866
8452038 5467030 9434745 9648693 2482070 1884719
8965048 7375744 6374234 7101839 493141 2487507
575343 1847877 4394231 2197321 7934814 3569510
8602292 4851223 3740165 9174387 4278129 360070
2948454 3297731 5825058 509112 5096484 7095998
4302067 4192554 1668715 7178377 8370718 3831394
6936468 3688306 8054274 9903089 3873945 3767342
7614413 4614787 9140084 6297891 4688217 4430803
3592070 4335839 4525542 846444 8542964 2705598
5066701 9277650 1188900 9074675 6700238 9184339
6059661 8455935 2279260 9278235 2799772 6300587
818792 3396966 3477159 562837 5260853 4246507
5515235 8699203 977278 9972822 1559973 9663342
1219985 6650563 8609513 1394255 6917042 760644
2570456 3455623 5649590 8963116 2111675 9093067
2642493 7861793 6988068 8869934 3843427 5418009
1488082 8336178 1815015 2839497 5479099 1291251
953643 3029233 9074985 279034 5331208 9843760
1728320 5093878 7717676 1525557 7854689 49675
574826 4665405 1538893 1518615 6707779 9344148
650996 1855676 1285290 4384091 7920343 7399060
7258439 6645300 4855775 5559268 8484739 3223795
7848326 8380487 1171463 7318262 440611 3887808
1685658 2291422 8124414 5805829 7234795 7017797
1375391 1116935 7103 6938392 8295108 9178021
3879116 9969467 1628399 2470867 2188500 3623423
5960 6569551 5108890 1675925 3020594 8685907
4987985 6169052 6609138 4493881 3677231 9474201
8878212 3256563 4224794 7651084 9832956 4416357
1219733 4845167 4620880 4267493 3008700 6803407
7391957 320047 8350192 5677753 1680151 8515272
1595396 5377459 6191987 7548040 7312301 3871059
8778918 9733 9270827 9438506 817844 1065743
408658 6881509 7439704 532901 8060180 5038545
4953227 6228032 136510 7212041 1251133 7343333
9002542 5738467 3560850 8305482 4283968 2700547
335715 9310231 4488900 8093866 2898485 8299771
3282214 1330171 5944261 353734 8872166 9823222
5145529 1781226 4027322 3555137 3858835 6127191
9363702 6859055 2259867 3311646 724526 5452119
8378761 4383354 4126326 8848653 8545497 1573834
310208 473435 5725765 6570280 9102791 1507613
6576842 2314792 3983024 9139933 7250687 6730008
9094283 4599493 7355865 313287 2066512 9469906
3316010 5447405 1879632 7433659 8941780 7424912
440680 7024068 8585705 9036781 9715104 8515130
4173445 4433561 2784673 4370427 43525 8398731
4097457 8575249 2678435 2519709 6978295 1544043
2144166 223769 9608368 5529858 4217363 6125033
8096253 8065474 2316841 4656419 5532642 3098092
9694202 2876548 1531655 8300852 6129600 2078722
2921907 7540060 2599687 5467894 4966487 2817126
3945334 4723856 4555967 8957134 6215830 3491263
6791471 796301 8469109 335589 5289493 8718010
7816544 4910821 2806705 2460672 940527 1649630
6198288 9517026 8900918 9686581 4676224 7166976
6867076 5796605 2445648 599713 9597801 9438234
8944355 6676272 5257282 6791242 1584523 9493507
1569065 9139119 1849643 8825578 7864947 4736341
4628982 9358613 7587055 2813644 484307 1218778
9272016 461235 6599533 950057 9269605 5449461
3916207 4258753 47631 7388990 2090057 419225
1045614 6191758 1198499 9030875 1391233 8613221
3460728 1025302 3326297 3313198 891606 1801407
9799986 7372710 1652078 4164576 5057598 5317610
9579921 4053431 5312297 1226870 1327696 9136566
2838700 7994297 7406667 9807820 2875034 7325770
9445875 4180074 7049062 1430418 7779964 1673189
3537842 5598106 7967379 8973833 9352916 9459005
7892480 5958817 9569628 4798125 1150071 1896895
3797383 9751631 9201154 4730021 7809069 8036626
5106927 9818744 4864061 2061932 6192175 3396935
1206554 3652907 8150268 6000527 3867323 6711531
4752345 8369567 9592746 9978888 626733 9459491
7350230 606087 4700514 5853292 3334389 5368878
9566937 8040574 6844226 5509771 6010437 3123402
8124616 4715854 6371005 9012435 6323491 7961219
6809128 1475910 9405931 4570444 7767279 5700009
1308736 1891953 2091494 2858097 45780 2780503
2304149 3818494 9124898 9741662 7379790 7202982
3336112 9253635 6484354 9495182 2494995 8151600
6552709 5696782 7642470 5026866 7875911 9151469
340526 5739909 2046076 1631526 3169760 9150823
53560 2779786 2838807 9000504 4544555 1442436
3277384 6708840 7994794 4063722 3205622 2191942
3998504 8382953 7336064 9168022 5676323 7069855
1476864 7313945 8980914 1254331 8017734 2070497
8057539 6281870 4016041 2940024 2517570 4305870
734427 672622 648734 9974074 9688102 4600003
4364174 4335607 4709079 5041918 6217798 5786154
156806 2488986 2491159 5450527 1028361 9492957
1815405 1172503 63585 4976220 154661 5855814
169908 8799228 4762052 768310 942965 8262685
7426394 337359 4191269 3688923 3329294 2532999
1543207 4024430 8694851 2736060 4803848 1340716
2360775 6434945 1096147 3194759 1097525 5528747
9579337 2607011 5253508 4523083 1124619 1345067
4242285 5758206 517961 4792920 9804165 888873
9837950 3595864 3392641 6446394 7615524 5880438
1594885 6467882 9159691 9958159 3907320 7003931
798106 9079344 6368655 8722869 2615445 3719715
4759666 6975148 7701703 9233304 1188972 8335954
3009176 2903310 9212740 2846202 9446638 7571088
2015038 6750287 4220264 7805977 2898110 1207984
7948075 5914380 8819421 5215708 1599874 4629642
6369055 9621177 8699691 8249577 3724977 2045274
4976411 5519416 3142761 6798245 33253 2829016
3187170 604646 2406891 5056687 3437218 4712213
6667698 8748682 7021244 1588603 7943121 7157033
2783667 2992128 6181234 5160670 774794 6701064
4900294 9543957 5375274 3072060 2864248 1567795
9636262 4759598 9178333 7167465 7869790 3927222
4428327 5216793 6717033 1391247 4618807 2293463
8801093 2891387 2477162 4107207 8548010 2851192
7608398 4780452 1678056 1542658 5465910 732848
5864040 9815740 4744621 6441696 1897951 489296
7453742 115109 7740397 839096 5420424 8677619
5533879 9500233 878891 3094022 7160276 2726327
440000 1392419 8373321 3887770 6359577 7883406
4223902 793086 995947 2524081 5463662 8083796
9889738 8093604 9293688 8445485 1303424 8054050
9182600 7986630 3318841 6227737 3937504 4503698
4553066 7961996 7470962 3799542 8573327 9047776
1972300 4514375 7620176 8951728 1102657 4073490
2359527 1976270 3456162 6861215 2217794 1104865
9493348 4929660 4651446 9656601 949357 7326820
9383930 7088394 8196809 2824841 3911422 9173645
9407486 4212262 7454915 3869622 9334704 8397581
412444 424359 2219758 1948171 551781 949286
463619 938009 6990946 5220198 6085958 9327154
4597887 2321385 5768835 2213976 6734388 9007843
9852251 4896464 7012638 144142 4415612 1484933
850967 9147458 602953 8446530 9544242 6890395
6618575 8489904 2641565 5058581 6448770 1793435
8885107 7545177 4377879 3702159 9192981 11348
335873 4163732 1002436 8869654 8226954 1590037
3404810 7193509 7477874 8447071 4017370 4438239
1384942 268301 6008747 734824 1097203 1404322
346333 2017089 1393766 100551 8601623 7596053
6685588 9539305 5872614 3975400 3328869 9189211
4629964 6150091 5703482 7001290 9808268 251879
482497 1981312 920504 9012916 5041720 2350733
9412520 8171503 4472533 8203326 3673639 6180468
5784688 8150282 6447973 2973556 3355826 7175892
8617582 235321 5562109 3406382 2184066 8687649
5717422 9429410 3864640 8288662 3817107 7867278
8734757 4383651 460032 5756867 252327 9115890
483818 1333417 6975369 9043033 688030 430119
3123519 8482262 5865665 9692145 8190711 5178586
2741238 1656407 2794265 8527590 8383708 9572947
4689770 7076114 9797246 2232855 3295493 5612309
8486092 1123858 4354396 6605255 9468569 9289987
5720435 27821 7897955 7332082 2489738 2022409
200522 9574548 9547291 5131989 282862 3701803
2821983 6025277 1238698 8686054 5547424 2160699
5073013 207166 5999943 887085 1067097 3176212
9318643 8250963 8037923 1363059 556940 9564172
6075722 6518264 9013693 6575677 3971709 8162890
7280631 5409155 9166669 771856 8327067 8809159
25656 9557780 6793252 6095443 9410871 7270216
4373611 9800037 5576433 2193697 1532241 9261402
3290044 4833350 8960723 4721742 8013438 4238774
3984486 8837463 9017607 9983118 9056267 3764597
4688110 6246305 2053567 3075807 1405423 138269
2994029 4301157 1880099 7190784 861429 1509316
6382960 3223200 8840091 767707 6989447 756903
3987738 3882025 4986022 9752290 3285633 9138359
9202166 2558888 7395716 4927894 6787370 9489603
9791551 42537 501512 3028654 1407332 3164566
5216648 1297803 8394614 5438164 9199667 7231084
7381302 6099260 3971920 7451407 8338782 4790237
5398682 3216778 1848015 8260704 5995380 5174242
8778574 4935819 2960671 2915208 3873641 8846535
2742552 8066135 7513786 2390495 7399232 818892
1007803 3354305 1815868 5675525 5551058 5691644
2362288 8549573 4682357 7754938 2370988 7186373
5166439 1750759 4220105 2605478 9529211 3570591
7641588 1530846 4047157 5327270 4250079 6471513
203894 2301439 7424162 9548079 2695612 1133532
9717297 4990807 8700027 3153027 6443603 4984477
2974369 9723157 7665720 6156371 5898416 7445806
491884 1023636 2564831 5774298 7748769 2122881
4626429 137073 8536923 3943195 4748907 5868385
6771735 5680533 9104225 5344354 5471631 3249619
8267482 2814209 5853961 3548825 8037640 7380181
8486345 2013411 5307156 9235628 9631109 9806054
5904871 1485217 5632430 6601351 4835386 3226443
3906681 4429595 4552670 5301280 4921649 2558538
2596608 5774102 241899 2831642 6381292 763070
5880251 7630014 4251525 4416100 7888889 3084207
1591844 6943058 2985996 5184650 7287953 5735358
6815725 5390801 505964 8730868 8038324 3263690
235954 170384 845146 5877782 1437673 1042036
8696949 2966201 7892559 3295423 952216 2263538
7138281 5654702 5632118 4544085 3355377 2001094
5554529 1488770 3596327 2548223 5009506 7892327
240446 8722031 7141642 8817312 8485554 9530848
2052574 3865739 7735777 6978208 2595687 6210908
9917923 2468 6192341 3209489 5719151 4922687
5191647 8296421 5990841 722458 8046368 1633250
103239 2271639 2035423 8504870 3176339 6549554
9667362 7687730 5160877 2952819 5637336 2715642
3900394 9879637 4480646 8361710 1242849 7086477
4527760 160072 3059014 9421210 4626162 3352908
5808752 2345040 5769618 8673640 7356576 6713085
1901485 9517988 675662 5508391 8714072 6213915
7495424 3547703 689400 1186222 7310846 4907957
1050031 6965103 4365132 3476699 9309095 5839514
442041 6829936 7053572 8904364 6194697 7886295
8574235 682029 7645477 8682515 2696117 831299
779935 993722 331154 8447792 1051334 6119347
2039979 8392002 1165564 8266731 866286 7695145
6397077 3341537 2849226 8151057 8371179 7661058
8987775 2332052 3035945 9930103 8231599 526639
9659512 2997120 3323290 2789366 6934156 8032043
8568437 8812909 851585 9858100 406287 6317123
4576802 2602238 5913769 8245784 1436719 917092
4673950 2175309 5963650 9358427 2507287 2853159
5037069 423177 2310849 9984418 9694739 364064
7795354 849831 2762123 9804515 8788279 8054213
2796056 9250613 1457845 3133520 9698293 2053376
6843559 6538976 2935250 6532103 3574255 5768940
1747288 741991 895332 2118852 5256153 6056289
4562989 301085 489832 470131 7752297 6510978
5721193 8584018 9118170 487520 2062746 9556455
3555000 4772287 3813959 7859555 5449728 2186106
9459247 1540429 2477016 3910273 2514867 5968311
9917908 8504966 6848922 6541909 8237130 8952748
9468732 5676502 5593678 6705834 5241525 8487193
7564381 2325925 1498315 4946866 7412326 1114274
2935206 6356038 4476230 3378795 2977102 8801967
1954981 3887732 5292262 8709226 2659604 3715724
3579272 652715 7786218 4521521 552222 9247331
9662056 9179284 346888 165421 1018788 6386243
3962777 6849166 9530761 5326765 295174 3123802
687791 4512380 4128102 1362741 975066 6158828
1492080 6539113 5527863 8046954 4586928 4349397
3660485 759505 3016897 1877954 3126561 4588809
700975 3042859 1773702 2250984 5284810 8233042
767386 2769784 5337250 8089986 9416017 6127936
9271205 6628215 3592557 2168460 8021434 8147224
9587621 2216531 9677648 1627389 3029440 4013108
3719468 1615101 4592356 5997491 6504936 259282
3369345 2084823 3722604 4941951 4625790 7252315
1350099 8436807 9227569 5895060 595354 8205282
821578 3402094 7123095 9399927 8775748 7958712
756839 1492025 2738071 4869673 2290332 910030
4911161 9073585 13419 7760593 8531516 3669709
3640685 4769895 6264848 5077967 4720640 7331194
2405331 4329254 2002424 6340242 818360 9584627
8919654 3692560 1621176 1472366 805811 9627346
6890013 4319540 2839352 6633643 5240651 5012911
7521211 8499672 9794490 2812574 30790 5552205
7238895 3589506 9905291 5557860 2254374 5825459
1940434 5743611 8681453 9791900 6994595 4446494
5956287 4416596 673665 3153443 5950018 8597771
9288853 3438794 8267773 386073 870580 4211975
830356 7007042 9529243 1251936 7556755 6220968
7536704 9592756 4298463 6450219 9101346 7228853
9679336 3361794 1438186 5795717 9531932 5062200
945893 7098112 7324944 8392858 677356 824054
4339246 4367767 2549654 1196718 3523721 6591996
7284431 6852822 2718925 5693316 4727503 5247332
6296215 688497 8186855 2460485 2255196 7401839
148031 9506068 5315250 3444811 3474107 2588223
7159585 3493136 3906861 3205573 9440179 3772467
6887030 2437498 6329686 8705188 6912690 3188988
3671313 6339985 6069035 7706467 9165788 2248523
4509928 3986019 8634291 6190853 9499501 8843435
6875345 8485408 4842916 9923105 8244827 1171287
5508804 894434 893659 9961430 4037132 30584
2685134 4078857 7412643 8946457 8806285 2290004
8917646 7591027 3775806 4997866 8789171 5915210
1332804 2441563 340279 3066726 8934883 9488088
3953932 968732 3993635 5063426 6330228 954771
8929551 6963925 4192671 5158398 3196383 6018255
2295329 3709882 2302853 6038450 5021333 5086930
4835880 5563470 5179734 6344286 7273207 1908473
5067628 1877478 9696236 8927705 8590301 5803263
831008 2442078 1959551 1405571 6007498 3068400
6036949 7621707 7748629 6457871 16906 1842360
8097333 3759248 4394643 7757550 2702537 5079289
3612357 5294353 7420230 5253349 8230845 3371412
4308353 7609646 3695524 2085161 9995798 4452749
1258535 1846 8373623 8389408 4327390 754305
4058703 889757 7702384 9234452 1500 7399625
7338300 8378009 5546564 3337373 8246953 3513958
7513830 7310077 9174941 4616947 5315348 3295947
8383033 5577658 4211233 8588139 7097217 8397851
9372875 3951788 7625909 3295880 5199335 15059
3468736 9707924 9431858 3640338 3698846 1812779
7376904 4377904 5292853 20604 7915048 9852835
7824848 970979 9362693 181566 4571331 2685720
5277807 6641588 4686498 5077676 6375 8749731
6543072 5470564 3792539 9304532 9861577 6049712
9773716 4042420 3178673 5531504 9868637 8539028
4082100 3873492 3611230 7362161 7240042 937443
8003094 8362428 7662610 4358397 763290 6126238
9035158 9191309 9380456 4940188 8018072 8557747
5328561 8391060 9701549 682127 7097265 8228282
8020239 8072372 4516327 9243140 246888 3872627
6674161 2293343 1102342 823665 6099465 697838
9074489 7915646 9401545 3749054 7074581 1643947
1087120 2184675 4707273 7666301 269373 670268
6669255 4833527 6024348 4620926 202942 1477576
8837478 3399973 6776226 5382948 9341921 9167670
6421116 8759953 8115539 3789983 7684235 8469947
5023895 8211493 3091843 8682618 5865699 102426
9156201 1579507 1316478 8057602 9595006 4912590
3521008 353938 7802998 3846059 2573884 5413361
7848279 2053235 2090400 9624765 1986186 2699492
3921612 3691541 8573724 233875 7327937 8314628
3528407 7297137 4500439 6237326 2642406 2057880
7578424 7986637 8967828 5921921 5464724 8623435
161098 779876 3804966 1863636 1861939 8987983
1364671 2575057 6186069 2702178 5941703 5630999
6379546 5399129 6225307 392351 4761006 2174157
1528702 8922326 4251570 3001850 4529194 2297869
412150 7283681 7711532 5745118 6267634 4587247
6445533 1926357 6588511 3466965 9463667 1206310
8894525 2057976 1829601 9585740 8869204 4752879
2128558 826229 1355433 8869440 9857780 7243276
5832572 7186073 3225631 6793670 4393219 6542398
4371865 7159247 6250681 1507097 1451485 4578257
1276451 5619552 6307422 1598821 6256644 4015346
9042488 2912581 5935462 5018997 1497825 2703030
344555 1942961 53122 9498690 873291 3702965
942435 1542710 7425901 468255 9912545 9081561
1361615 9651862 7533137 46112 9095100 2304419
4955628 7387428 606490 7251343 8309288 3249651
8445457 529736 4569584 7340086 9826951 6945198
1307814 813575 5688247 522601 6449114 2450257
6489276 4873175 6285956 2547716 564661 9908775
7152355 808196 5707007 7225861 237206 6604782
6482209 8996375 3817481 3631042 63368 4110397
2096539 3093212 3633673 6803470 1053233 343554
9133380 3602349 1715758 480703 9160441 9098969
3393314 839014 3202747 5082879 3556836 4221924
6018463 2407912 6822766 697715 98987 7501092
7542644 1219595 292530 7964802 857877 830575
3127717 7676771 750207 1577849 8426061 3355902
8816584 9685805 3819942 5942402 3414335 6962311
8193016 6671652 1647754 6608037 3832546 9398191
3402034 1399329 5439539 9595556 7612579 7655456
7287630 1398824 2994224 6132581 9260826 9833637
51023 1168577 2744472 885182 7352985 1483669
8348762 1815464 2412952 9846844 6266295 3871031
401982 76060 8993576 9860454 2504698 3427335
5853337 934606 7387049 894339 4562767 9458547
5391036 3532161 64192 3094750 4290218 7027237
361678 2684003 424979 3986305 5891378 2245758
4217839 7307833 9318667 164085 8259274 2017081
6985239 3555189 5133034 1568508 9193573 7536518
8661879 7427175 8894125 9566889 279243 8326219
2446587 9156684 6605809 3285925 5494146 3820823
1419477 5254011 7525245 5385714 9485166 3582291
3446052 6415677 4184682 6747818 5642615 5196865
4108667 5689252 2675332 5369967 3909099 1007578
4325512 3822528 4338588 2527673 4432871 6863043
8133112 794789 2404759 2098759 1539717 6734694
5639948 931914 1813687 5497844 8744607 3005262
4491835 1599524 4070023 1550742 8122456 2777895
3351836 1914061 1784560 3697260 5458221 4589991
5650887 7076620 5247584 5598231 8960412 1671618
9482235 8891804 821140 662202 7252602 8690376
1177531 1347292 4875960 7449988 1107870 4710701
3383178 8610823 6944645 9670069 878131 2309575
6937554 2774769 5700072 1560692 9175836 2518809
5078482 4435852 5336568 7814768 6447872 4463096
1487109 41716 1971501 142069 6015608 9852803
2184121 3829633 4346921 5379647 373211 6775163
7901935 5901848 806191 7073859 314082 6847398
7645345 5980817 6198488 2938009 8660677 6185642
5971545 7921543 9715967 8302331 5583720 2816750
3353808 3362762 4899419 412863 5962878 1066153
2739199 3241109 2595214 7091841 7485947 7048498
7962653 1557907 2401558 8924908 3658756 3273988
1712617 8004623 4121769 8489170 169422 467055
8264608 8549100 1381039 5785858 4170523 8094065
136835 3881790 8245912 1530171 2025839 7010448
1875743 7489071 9938970 9740038 4334659 7072973
4252183 553503 8494869 9149989 4975355 7102770
3784084 7046636 4262786 6441979 6589713 7579096
8694980 4864638 3193339 4432364 2148255 7413777
9685114 6953340 9070585 4501149 6955006 3604157
8802585 6432482 9532067 5391110 7049164 6169685
3335018 1972579 3669963 7048796 4236986 9615918
1972185 9114618 3573745 4278268 2001774 7123886
3831278 3694856 7292077 666816 2835190 7161201
3817108 7443379 5340816 2525192 54923 7381319
8002387 9751033 3598497 4890712 347404 8542872
7570702 8392973 9997472 8093101 3106961 4617133
3909132 1646183 627651 3577420 2460179 3033636
3840032 5406845 4951565 1946699 669870 3260150
6312079 8135769 3597292 2370866 1574002 9605785
828868 809825 1917656 6288644 9046409 4485953
6017421 7081472 8767214 5030872 6707566 3608801
7126414 5738177 587895 2674943 6757683 1189006
6533549 239687 4983199 2307179 8685159 4648078
2429753 6055688 9081162 338347 8578632 2211634
4945580 5199835 6818971 391686 7264232 2297135
2699477 7620488 2599774 6141697 7559999 5378707
4266422 8809159 8699278 1342764 4820284 4931693
2672255 3637136 1378085 2408285 5837317 1334315
4622586 8521688 2124666 7269577 3858890 2990720
5404790 5679074 8502839 6555579 85292 1507730
6789830 6734727 8473944 8290759 9975465 9137195
8589231 391851 2679687 9604492 8040757 9876000
5948799 1086989 1235403 4149469 7666091 4941496
833549 2537294 9362518 5484655 5769100 8742543
172468 5429900 3761598 9609053 736907 1880925
6875867 7710842 8723866 7191548 4552933 8085556
6457748 4381495 3661670 2240889 3819053 5445465
8654627 5018093 480930 2248666 1320777 2771900
1755317 1255321 8012982 3561343 5722029 7547998
2145212 1305174 965627 9731401 8118290 4545565
5375597 8980178 9654944 798762 2728625 329915
1152133 8757251 6534055 3149846 7691721 3284596
1279825 8592659 8718240 3917053 6830027 751006
8261613 7923802 4109122 989697 7853736 9481585
3867942 3314524 1988812 1175868 5046335 3247759
7119929 6726347 6263204 9116105 6865292 4838875
5790520 7855865 2289468 151015 1096532 2563526
6237844 8605471 3563599 4728386 2281517 7129370
8829757 8228158 4475146 214620 1469787 194488
436443 4385899 1126442 173358 6930819 9414100
8341102 9976264 3710915 3286296 6029916 965374
7021391 2163720 1727367 3879364 8126532 8974162
8461538 8110597 6827269 1545595 4751852 9248264
5917985 9139556 1033006 4859442 2346111 6818176
8772612 6905308 5256559 6068716 8679661 2479392
3712433 5617162 925045 2875367 1809913 1120268
8852610 2951547 2575554 2598225 7706994 117797
5402002 4950392 101626 5500984 1753082 3359190
3367218 8890847 9634047 1878177 4255372 7791263
8381093 3481660 7630152 6892738 4513684 9124608
5708815 952675 3484058 9247975 166931 2509370
8049117 5586170 6300684 5707001 2692984 1800305
6672710 3319760 1432561 915209 9457439 7395718
6716550 3271628 5152226 1897368 2701498 9788813
2845345 1834256 1361789 3133781 4494273 8328253
3490115 1959871 8437863 3450945 6889410 6754319
6633738 6154027 4783461 7592255 7451867 6166911
7058506 7660216 6197862 7833741 5205466 935612
6358701 7465884 4024220 234434 176188 1242056
3972382 3811446 8251177 3695245 6402629 8332674
1147581 4915335 1091896 7972430 2216885 733112
3362441 3221764 6430349 4678242 4281471 3303412
2612257 9124294 5819761 8985314 4838861 5041281
3590950 5011603 6628790 426176 6775080 7028389
4304032 3255681 1783683 7195806 9478563 3077964
8503142 2938493 9751398 6450787 6444674 2536531
5075015 9086075 5443331 5464750 4471300 1983701
4505262 1680458 3184413 720808 7622176 1051893
5422295 4987067 8972584 3209895 104294 1391026
1703884 721404 8140254 4063506 3668397 8961204
8949429 6166634 3743201 3352385 6175100 1342977
3552014 6161470 2679619 3283229 3910299 5752785
9597950 8126200 540303 4645088 5920913 5094621
3843976 3583224 5633504 731789 1773511 4491496
4105379 5293246 2834198 8360371 4746902 5723270
4396276 1011508 5417677 6482126 6515320 8304665
8240500 1152877 5505358 1841435 7168794 1460706
8372274 2139065 1076768 3219798 3611945 1978093
850722 7058795 4800490 3045633 219530 85173
3327699 8217639 4393123 9251704 9247005 881853
8508779 5191642 1414567 6956349 8886952 2898790
335107 3115823 1610879 2235637 6404588 4768036
9589262 2002540 6414430 4172797 2359515 9634445
3414727 885580 1681301 856105 7509648 7688107
922780 1350643 791977 5332504 3154427 8297681
3911542 8988795 1905871 4623504 3332656 1977151
46139 1415925 3252113 8177978 2884690 496122
367213 8615085 654206 32454 3456370 8216989
3670742 9154902 5858123 4758677 5836977 8361424
9200552 7652673 7681993 3726459 6033568 7536308
2106812 5002603 9961396 3313198 8324095 7415792
2862164 4965758 8669884 4437278 4126658 943590
6382332 5236749 8000889 1185178 488891 8894563
7033900 890326 7894272 2574988 1661762 3999524
2439557 9152865 3151818 3544447 5422951 5679982
4295158 6319679 5382356 5715804 6071165 7882087
534726 7054015 290990 3238414 7170289 8490612
9547105 9233463 5028244 4914533 8376345 600228
360535 8015374 7163782 8787429 6692559 5143242
9642036 9531824 3340840 5961871 873641 9171229
4263974 9317717 9542806 2989902 142120 7806978
5561234 666527 9165584 118802 650452 3434875
8603573 3795486 3720036 9403660 3027882 2428299
8971280 7525024 776520 2551590 3183912 7407577
8516199 5507729 9627120 239113 6073768 6539340
4541247 4572855 6180374 1119760 8974439 7852572
8947805 6557203 9091343 7221266 9353299 7709817
1434643 241732 7364921 3728906 183856 2897072
1423206 238375 6503941 912541 6990590 3348616
8394709 1712384 6133805 2135228 4473702 4634391
8179857 5322120 4592759 2626243 5577554 6077597
7254501 7483813 4821047 5867463 455855 6470679
3336955 1750014 8171725 3066702 1116946 2942179
42655 4787292 5323872 6730048 8815907 5835393
35398 3628706 7582264 2831757 2725050 7262054
1718767 6812576 2083500 4456952 9041408 4031178
3117058 8808400 4664177 1287324 6474405 2700043
8076025 5555742 9782520 33262 7575585 5240575
5176891 5328006 595438 3191625 2092573 9686409
9310518 1449809 6506213 8757365 2590845 1948848
8495332 4422744 4758762 7558992 4148695 3643278
4387179 8880003 2708606 4140546 9949644 2308546
8278001 8755330 8312887 2623829 8654022 3260164
6052873 2136 6053120 2341689 7654865 7397043
6666616 8527141 4720003 2397091 5146433 7591599
7524965 4359692 6217554 2715329 2791992 2051660
7941280 517032 1407047 6139241 5646083 8695581
2531969 1036345 5378362 8286892 4913624 3337242
1373521 6686688 2795786 3246048 2704492 2588708
5895727 6153643 6767878 7361719 892376 5621554
8923274 1990087 3733569 5117006 6615580 5589952
6090991 5562671 5963338 6261227 4682549 8136990
1853117 9913631 4356053 7357539 9809719 6618520
2018680 8379723 3613517 1382761 1023569 8459745
4795812 4278917 1655199 3628846 6819601 6638349
5283781 579560 9624655 5785493 7215966 3655995
4962011 7414962 4420764 9788410 2195900 9350952
7373904 5112294 2004139 4658796 1392931 2790861
8232655 8538188 6343923 149358 5343038 2512652
2008036 7540513 966518 5273824 321193 2336663
3934752 2462145 8743070 9324988 977445 4102988
8512334 6067623 2697664 700058 2395527 2394756
2197756 2230270 6183822 4262564 4008856 5911274
6455605 137016 2885985 8864337 5396191 8281413
294425 5134423 5236522 7112003 3777456 9675453
2689476 9688186 7093768 2084100 5853657 9733755
607882 8048915 4134848 7901150 6146461 5325307
93197 7532596 6142660 3949167 7951602 3112767
6328829 7745472 3531657 5055243 8818219 184177
9450678 5070414 7065953 461656 9030563 5843022
8866466 1400331 2290167 3022211 8010581 2707340
5300987 113655 6376613 6450067 3654681 5959941
1776426 8554455 3990554 7560678 8771140 7863594
2138752 6345258 7182820 2123754 783173 6031983
6143796 7634233 869967 6909591 2633422 783242
2667801 146225 9018352 8291826 9034684 4746130
3035139 7070986 9522015 3435319 8648179 7837946
6736154 9878762 4090790 7571715 3278817 263763
6193622 1890000 6299274 9202359 8322903 2685304
8660201 6742711 617157 6258183 6878414 376347
1837373 8391395 7480233 5593370 3782265 3508456
6941589 3484599 9519770 9244424 4525538 1700153
8341578 8703433 7697079 9344874 5387600 904410
1941193 8572080 4355416 606203 715969 743422
4483968 3465442 1823321 6333047 9631624 2291972
4128973 6776955 192571 9145667 1597946 256783
357712 1142784 6096497 582334 630126 9794217
743993 6949198 7364461 4599121 860780 9619470
4988225 9315327 1355111 9712746 4316990 8306334
6020931 1231169 7675426 6736811 1109402 316823
1685134 608541 3852975 7227797 5115450 7748582
1507581 9195911 7105486 7440295 8987162 4244815
4807913 1358858 7941954 4561198 9862210 3766771
3378960 9884846 2604661 2203851 1344822 316297
936861 4416226 2459964 1886237 3124736 366777
2581357 3620900 33382 5779673 8897199 21584
5941241 3516195 1833747 9615878 3091539 1664869
2513983 7547929 328164 7110295 4904833 2958132
364379 1459732 1368958 3908654 3357851 1224555
7712161 9481283 9263719 3536677 6290936 699224
5288617 9621344 6071175 6738709 4858938 5366261
4211433 9028239 2461658 7920370 8619957 6346015
1933024 3763081 6793307 939791 9689867 3796892
9988132 3826565 9511392 9501832 1521857 1665003
8997818 8672703 263049 8808826 8067511 9415916
757864 2404564 7225259 1134522 4327260 3470195
5593694 5775273 2688991 4961903 2898862 5876593
496473 2444009 2839775 5022943 1975629 9594769
4431248 6772370 9791415 5466826 3548545 2464370
1187831 5786785 8099486 4406171 7740891 6186235
5103212 5402606 960727 3045741 7162505 6215393
9120756 798502 9435820 3323112 5346097 3914593
1107901 5026229 927703 3634799 9005359 9077848
8825227 3974875 6697073 668279 4377578 1295141
9624501 5291038 8856018 4760888 9946690 8540475
5370708 1187522 8034382 6502756 9858690 7496255
4915865 7450731 5281503 6624382 5902187 1177127
158949 1108135 1426272 5876821 4358924 8522315
1536666 7553032 6781425 9021638 5580943 3766016
9489162 4434933 1025028 9665586 3421240 1871466
7359374 4359867 851811 895344 7952403 4158574
5880211 4605145 5167539 3431448 8718933 1554627
3796344 2200845 8072687 5519945 509329 3269442
9868868 3747680 932113 333703 3224221 2393657
1759049 6349070 5606578 4268366 7013593 5423757
6471227 5250279 4029491 3410036 9265008 1542319
325315 9263604 3155732 7267698 9996610 9753779
3354776 8105218 8834098 5226798 5225293 3380098
5693328 3969216 3925603 7755585 9796717 9673560
939353 7025670 1135645 8458154 9136295 1603333
8551995 1611844 7591551 9743781 6960220 3468654
7525136 386307 2935837 6530368 5194629 1245725
113710 2601170 3751070 1178334 6978927 5119002
3559559 6532251 1123776 2226480 8575038 3044376
1498153 8715642 5453561 4355930 2470683 2239337
406674 1867161 127309 1552399 8715702 8384765
2162227 3610994 1144998 5365443 7701661 4838985
444260 9162960 8774587 2679877 7641874 7195547
5922490 9761018 46743 6016642 4898595 2604043
479556 6325515 3036806 4547174 8245628 8244578
8015093 3169205 7915623 696499 6123693 3327467
1118416 8561311 3885467 5366305 9016107 3367933
3974004 8194115 8830590 6284791 1782219 9412078
4269789 8818275 1073767 8258014 8433440 2709665
2192594 4390031 6968566 7523265 1072842 2390187
5347958 7615052 5365365 2900419 7350350 4532455
6923362 9747760 3039266 5447120 1561461 9080563
3310079 556185 744911 6678809 2042638 6704479
3773453 4194765 4543295 3624728 277385 9427352
7170810 9757079 4735765 5205958 8503905 1733662
6358900 3595150 7488468 1495280 18346 1401054
8002567 1073584 843764 4298134 9361428 2034458
6372811 8822669 7256813 1993204 4947934 7877255
1964753 5513784 2347393 264087 3749812 6878077
7846892 1723229 7337667 5938013 5729608 7593271
9796690 1717403 1243855 1305603 9088219 7966311
1592094 1814799 537838 9343857 8676242 969053
5860714 9475318 4833336 2508836 7251916 1454716
2170538 5177606 4809144 6858509 3241204 2990120
9386269 6094813 9845338 610390 3648388 8295116
4063386 2064553 5343975 3250493 4501444 7644025
790603 5067207 9734449 9290502 401109 3133135
7339417 2620896 6837541 1378339 4403372 4274493
2044741 5338055 4471312 5882951 3767474 552002
2784126 2938180 8476198 8253734 1919334 2993405
8120972 981703 8166410 2242721 5280470 6611688
5625077 2610220 4973874 7189311 1718233 2184708
1720266 2880035 4776496 1676009 9519092 620308
6152579 8007929 1691441 5570845 8565649 8310332
3823803 8180435 8297078 4791973 466367 1563264
9167826 2536868 3147873 6741044 1169530 9419405
4966724 5096695 7340426 225852 5753262 1793151
9300618 4855430 3619822 2286604 4162685 887439
5775505 1108116 3419087 7855890 2101155 3911405
1301964 2550127 2416054 9856078 8418917 7100034
8314610 833103 2143853 3410610 8021484 9181364
9036835 4979221 1710505 5357090 6709284 4422397
3279882 5926726 2254666 9898290 6270226 3710218
4690510 1537199 4017750 7409639 9016467 9358250
8144176 1311936 435713 9236468 5439080 8619402
7003351 5110646 6677777 240391 1911242 4920158
9649298 5890008 6833945 4438457 3249768 9183463
9176933 418414 4398832 8996690 4576007 6174429
1656738 1403673 6279900 8705835 5165567 6881718
3082284 904970 1816636 2785602 5266433 6709548
8745651 9800366 9540141 3091102 8353739 1598638
7744619 3039491 4015483 7334507 248991 380218
6876272 252053 8287430 4834287 8232705 8598052
4959418 9147486 6735928 4261283 7579729 4035406
2339502 8297515 9945078 9796059 7158107 1006272
3103522 6863695 623574 124397 5692805 3449401
9643321 6085831 2064675 2800193 1252070 1536516
2158946 4322230 1154682 5899682 1829563 4913514
8594287 8247996 2672264 3218583 7826183 6118947
9973619 4484367 2220636 5504735 751600 56224
1653559 7948560 5881383 3009210 4230985 3385296
9756643 6751875 4559247 4838028 5190965 2146874
6533377 2159224 7895415 5199411 2102337 3257499
2880724 6439819 6467951 5031564 1201772 8910110
8334007 9884939 9037512 4504626 150778 1208438
1228764 4138586 5334230 2008450 1146634 3303510
5655132 9149735 91245 7769385 6143038 5077688
354267 3756258 3057030 525390 6685205 5666959
8223531 4774207 2382029 8963137 2624011 4311780
3588272 6621994 6746787 6971273 4675203 4346046
4347784 5252016 6601096 3350808 3609263 1052379
6812644 4524927 1012589 4591905 9544279 2952602
3166254 5111338 296781 1390263 4677297 7445513
5853079 7808617 3199733 3370552 6281094 5376570
8826408 2265627 1514575 1022449 8420177 4524639
6556722 8683859 4474532 5745199 3421601 891021
8476591 7003458 146994 2004651 3712746 2160278
4654369 3631626 5229928 9429427 5796883 7512672
4014999 2198009 1944697 9301273 1118193 6866585
1146312 977231 8970922 1224526 4524400 1343636
9537804 5790194 6104749 6487949 8035182 860419
8478070 7421054 1689736 9405759 2913672 7673838
7298519 3848428 4095871 1039454 8716183 2649468
146641 9396980 6468743 4001902 7007449 6222168
2579942 7255448 7565665 7607946 4598886 2444370
1920099 7252064 2479058 8803357 2466846 7922551
6055529 8166419 5596444 4369509 951357 8375828
5822936 4609240 9284336 4270859 2002754 7269765
2770714 106858 2261047 6321453 1077884 5127419
4874892 5535902 8782744 9882581 3908007 779733
3294754 870123 2822168 9245365 7485659 5661607
5194780 8495161 1381581 6173319 4983925 549763
7053024 5777132 8445623 8092915 8178965 2398209
6937831 8309082 5252694 295899 4837232 4492028
183322 5598645 6174180 7351638 3928465 6930944
9139806 6172947 4258411 4816710 1074754 81233
5553660 6577571 7123580 3622729 9076079 3507592
5888184 6597394 5122932 1711283 9268429 5300752
6681795 6781977 7356937 6384535 2944749 5598925
5527039 2998854 6032891 8330140 9062042 1887014
9487427 7843141 4566696 4450637 7033512 8810977
6291352 2236314 4702377 8364390 2539254 1601394
5274629 3315102 9233003 1745101 4407715 8239837
9369095 8472038 6330216 873427 669842 7146488
9574007 2755271 3228197 8659486 9289671 8075900
4048341 7223520 7515528 5236566 4135301 1232937
8940896 1437547 9563881 6311954 5419931 7032115
598374 8317405 4242722 5755543 1109905 9629647
6365921 3781937 8591138 7793054 8961044 590004
5556797 8613999 7173298 7420207 4876630 4278240
5582780 7631865 2946642 6626476 4316048 5315734
4085865 38063 9179800 8000065 2804204 2970168
8675955 3057140 3052107 9298101 275053 2352437
2903765 3818463 1645366 3598550 2293565 5507733
9484762 6255287 8262475 6925524 9679768 5521302
4059639 1520688 6560916 5285640 729174 7788066
4085472 3971897 4001356 8926988 1669677 1071842
449847 8365856 977732 5620970 9117098 5903904
7537897 6258696 8338946 4820861 4516442 1058166
2632874 1984229 5338300 7438909 7141714 8060761
7053258 7160341 358294 3658498 3940425 1283515
6409251 3390315 2327965 5264040 5212628 6303155
8351080 3976776 2148786 573523 3148703 3927708
4530000 3863792 7138189 2358571 9387626 3421072
7182355 9238778 7004246 5502750 2652765 8744944
2449765 6646562 6830183 5940595 1873730 4509335
713548 6791348 4425430 9694216 9211718 5726782
3575938 2273856 1046067 2035791 6469780 539665
8909379 2059351 8835526 1410591 2908908 3277922
922571 4694686 7772715 6937221 6476142 4701647
4279269 906500 737549 3583020 2814275 8566065
9472972 2410485 2103046 7639451 9859974 6357354
9502278 4835783 4652073 1411406 8782632 7113770
2375004 5146564 2768997 6464580 6593371 593414
9909418 1039173 3737653 3552260 5018023 7179043
6736620 3776326 315206 9723782 5414947 8305217
4989233 9992918 9459580 2480001 2562819 4059295
8436618 1269927 2199376 2478172 1908313 8073125
8625848 9511165 5912053 658944 4562217 1329578
1932649 7814688 4313129 144134 3673602 1775101
4828412 5920711 7392461 4924003 902831 6083648
6042148 9778495 9420836 6346856 6422173 8789714
7654190 9895003 2583745 8709702 8027961 5323444
8394037 7431245 9130860 5664528 4926411 5506858
1266989 6077675 9214109 8985627 7791133 7600258
3992087 4845098 6319315 7684478 7651589 6642107
6666833 3512615 367095 6115728 6436024 2129817
8652289 2278992 3088991 7122339 3004754 4667213
8745833 3222947 9786726 8989685 1750097 6242356
2644241 9163883 994300 1885603 3657013 4825156
6869539 7056520 1987362 1820577 2354768 1577074
2470398 9969711 2243413 5941637 2042869 4515345
4956348 2278309 995220 7001042 7012239 2647418
2417866 4144650 3072921 4546895 239794 4568186
7813532 5002402 3095001 76959 5040237 8487706
5647807 4781230 9855602 5541939 9246189 9379504
142455 6831711 9924224 1511917 4651940 3035043
2423800 2804196 1180077 5271380 4033336 9471787
5247136 5643199 2151644 8346881 9467736 9512362
1752234 2322643 6816726 7419176 4007045 7352365
8482073 2393439 4929473 3755707 293829 7261638
4659743 9414409 3032120 1615716 6858586 180527
2723194 905949 9492709 37878 2123094 7435598
3388108 2542151 969065 3623213 4829823 9397037
6336062 7300926 5313493 343240 3789705 6923545
2562777 2723279 2824666 2571858 3029843 2258501
8105569 8668092 2510366 3918439 611637 4618927
6439667 3631419 8784612 1971116 5623686 8561787
19652 1714356 199548 9381128 4031068 1464894
6383299 4858859 7563616 5532435 7419645 2992903
1948144 4316503 5624704 6108574 9052938 4135307
7355860 151336 7876105 7234208 1932308 3455001
4925231 9469668 1930513 6350137 7183546 1198403
612425 4364945 1677240 6751706 323587 2075348
6723996 3181649 8692211 1359772 6188558 8170983
4694884 2573133 1248447 9517463 1970294 6295134
8994223 331092 4578480 4649305 4615255 5472350
685681 2785443 9782047 6744546 4455896 4561399
9534380 33161 7675313 6365212 4920010 3054699
1315663 5196438 3992915 3549355 9384578 5871289
5443096 5996088 3962777 9705121 2539324 9359174
2206554 5407768 7499374 5635378 7355914 6852454
6619923 5963119 9749689 6204889 6066024 7538143
2293301 9979449 8725753 4130811 1825391 6155396
495670 8329671 7653123 8193747 8201799 6773855
2302219 5444868 946514 8707191 9206209 8619166
1509572 980560 246119 422872 4537992 9048127
7062024 3899001 2677247 822858 9745289 8956891
3305009 5110773 9130414 6454771 1256054 9405128
7145535 1312284 4170696 7807381 9209450 4209652
1706051 4012806 7205968 725518 3333159 1911045
5905940 7912732 6756909 1130522 4695317 5085463
7292024 1870428 5441457 9677625 7068787 7926390
3478148 9672811 8584382 8696231 4888737 3091026
7643441 5847447 4188814 1541385 1561655 7893925
4448470 3702191 1771109 6036467 8716820 525185
1842158 6336506 565841 766202 4916918 1832556
2199981 2174486 415455 4044950 9162747 9385625
3963670 7467910 4243497 6244306 4329232 9536639
5625269 3009820 9124068 4114942 3082077 7485712
7722231 4364554 6351077 8862984 6682052 993125
3314354 1255556 3153607 4916271 7835466 732281
7360548 2711946 4755893 6751826 6496250 2714250
2675571 3598490 6684699 4803188 7577715 4093744
3650428 8204163 9372959 2234470 411197 5707000
1401117 7727216 3254428 3080128 3043970 552364
5481479 3336996 5492434 9422329 730595 7907191
6232018 9047399 9632443 3511216 8883757 1617285
4780745 8873443 6513569 6409817 1439371 9483586
801013 2919042 6786839 2257332 5212556 8477889
1620166 1079884 844358 7446606 3515154 108249
7477852 4280419 9667976 4203529 1270346 3159253
7221816 3253241 2867894 8777508 8571170 8530316
4461301 139212 9320405 7755673 7453724 1537754
9193431 4991299 6287845 3770841 2279115 124928
3765524 3224146 8124440 7014545 7802163 9650711
7062832 8785411 5532244 9524193 6033363 4603338
1949309 577216 7603096 3354316 9188001 8186129
6615692 2023504 4347872 8256523 7796031 5073343
9157483 3864492 3626159 9306604 8253175 8523855
3820404 3707010 2001303 9543047 438004 8046199
5034813 207271 5451077 3217183 1714676 9785758
2998071 4937107 4105848 4717067 5806364 6876508
3934657 5839114 5803297 8101715 7155149 255611
5777055 5509001 5428115 3051096 7857061 3937671
6024551 7756228 532235 7008389 5703789 2326352
2602034 2406261 139211 9556897 8319503 8980729
2735052 3398508 308828 4562113 5258451 2858924
967495 4440416 8058127 6749651 5371946 2414060
2720557 5718688 6551861 1745692 3765992 4929002
2618084 1983716 2350209 1513406 7192631 3958447
9253523 5989681 9233317 1779496 2115033 3400103
6737296 4377760 7519611 6822568 5366663 3756640
9946782 1214942 250550 2569191 2083601 3416645
5879543 9274899 2384281 8118174 4287832 9985101
5774491 856341 8640269 5210209 6938812 6335786
6630520 1221645 6205877 6350380 5308590 9268769
3625606 9187998 2325382 4658024 12355 994185
4894449 5897988 352024 2795221 1798910 2551049
4678452 48893 9900114 8933563 5633863 7917732
1574166 1135348 1701849 9248216 6005005 1258691
4759834 1527086 7438947 1183825 192047 4145017
7550763 3596401 5906352 981780 8943585 2895602
1091262 1221518 9262543 1390096 3223725 8389843
9633076 2979269 9057431 6089219 531757 6889919
6435671 7696956 5587782 8288145 4776214 4173241
7566920 4377389 3182993 1066691 9898190 8485269
3555237 3710623 5705941 6207007 5244457 8202508
6644697 3696671 1105308 7004512 7842301 4412344
8655188 184070 7911622 3312005 9615140 3025735
2201260 8670614 995329 549028 4748153 2495091
8557235 9262618 8820187 1733110 3414859 4566195
9712609 24571 1323327 777274 7834858 9513102
2683902 3426069 7734812 854922 9444521 6835085
5784611 9431159 9854654 1175437 9632956 4592144
6261618 4254915 4762248 157258 8865430 1227575
7489939 3006209 8962470 3210849 7649771 5981839
9382320 4911586 281811 6539112 7291902 7817729
3089017 7877913 2349211 8398520 628102 6189071
5290923 1346337 9226093 4160244 4764416 5316993
2640436 7381797 9629661 4228042 5471491 9159944
9803946 9555350 1159140 95751 3287335 4828648
550631 9473053 5776297 1752972 1472601 4532934
6553273 9245499 2139256 2036925 8086420 1755043
2242932 7863098 3626812 8573177 4866335 7519092
2001482 3329694 8241792 3645476 570412 267973
6352178 5154277 9440094 1121866 6735165 7736551
6658589 2993265 4590577 7520563 7847888 1155049
412773 3537950 9873736 4693158 7606971 5518917
3177736 603511 9295377 7874617 1985110 7608393
5533132 1230769 4689015 3640047 8094268 9957640
6586855 6905155 8902640 5508323 5400794 6318323
5092839 5431406 2510333 4402705 5378335 5093155
7164465 4722369 15209 2471762 8160404 1328384
7645356 7308324 5722723 2722874 467739 9966900
972596 8477560 3169167 1831700 5588734 5504396
3047536 3018541 4898996 4632937 933707 942733
2252408 4904449 8137156 3555412 9600318 2175564
3008584 8775031 5225175 4202222 710151 7262741
7593184 3061370 3070365 3360630 5994691 785944
4234916 3863980 6437415 8935739 4535727 6923233
3149156 3261139 9842672 7005937 1355168 2359794
194158 2531528 3788661 9072475 219353 3255954
3191228 4089944 7708006 3547159 9714290 1692708
4741725 6770374 7767408 5906426 4238516 2527364
2434031 9686905 7023850 4113051 398020 7069726
4505318 3316668 368722 1213922 406256 6339179
2332892 6002646 7419863 2865381 4008063 8178623
3474080 8520709 2842016 9814410 169402 1904747
3077937 687757 4149690 4744707 4194014 7765353
9155824 7242730 9022622 7315308 4571906 1668262
5335943 6081106 2133507 6718934 4567156 6902685
2887231 1977305 3683687 1368827 1214266 3711643
4272845 1876343 2762310 9588785 2432345 5717806
9685347 2619620 9517503 5119103 1035114 9710262
2920036 9760611 9122653 2603369 2058098 3163526
7316556 5017584 1430740 5751600 7529437 7926956
6045115 6755145 3953552 5939330 6927179 8192096
8221059 1709110 9473491 438046 471862 2317671
5003042 9567039 4810384 3304815 7629960 1952285
2150759 216840 5045992 2423245 3798897 4806545
7780031 283861 9919207 520161 4052270 6196682
2280903 8521244 4346906 4835354 3543669 5677200
1764254 3746016 5692441 1325406 6898043 9326003
236771 2481990 9288749 6804982 7600327 2491059
8353142 4011740 7387624 9478454 3600840 7312596
2880963 3621870 2956247 9147006 8159299 6643317
8272889 7700898 7656839 3276808 8157142 1950617
7970764 167688 6023369 9133184 1540561 3883943
6259844 825353 3318796 5719989 2186473 1316907
5517796 975048 2683534 7428147 2167019 40530
8809057 2802449 4920404 7034309 1954390 9921798
2720952 2617247 5586717 9049123 3052516 9197145
1669164 6959962 4324847 7338132 8834217 7432639
6467689 9219957 2471179 3503681 3218609 2775487
3993799 7160974 1435397 1639340 3629210 7184251
3959783 844741 5533879 7616309 4467751 5354693
7030213 936455 8213298 6101571 6412231 8923313
8297225 7210721 7772836 4121651 4050824 5226510
6992060 8179664 2140830 5250895 960458 2947061
7569351 5305376 9583839 2144916 3040509 4793415
8486401 1081612 8988036 8402466 5089339 2207774
3663266 4052855 2492211 8970153 307919 7897762
9219341 366118 2807726 3547865 5206455 6007887
5002651 9872148 3110150 6208887 4647279 5449546
5043420 8708888 9884283 2586818 46957 9162374
5770853 4885296 7895946 3419882 7615169 5330619
9935276 9894759 2121381 5565061 458385 9997969
2734298 8021906 7871745 4243068 6031554 594340
139335 4021486 98921 3575951 7142265 3168360
1683265 2277514 6434332 3538490 3359045 6380451
2323491 1076448 4005897 3329837 3199300 5422622
1816 5799458 2750948 7477106 3612588 5311695
3886506 9437589 9413763 3112180 3474588 6625373
7577800 800352 2677334 9289942 2447482 6025471
9063453 2194902 7743030 4727585 1736617 5337655
8896287 6396786 6535713 5740930 3241570 9381937
5992072 9404461 4822606 2449122 4241252 232095
7843392 2662228 408898 4787225 9689445 7704676
3754597 8571085 8802926 9808958 5960689 2558693
3703117 3033549 8628965 7980426 4266384 1004398
7679591 5274230 4062841 7413292 8580818 7215801
8775981 8145575 6196019 31825 7120108 4070126
1802767 5128678 6559099 2445238 1446550 9785254
5616573 4276227 2505456 38354 972987 3165532
6534729 9087328 436096 3977020 2037813 208021
752972 8011646 5138077 3818208 4769530 8967021
6169254 430099 4081409 3193096 6011244 1543870
1508656 3722771 1450976 4732799 8006191 832011
5999593 1257878 1586998 8843710 2363853 9990156
8498941 7641236 4301243 897309 878563 9493490
6779705 4798961 6107762 5987998 9278853 9108462
8932048 7984558 359147 7592078 6275984 1016451
5703844 2423476 8264982 961586 8529698 7250215
1714555 1801929 1081136 9604085 7977426 779934
8621022 1909261 5647792 5147920 5319266 7128294
4665777 5271944 9551535 4587919 6413391 1212282
5436107 5520658 4443918 2342514 5800750 21632
472864 8407515 4981893 570547 3139866 9940376
1725173 7537355 9111538 7051028 9182754 9076633
8412354 7175619 6821535 5327828 7366975 7369592
3460669 3784127 2665292 3230853 2926300 1004039
1464915 1115925 6010085 7052700 5525478 3009039
2806297 9372040 6001178 1059503 9131221 9569910
5798040 8050474 8769394 5707416 3422746 7781910
8016755 7614749 6089190 474901 6175565 9237771
4390747 108279 8153682 7074325 8881845 2016622
7356340 7242010 5481214 3977854 9105632 2023941
3930291 4672473 2011876 6102498 4244730 9810713
3075454 7352850 8044398 7251624 9529787 9316501
8600198 7753252 361380 4883381 5214097 5311551
4914849 990013 4940359 6772313 2661952 5417199
4855357 5731971 490195 3984555 3703163 1889210
4088695 1820186 8944842 6745452 1777125 8750272
5770034 1914256 3370018 6278477 7399446 8822714
1193372 7139122 578491 8837181 8474126 1128592
1655242 2472958 2027913 169663 9063005 8115618
7083581 7157977 2010521 6594677 1247141 8512758
9320517 9090899 3649687 6155188 3162928 7709601
371659 1854745 5976127 1611107 9113347 3299840
1941532 8636371 3590566 6117644 5578941 5522829
4838707 6018176 7257845 9361603 2329313 1230204
9861296 3919032 2757181 829223 9661871 4619148
6739751 9175356 667114 4857259 6957959 8308547
5173027 5038183 3976194 2868890 8465521 6619381
5152465 44134 3359611 8728072 8228130 426633
4525051 965936 1579036 6487691 1755969 5228965
1254913 9958914 6761585 2419482 6293891 9243896
4952419 9542436 2192874 1356979 4871356 9937990
2632726 7084272 1678411 5282019 944617 540757
1546635 1969816 7552654 638463 4209138 2285179
7870592 1133224 5690901 2330547 6304171 8695934
3040111 252059 7419386 5438148 3602345 6999044
1546962 2753544 8744292 4732297 7916470 8923085
4426506 3795485 5172777 3421620 6095346 1143858
8748221 9243032 21319 1038278 4941056 9786153
7676311 616450 5749776 4476405 4548889 5160667
3552995 2621872 3238264 3496940 8316867 4619296
2518604 7194577 3481926 4679366 3735056 8191072
1796465 6814337 4053345 8629568 6211956 413652
7112402 4448972 5037877 4547043 3582325 7061138
8674614 2001833 5311003 7633233 7761837 2985895
1249268 7070557 8204655 3583624 1179302 5294598
5684821 929566 5478618 553480 903016 8900769
7661931 4068854 5507976 1830247 9241813 8126718
5732807 9046742 4404493 5336124 7364002 99917
122790 9005951 9039546 6177125 4822325 6315034
9308293 4885370 9432739 496031 3430098 6664499
9986417 8212841 5635035 8758747 2944747 5282390
4935034 6558921 3545956 6137108 6885112 9513470
1553162 6844367 2760019 7184284 1900426 8715094
8581401 5913143 9706554 8104737 3460834 2173350
6255051 9507695 6107240 9163583 1245187 6017645
9468029 7165900 638756 8843477 1843830 1028972
2491682 6974059 6101995 9122103 401090 805081
6553961 3985681 2120839 9526076 4623962 7977958
3555014 2124008 2984944 717645 1914629 7516954
6957944 1881679 4752006 3461684 2503696 3437051
9175149 5771450 5313734 7528310 6669079 9719211
8874714 2709685 5000537 1731047 4692601 4926366
2613099 9459298 5512053 8901473 1550776 9475152
52511 6728975 4883733 8129282 5608569 9121178
3032700 8750384 5251270 3121801 1885532 9962150
6276965 9029998 4470363 2664943 9946954 4629639
5491346 9025650 7316602 2401627 651361 1914276
2977421 1823967 7431406 8058578 8104545 2455330
2004900 8056470 330902 5276854 3409173 5774721
8553318 1045866 162881 6192556 4495610 7918695
4467941 5752912 824153 5038386 5454081 5662603
456002 9948156 9512343 882414 3410127 2525126
2158550 7650883 6077613 2969456 5151861 3784602
1689771 4974122 645838 2795939 1116900 3829061
9631247 1000111 5620825 8695642 4111624 8901087
4466758 9298790 4530039 9397907 7933686 4898449
1090123 7939034 6369885 1768803 7602575 8156388
2942987 1122486 4646343 7805776 3118304 5758289
9697107 5583861 5894005 6378278 4502784 9521487
7272856 1672001 4636011 6995091 5407138 4453970
41778 1760360 5836531 611255 6415655 4111336
7995086 2760643 9717197 1179163 1879332 7212826
7414716 9920968 7371546 2489450 9852952 9994414
9182718 1825471 7881806 9862535 8998534 8527762
3007082 8088479 4796005 5008552 2125050 6261685
262437 4095032 2531895 1915914 1727024 5842214
2319857 2331731 4706830 535006 9810689 357661
6041092 8517944 3704529 8681178 8963562 4581815
2149940 4783406 1819048 4641597 7812372 3581667
6572163 179242 2761826 7308768 7604173 8327175
9315330 2986534 635592 3455511 916726 7784300
4680931 5498801 8193943 1529331 169593 7521221
5287583 8647711 2014782 7524145 3821442 480590
4823233 4325903 9124917 214190 2858611 7341644
4442636 5620839 6282659 8950228 5343751 1547781
3080388 5011088 4727557 6379654 1219676 6824155
9722068 2585580 7601217 5920229 4000247 3464760
6387871 620609 4613813 4297827 9354013 9164661
1566885 9048017 6357800 2281235 2485534 3278270
9202258 9101140 127923 3293947 9012875 5295886
1501640 5730702 155050 6646161 8448943 5158504
2793663 8907928 7428035 5190627 7802077 1235861
2879372 8903004 325655 5660156 3826318 2238002
2727831 144808 6266825 7117998 7383343 6295733
5189981 799152 2525553 1449287 7177396 2118535
6696231 6428121 3572705 2305331 4418588 8269544
3309710 9741709 2171666 9455308 1504163 446085
1736626 6376258 1245940 5121938 9401863 3582530
2952614 3542102 5274822 7889921 566115 8868066
9029060 4383641 8347359 3859316 1456180 7649790
2632951 1344376 1730532 5309499 8494395 1373955
7663156 574041 4484415 2056111 2350445 4084608
66335 3272523 8640645 5820740 5381372 1007084
5049792 68042 1397289 8943023 8496673 3635294
6843713 8806310 5862006 4704638 3276270 34947
9922184 9450393 8285529 4521875 6822357 159787
8715552 6427126 7881862 9871985 7458782 8827821
9098114 896502 1191656 1190213 7823585 7293591
227421 3208319 9002268 7340274 8809523 1388137
6252500 3689927 2847702 8095238 8465786 9688085
5511949 2958517 7297770 4449468 2133926 2900052
5799078 5544460 6450166 8480858 7105187 8954246
3125222 5177807 2609260 2569467 9844908 7600170
2443638 5653499 982724 8568414 4477217 67950
1032678 2581909 640870 6897392 8269374 3132429
7312084 620314 7961339 8193777 4360035 4500264
1530050 4648645 8762576 8291604 5391134 2279125
843425 1746563 6103132 48022 4215052 3631716
8778876 3683033 3845018 5247532 5651600 2812286
8705360 6943535 8481300 7229820 3416790 9552016
2259181 8901686 7275085 3317737 1168773 6484873
992906 4931444 817771 8108996 1039416 5196263
8837594 4152033 262364 8703599 7724988 2730654
3964818 984655 8366857 7009154 8118515 4586341
9287410 2064551 4968714 5149053 9488417 7416500
6018963 4300230 1231855 9210559 6032422 6489448
5004040 7525688 577789 9618258 9055116 9283608
2813944 669880 2643616 8648755 6409938 1499566
2549921 1760 9218546 5750646 3265001 2432134
1185159 5250027 783171 2688743 4030326 9104222
1516158 5843853 5443027 3401271 2090032 6739185
3964407 9627034 8119611 3772916 3699559 199299
2152865 4346559 1929539 9083249 4195209 7448635
1942724 638654 5654613 3469148 2599131 9486657
8197953 268317 1035229 8799721 8025400 782394
5706276 2315296 3495361 1473567 8102100 3211262
3840580 9412672 8579847 5904430 4684348 6782903
3379954 8777004 6302200 9019246 3597781 8918441
502594 2101910 1054817 3334536 746018 3391672
3449608 8047010 3244721 5956370 5203317 1821715
5703956 5164685 1601634 7337217 8066639 1384263
6703938 679297 6244459 8718277 5242668 4782537
8868787 6038294 5954306 8871710 89193 3822126
3184456 9178706 6670535 2116787 8297126 5923489
9727576 2371740 1569277 103689 8023958 55089
9966540 7884210 4209355 6758131 200473 9519662
5181269 6042737 710364 4917937 2315308 2918483
2673982 1784317 6859242 6272280 4465748 4707724
7437366 4577898 7957816 9422595 2771913 6024610
5151180 3587169 6867559 5678144 7609640 5694899
9814985 6600248 2655339 6189369 8751736 7358457
573182 2110656 5837820 6434643 3690440 4046456
3111761 8266518 6863398 3752052 9442804 6512809
9064247 3455295 7905992 6861553 2666323 3446060
2097273 543945 5112296 8184744 1606951 6613303
2652103 9503124 8433096 5015465 5102952 5715060
263144 6484613 3032581 9500784 5699098 2355091
8869904 1002722 887457 3911360 6310833 4505395
9161212 1399128 4144365 354750 6613896 4154344
7788906 2953432 3933925 9209278 4092096 8207791
2246160 2388437 503705 9224516 3782540 4187316
5613359 8096295 3163565 1148338 3488907 2958191
3480227 9563463 7756197 5550900 7991648 1663600
2558602 8185913 4233111 606901 9023531 207822
2468938 2297352 2889227 4278751 7226559 2149520
1781135 1053865 2392517 4824790 7254623 3310660
1851386 9645388 7220182 6700141 8298000 8214537
1341829 8012874 7910220 1186174 6874522 7050433
6398147 2238006 4961783 2270324 6650675 5906182
3974679 1639259 3364905 295882 6755577 1485187
1298088 1334608 869736 1014045 9367202 2435041
565673 8655437 2308839 4445536 3699514 8346259
4443418 5858461 9887912 6018573 9265071 1010657
2297602 1282763 5422830 5838793 7880604 4988552
7187736 9510810 4403189 6486334 850110 5615363
9945754 1555503 2889810 5734994 5402052 6963392
7344800 327783 8645671 5475178 620500 8219084
4741593 1952610 8538492 6615523 7826905 792214
6018269 7956105 2374188 2354248 7998280 5472813
6062356 5459294 3454003 5881183 3826309 9856391
8031852 4079339 7805326 6693476 4499782 2144010
5456449 8708424 456409 2924520 8673772 8937287
2364986 6822423 662263 7203745 1097200 5927994
6450060 572212 1683905 3610975 468064 2894005
3241175 7591506 3557223 7416997 9672637 9942757
3509388 1463616 6501474 8789279 7443326 6541160
413758 8048117 7452828 6394481 1159074 9118481
335805 3093749 9282332 3436900 9989261 1175856
4810550 8858610 4362094 7526009 9431123 3254097
8172486 4420876 3611275 4911321 3452300 6908275
8586787 8039452 9035786 513651 9415132 7210155
2435813 3575706 9379097 4121102 6789987 3049082
8475166 55579 9413137 2565424 3275170 7374315
3611672 9804274 7602244 2381366 2606446 814026
5580662 5983379 2032493 3247377 616793 3022450
2929885 5502436 4595816 544552 7807694 3119622
82695 9822153 3678616 2072176 1001087 6413555
1796759 689447 2068623 1313012 9050842 9375543
3840959 5607061 1145705 6236960 1299648 3648026
9306031 6205420 5433005 8221759 4932988 3431752
5177662 9188436 2958913 6356647 1191217 1287550
8453265 7930613 2247884 6293515 2482729 3453017
3695698 1539496 8803187 1188689 584607 1916999
8745403 4267650 6932536 2656949 9406417 5009731
1876744 6692924 4202788 947790 1238521 1602273
7686616 1860935 4889164 246863 6894514 1812651
3454641 5440112 9498230 781072 2859746 1120229
7127659 7547444 3124332 7692688 2541261 9760151
4844839 8117341 5620812 3516006 9476355 665338
6499216 2520712 9782018 7949182 4479902 4498292
7084762 7505475 6692092 645610 8606898 621793
8563852 3448834 4644981 6990536 7734048 5144495
2418768 7964331 1407903 5812307 5529290 1858973
1885398 4184056 4151662 4442636 6102951 3121179
5981460 4170610 2384580 4223826 3747647 4373802
2030632 5505458 960209 4999937 3696310 5354271
4428136 6482048 8940545 2502538 9128835 9092427
5115169 7854302 383293 476317 1097237 1512023
9257435 686908 6991421 7923044 6063784 295846
346629 2642125 1402524 3570913 4664150 4436287
8237213 4340026 9701187 271179 4959903 2228590
4184285 7418831 4268021 6053632 1384171 9047242
2918427 9382859 5055220 5059235 9327466 8248648
2737885 5505143 3073372 872556 4966391 3060738
7382380 4107588 9441673 664363 4653307 1054184
3951746 857222 1817897 4504258 4265325 4788809
9391239 4843990 2894399 8154703 6292031 3678406
7244002 3203802 9302737 7944178 5004616 6680924
5240625 5287394 3314658 3153875 833027 9159006
1362914 7364656 9373635 6640449 2888798 852314
2786916 3519922 2765524 3213836 2101885 526948
7229344 8414169 5117533 266410 5667995 4483476
5354248 4583182 9213111 9394966 3628554 1762588
3758000 9438202 9102971 2760749 5423737 9365912
7739526 797870 24195 2658891 3141343 6900668
5415174 2750790 1955191 2042084 5367787 2772109
912881 4030165 1101916 8775789 714833 6590447
1563390 4974214 9619398 8831181 7799627 6249844
9945895 1967947 3736102 7611046 2882448 3450596
1749343 26166 8096185 3399611 5474310 1304014
502753 4570453 5272826 8216864 4851236 2917204
2528285 3312164 9215395 6441002 8482084 9598388
660671 4982211 8723368 2512524 1197358 449522
9746514 8908344 2998243 3774350 2712996 1173395
3164566 7804127 9868342 8504594 292741 5341620
4675923 7513270 8555855 9797901 8273036 6144380
1317621 3346525 122978 6702194 6302896 4487462
7034449 3504892 3485862 4137714 6950374 7900237
4727228 9236819 8828808 7646662 3653097 6565965
8305771 6728402 1857457 4099430 5052298 7047109
3048862 4023690 3019422 3873775 1765078 968814
1042532 862770 6709174 2578988 1194903 7850832
326544 3044319 2605448 8510780 6739900 9208103
7687532 9026852 853752 1968104 3777366 1055922
6512811 7029261 3860173 1989890 1492130 1544633
4286923 7218190 8294227 3075868 3653331 2279205
1468039 3160673 1739813 2517048 3095181 6087604
1191062 2148240 8041915 977975 7320118 608777
3960517 9794990 9988501 2649353 6411897 6025446
6193356 1080758 246324 1963500 7360963 4735817
7108640 9052642 9370639 5164541 8292064 3976712
9556605 7250675 9390988 326242 7042740 3579226
7468290 5170484 5931670 4766148 777041 1629126
3014006 5534836 9709142 3251396 8029372 1697140
1556131 1637569 806293 2268780 6882512 2572573
2032881 9504539 5799710 7003996 5408408 4042538
6716964 6026521 3856175 4065203 1421369 69442
1217788 3634274 2752249 6409275 5181063 1241413
93776 1427208 303716 8617198 8949494 1826127
5026674 3857243 1023269 7673499 3608409 6654494
3170418 7287825 368163 6818415 8293361 7538201
7779516 464293 9762075 1889131 8049183 4750520
7772950 8948802 4113466 9639700 2033607 4395098
8944890 5146856 6456506 9564880 2175004 5455303
2268856 3415683 555045 3973583 1977321 1551164
3019268 9043465 2418112 7201680 894784 4133544
9701279 4399372 5340913 5214048 8629758 4716769
1479337 8204644 3378025 5553196 844247 691
7712660 5386974 1823635 6628171 8728609 8461553
197988 3605538 5112820 4912859 4549558 4877677
6983156 3805933 8486972 8210911 8869863 9005717
2332408 571270 8054017 9979921 9938420 7634234
9054185 3730842 6517098 1739737 8085542 3970360
2077278 6715660 2571435 554353 6260922 6590347
9727528 6391097 314856 3956558 7003692 7289246
9020724 4788420 9849814 463235 8230891 4823824
6229797 3268426 9334781 4372307 3220787 272977
1946673 7732738 5448553 4189400 7573986 4997766
1944455 8458250 5519996 1142459 2835580 7833897
2306241 6428802 7545011 1896624 8483382 2478765
8690861 8375849 3567578 764771 959197 5150000
7784420 8590949 5499950 1693273 5509939 4817116
4635579 7704971 3494872 2298458 8607679 8528183
1141793 5538127 8817111 5317089 2012103 8545441
1769250 7878264 1952839 2015916 8156993 1802089
7278813 4333172 4785043 6856015 5681446 4844938
6705398 1181902 6773541 298553 6404980 8983036
9497815 251182 2948311 702880 6506880 5130609
4339024 7782 7821122 9016827 754831 2945255
3661654 3373771 6363745 5022137 8995521 3080933
3197160 5768503 433956 3697861 4414459 1176767
32072 7779564 2023524 8649934 5593060 7425777
1754642 843239 9133147 9834074 5819273 1760921
5597130 1066370 1371384 6822230 7676891 8149210
3980966 8261986 3578341 1839787 3194360 2307674
8481193 1683261 2186381 3692608 7101393 636476
8549079 5799954 5836722 1771544 670807 8727316
3107084 5689090 4414722 395345 7262185 9911591
3812108 3827579 7554497 4602823 9425007 7929151
1709549 6374929 8091612 2284745 9716895 6152472
7598425 8192284 4585203 9715850 168740 3909798
5239396 8062034 3741845 8496670 1284994 19319
5924198 3825585 395562 2644067 3715146 1987801
3734487 3585621 999801 3666749 8027679 9366781
4753176 3878369 2258254 4257229 1983059 726463
2544864 6264334 6083058 9684250 4173118 2478522
4142112 3391233 5520349 504924 5155948 9200151
6169745 5315437 2542584 7535177 8678624 5599421
7533588 9065481 2659783 6103811 8550257 6131274
5152671 3931676 164605 5218422 4962673 6290371
1651543 982166 6078974 3015381 5951806 5020660
3936261 6239948 9652467 7917039 8501955 323912
6467451 3229563 8429672 1799649 7497003 2712241
6824196 7217999 5199744 6658833 6723641 2917577
8066680 6441053 7714076 9951784 4531578 241442
2313917 8923690 8428560 9229978 8853380 4173781
3121176 3154363 9363631 7521924 3598916 2438676
5946953 9616548 563526 2335871 9636360 5320693
7701601 3353021 6434672 7452363 8394225 7744674
1090626 4992710 4258525 3161397 4948701 9510752
7306583 3984477 1708370 9411025 5603122 9578264
1895351 7237472 4376183 4255890 8678473 4342639
3348609 9302272 3619082 2761068 711880 7107092
2354051 5730809 6804693 2393382 2250182 1178556
3806769 4861554 529464 683885 8139352 3860670
9915256 9959779 8205662 9852878 215340 9614439
730306 6535927 4013426 985261 440519 2398887
944510 3445711 4674548 2092032 4103753 9091953
4125591 8329557 4280830 7151432 807345 9217892
2706059 4913200 1734294 529813 5604256 741568
9048800 1211466 9098119 515513 4340633 8718694
6136977 3495730 9086932 4004643 2030762 4175952
3093666 1368790 5290289 4405805 1448872 8804471
6504008 1714736 757800 1437511 6558294 9809794
9579839 2763824 9152433 8987770 7146819 5302139
7880144 200492 931671 3271858 1936461 9229053
3300767 428997 9105077 5955853 5955055 608022
5020 120947 6298795 104877 4057765 9438554
3927602 8300254 3464328 2929823 4025804 3889519
9983767 7611288 4653171 9288325 935673 1576809
9566261 7149206 6348911 3784793 6124499 1830270
3244281 9821808 9432329 6061236 1105037 1019875
9699393 548155 5759681 149777 1432490 6437346
3510999 9474962 8706058 9713878 5060168 8846565
1837810 4950320 6174687 7042152 3288090 4325172
4575881 4012442 9493324 7528268 6389592 8805848
4259111 6220227 3996448 4468525 6860596 4235957
6225 7866365 7195216 2444453 3230429 3477649
8129838 9833989 6178797 8215825 5777325 1460710
2870750 9852382 2089038 7502346 1946982 1174178
5655582 6202128 6533717 5107156 1485355 7092594
1526550 2171125 4158563 6953832 5890666 5212263
2440897 9042474 2614365 4470101 9707652 7193802
1651348 9393356 1719891 2697037 8912313 3454100
8146374 6360056 8235117 8032613 4657517 6537209
6716810 6756765 4273244 2822269 8812942 658467
7702239 4899068 6381010 102621 917902 1059303
9319086 1176006 3943323 966534 5774927 6734851
8846345 8400648 144729 4895235 5850997 2553625
9454287 2958544 7289815 3079617 6960781 5125299
8857477 3493937 7513608 7621353 237021 9133901
939018 9618627 229532 1955898 6767861 4808584
812792 1548727 8475454 660587 3377951 7736307
9510777 7179840 585128 1500266 9186268 6256868
6392480 1821574 905768 1719619 3367982 5854397
3368652 4622622 7938286 1255711 1245144 7423964
3545695 1697733 938984 4809421 27515 6156299
6505319 6890446 1632787 5336145 4082443 4302270
4078171 8793699 9580593 9553507 3568839 9780941
4540170 7357210 4307669 1256739 1228873 8415447
8228133 9219399 6250645 4375134 8587245 2145239
6870297 9557080 303582 1051489 7114891 1680217
6797322 4701355 7152324 4428828 4994947 2295821
4624081 1056334 7739130 6603497 7641448 4574282
6273803 3815144 1053783 8157345 6715540 3887933
3116295 2288956 468859 2523537 6581288 808116
9905654 2130184 8303200 9487548 8465848 4525362
3998687 3026681 1678808 7900376 2756185 8867484
2628616 111342 2362263 2011848 6632657 172538
676316 1624635 1577951 1676362 8101330 4772101
1091456 8712951 2841540 6415648 7935193 4825935
1211357 4273785 8120067 6344208 4523173 2864762
3992620 5136533 2590486 3213767 2604810 4614766
2895474 8373427 1058959 2186298 5528729 6604198
1525670 1104447 5656298 296320 1847220 4956653
9230165 8229292 4028853 3531099 8396092 9752896
1683822 7583039 5091487 6852872 6689018 8482399
747417 6284408 5588169 9497500 8019227 1496124
7582052 7462549 9019825 6963184 8780887 9727903
3713142 8905157 3184222 6237341 4889977 6830746
9169636 915037 2426565 3163414 7114042 6293880
8835908 461521 6740441 2837589 1529944 5021770
9523278 6042602 1684409 2576559 1438881 9244321
1016029 2028169 3085219 4160174 2714268 4384671
5936827 2266980 9448405 4300950 9817957 9490935
6568674 5446480 2693061 8260741 7683236 5773981
6055834 7584002 9170365 9294288 661591 7557706
4755683 4744463 5932604 3998054 7439906 2738285
8043494 1136582 7466275 3939901 5221312 2861808
3745526 5009462 8200768 8041893 7226586 4847062
6845475 4534958 643564 7249506 6268914 6083464
2328709 1262536 8359365 5910428 6520725 3854878
73955 1721740 1366577 5527513 9404491 7969804
8452067 1938772 4827074 6710119 6257456 8681374
2024659 2628773 225167 9831252 4515214 2673773
7573212 8013940 357416 4323303 2448812 6126633
6914141 7506177 8475548 9849140 1669345 6177369
4378919 2133065 4615856 3611396 3865945 3499572
1495230 8218012 5604971 230964 9589826 5287813
19987 135355 8277502 1962189 5224846 3640141
5858296 2497456 6747321 5685592 8337216 8506785
3497462 5750652 9272928 5239944 8613372 1898314
9494256 8602927 269427 8649704 2331200 4124390
4065518 8413263 8762828 6725595 8336022 6297202
7068802 7342247 8424113 5069602 4303315 2313456
7849130 4951952 2281330 4835407 3990844 9171889
9430047 8693327 3795849 6109070 113933 8115292
4226643 6255286 9604640 3706656 736708 986899
5018386 1370283 7804155 4153111 7896670 6811582
4877313 9132700 4161434 450119 8616789 994968
82671 8427859 1447337 6959471 7390813 3661419
9616983 4658849 4612083 1097537 9219656 3637873
328540 7956447 8299329 647535 2498952 2080735
6692561 3362145 6605539 7437214 51216 2933031
4509301 3696018 7055281 5469748 9958093 4858144
5010455 8979927 76538 2800881 6026399 1686074
6667954 7267172 8864472 5943221 4089673 6077858
6374816 3920848 2150627 4166282 3824571 9940223
8512252 4229777 6633747 2080698 3757558 5254643
4389428 2645457 8376642 8514305 2450170 3694794
6606138 4147234 4700755 9753938 6087082 239728
3561334 7527659 1930048 6613255 3979580 5231780
3216262 749340 9272472 527680 1062398 6130368
782404 343018 9871447 7115058 6957496 5728316
8224396 2929757 5222369 4821894 8411453 3380941
3309431 8153649 4817001 5169677 9337082 9942438
1377103 6620877 7833765 1910898 604947 6296911
8010174 1898996 250196 1401967 8864435 3008218
5982171 3861747 1583059 2246274 7731901 2107152
3823347 9491080 7189738 8972438 1529542 3157325
5017359 8739440 9116206 8549106 3303824 5825931
414778 8046585 1412257 9330033 9150577 4441520
8296602 8871505 9738070 3574536 9104883 5058499
5478120 6822428 4065321 2214151 8839723 4549705
1797882 1063156 421747 2709849 1346330 9846002
2752700 2404665 5091334 4676440 6893539 1865507
7180705 9461067 8595172 4424264 987189 817850
1595960 6652137 4711170 7141538 3949672 8860395
2369081 248810 386196 2131239 3494318 4707114
9092003 2803207 9899716 4566500 6751223 2240667
5404184 7704928 6700254 1566255 6577333 6745911
9350186 3620161 1977966 7872563 6393831 9643815
6463326 1053855 5835238 3247471 618190 2187585
9838535 4656344 7113484 1561352 340768 1097520
9459805 621460 8910347 384219 5584436 4090331
1965790 2614204 2709844 6354505 9020080 3282260
4117596 29705 74804 7965258 7791351 329510
6882429 4496517 3854979 742381 5667913 2440462
8871875 5844532 2185017 7712130 4727965 2094879
5127182 3842832 7364160 5602733 2106449 5955873
7835564 8965966 8035725 7887634 5906772 3779626
6933971 108820 2033775 2552977 9129875 588485
2112781 1873277 6864993 6783973 4678922 5844250
7242540 8717424 4953547 6469884 1512343 9739904
1905314 4253660 7886239 614964 1227323 5177248
5918100 8514862 7923255 4118931 129693 8825384
2293785 8994794 8589744 75352 3808410 5559092
406687 6318898 6714657 1596531 5599348 2854688
5229886 8343208 9163909 1519909 8360193 3389025
1002325 1365680 7453622 8295821 5982320 1653112
5893387 6319006 8881497 6856526 6634877 615012
2665230 7993850 1743583 8039608 4490188 5684128
7254505 7167187 4909014 9394455 6063196 5193445
3025246 308782 8654311 5031550 5385078 2884114
6013339 4398190 154668 4534229 3116605 8764013
1371762 3997964 3012473 6936632 4181964 7489403
6677594 3550160 9684020 6099644 8931301 7605498
1111104 7190278 3853020 3479780 4265403 1193005
8480011 1607870 5302484 2260177 5270574 5673537
2998801 861837 933927 5997382 843187 2236686
460344 8131000 4877245 2979570 6667846 492224
2671655 317873 2985222 7419610 2716860 2513035
5509425 6925601 1377481 1048813 3920445 8194800
9031094 2533558 132787 8961662 6054218 1508734
3461529 9111584 8727389 7338935 3937830 3320127
6555476 680211 2706973 7447333 5639300 800301
2728252 8131534 522431 3360795 808125 3947529
8207783 1060401 8891010 2789448 6750751 8344972
4296056 1949988 6941391 2739126 6966288 8309629
2103899 1498681 2076781 3368510 9518040 7556261
1764834 5332719 6380043 9665094 864134 2036648
9806062 8062091 1286301 577179 8320560 5788910
7672368 5670298 1725433 6185257 753879 4993817
2617724 672080 2360832 382416 3042878 1987841
6378736 3816349 3713923 4397344 5343434 4140619
8723519 9359742 8613493 2966170 1595960 5475405
7567486 8542688 196266 6854361 2983386 8688660
7058671 3718877 3629428 1152480 5066757 1295989
6584195 5918641 744801 7082964 750785 8845960
5195428 1382418 2289840 4392201 3286358 7047784
8322725 5408717 2718657 7145681 1853660 8960817
7175417 4706198 4074337 6250027 8617771 2211191
4797550 5763363 7688694 3672172 3323744 9324001
8358413 5226256 8749592 2417933 7813148 9424792
3395817 1640555 8608957 9767533 7770742 213542
3185565 3175284 5256329 3148482 8531636 7574668
5970002 9912990 1865217 4668610 3977063 360559
7221651 334168 7300870 8533610 2285414 4987422
1157266 1523255 8058673 2965838 6033788 8060102
8298192 5904791 7595569 3293864 3749863 213104
351860 7407883 6935455 3860795 3064461 5442487
6954861 1649068 7231727 114025 7702169 3410754
7458784 3689802 1249192 8389032 5196282 7478980
2123922 4862207 9355141 3621534 8610267 6247486
2154869 219727 7141496 7196227 4850289 2626844
9979098 2676138 6163126 1652112 4316750 6569179
3425103 3360856 7269706 1858383 1578748 636345
7755695 1043240 3821085 4647918 5507053 2343985
6810909 9909159 708509 116589 1169942 8887656
857963 6730325 8797616 687969 1705926 2844734
8300990 9758634 6798778 4604882 134926 5026031
7247628 5806672 9373052 4680013 4963929 1835425
209273 265539 3283459 8718795 5865839 7567026
2426400 7506950 4712673 4797511 385317 4941130
1918334 9862509 1506195 7275470 794148 7586425
7771563 2737134 1654930 4424971 3557392 1820114
3837567 3150812 908313 8795054 7400290 9700380
2970933 2130896 4945230 8873084 9907315 904402
5604196 2139168 864485 1230589 8261568 4198976
8132061 3503479 9373316 1857648 2686547 272417
3519836 9972158 5012524 1786627 6908449 2226794
180495 5784302 6708146 1463345 4881227 2715027
6658713 3631346 106659 5012292 1826577 8254421
9995899 3045250 9955193 601792 1671273 8654980
6721939 6540974 4475565 7455954 6292910 53912
2446797 1979919 464264 635896 5275218 7428132
4687856 1184306 5222446 2718436 8692588 4123013
4196255 4140851 7257940 8149457 4571875 4630221
4092316 3119768 1676901 1118895 1861748 9641297
317223 2918043 8300884 6357544 5064687 367475
7751228 2724541 9491391 6654233 9016547 2901307
2250762 6022817 8356128 2678527 324436 642271
3031974 7277463 4352662 5832180 6405536 7530421
1397039 8572481 1969098 9845344 3363637 3173141
8377011 1327902 118170 822967 318672 2357174
9127247 8330312 6119618 4854971 4967207 5968047
4631621 7542021 5124304 4356633 5898694 8549058
6274093 1413789 2795332 1034630 8086920 4584285
5288634 4485043 6512506 770462 4960505 6492205
8398377 7905884 9360903 6318250 8277222 7688644
2783136 1427795 5704144 5998953 3551279 1994124
4522652 8177002 2310255 8384614 1200558 8863514
2406117 7040405 2673786 3420039 3571250 1949847
377809 7342381 3240981 5533885 5534332 5833629
5844668 8356784 3369806 9627413 6456594 7061323
6607143 8313371 9264799 7435659 1573496 4470899
2844914 275139 7862510 801208 6511977 9909917
2274030 6904019 3284485 7648991 8364345 7920099
3818418 4978337 4334633 7411056 5940441 934841
4447663 7249251 5893462 9870515 154285 5194494
8624317 4895239 1720408 5248932 1777471 2887186
9598715 4970458 5466909 8202887 575124 3296111
4087337 9576601 830404 3331063 3259855 8630312
2549143 8195676 9992439 5449707 5808994 1478256
2726689 9196087 2372930 8329957 2987996 4324245
8577436 2974399 120854 2668015 2176890 1616737
8189509 7025097 5126548 397298 8050275 3393886
2453190 5615531 4403213 1038522 3323718 6363839
104437 1116599 3989396 7263149 7321371 1958608
5202054 3174609 9086245 242152 2522242 2581384
514256 1268758 1982462 1142664 9625450 7600725
3175257 1419321 7399710 9213666 5141554 6234757
3503764 2151845 145401 6598553 2996517 193462
7075043 1688167 5872368 6009090 8225520 1871397
334848 1314286 5653027 8162245 7465960 9002280
2530491 7947356 4502854 2545163 9883042 6781517
1411424 1310526 5990081 6802487 7863265 1904396
8964129 890770 5975044 7754638 3759385 5169526
1813207 8603501 178092 8892783 3167109 834075
6709016 4505165 3043237 111065 807815 8311163
1947698 5013011 3953360 8397429 6683175 7194197
1731902 958601 2268803 3363883 5187129 1685991
4203381 272556 3824901 3967971 7044961 7334749
5896352 2580209 7554901 483501 6349038 8862459
8824188 3637708 4780247 3668778 5836147 5377876
3738279 1300358 502710 7678917 4854788 2850254
7951036 566699 4207595 8780846 6022736 2800784
2900723 8449323 3416372 8492101 4689402 2894553
7009174 2741045 7460204 5708488 4214712 8227605
756262 1464196 8663972 5090901 9573241 3045467
2413950 8063123 5122453 6890926 9625604 3886770
1183280 6524463 5417767 974647 6016935 6478261
3127154 7115505 6557473 4754116 7582778 7899715
5446086 332086 8948306 1885694 6659604 3095101
7917672 8029791 7085645 2275105 6922654 3390592
4186281 2860134 993458 1162128 6366896 7959612
7678330 6009796 8823719 9529601 7308820 8164938
7476786 6034526 6724109 981942 2581334 7099207
1670131 6002145 3881418 764256 9644814 9241154
4097161 528256 1403519 2027352 8973254 1595812
6801124 8908174 9601809 2027175 6788365 3156800
5484803 1965025 748609 8597861 7075786 1572981
9075996 5916485 3023265 783367 4408908 625077
6370991 6935729 5448457 9986438 604973 920509
9509173 3422024 3215319 1752303 7064967 5838640
6556093 5650978 7036542 7227906 2728477 8400646
8563128 5449610 9246160 3567308 5497138 616308
6350597 3072270 8926358 2308436 1688260 3728329
6217888 3313793 6119348 778441 5656360 2037524
6147355 6814686 8303200 8681299 2518001 3366340
9941481 3732499 4900058 4909968 2041767 1424808
4536439 1848089 3188007 4622619 2220238 8959297
1378917 2803682 1438590 4832148 3635840 7532703
1994150 7200737 1733764 9486989 5534415 3751173
9719292 5777652 9994618 4999018 1080550 5913791
97445 9881829 2931609 5879819 3625827 1764638
5716250 1440629 1030503 7501550 7771997 9840170
540322 1595268 1093554 7160050 9399524 2852677
598933 1315207 3178845 770497 6687149 5317264
1632576 454491 8198084 1148884 5190676 6264115
1430189 9537421 767538 7274216 4525174 2338409
6027687 5499097 9177855 9673952 9115898 2195211
6502200 4492599 9428740 1893593 8946667 3939146
2657619 2559241 6378128 7141941 4400084 9765343
2734945 9326947 3194680 7614345 4247243 3171335
3566554 4567365 6249952 4766387 6071360 8234575
9072631 3266105 7070094 8755144 1132363 3900426
3674821 924981 2199308 983633 4268297 2194549
5888524 9738982 1507824 4258938 8491264 2631435
9885987 4288248 5137336 1002194 4539270 5198226
9143729 8413342 1251854 6006519 6107397 4548532
5945259 1735812 8421239 1194164 2820961 5680562
6869052 3902475 1426877 2477701 3467119 3475103
7566034 1751311 5058650 1000131 1725821 4508260
1663511 9307615 6076100 3618516 4880400 1783111
3097239 8070436 8726834 1871867 9611415 2719021
2648572 7668301 4817583 7650776 5038374 2532484
3773309 4694359 6918020 5827262 7389886 4588789
1204557 7408285 821129 1662233 3436159 2787959
139575 8143598 6687520 6743593 4343008 6799781
8472432 2326742 6855412 6638127 8096925 4750524
6953727 4997184 4291059 8707856 9829128 5798817
8657519 9915258 6712937 2526166 7226821 7031461
7590239 5836249 1917729 1487310 2413958 7472114
961982 1435005 4634276 5938875 1732292 1467816
6031500 5904978 3325293 8017801 9178343 2711631
5677072 7135182 6597434 2167496 8873534 2392702
297730 2496701 7579157 5022311 3004713 3520901
6075021 7613409 916777 9656059 9153354 8506758
4882052 6985121 9912783 9383297 5676144 6661919
116247 1014851 3264892 2823242 2676356 3924149
2473524 639718 736914 4001305 6849093 91638
434027 5422743 6962714 9525027 1189580 9917257
9892957 5939671 8430292 1113375 9863853 4118882
551039 6375440 6751624 4818534 3135749 2193222
2798847 6293775 1459037 9935514 2051248 7858682
9127810 7474487 9820345 3655007 2548787 2364995
2783986 2073716 764315 825138 9222032 3730610
1544043 5357025 5795540 9995526 9490339 9736473
8231627 9002871 1150998 9146009 2272203 6300915
7172525 7654989 7503969 8543692 1202457 555318
8632600 498512 3371495 9104032 397217 3715093
96912 6237950 3390883 6065296 8329389 7790137
3354567 9725900 7153408 3021013 3274490 7778724
6397682 2803321 6803435 1722564 1703887 3048376
6707684 9981800 5202284 3519430 6482482 4893798
4861026 4240293 871258 208996 2192538 8723520
359115 2440011 4959807 2080446 9898614 3252389
6345590 2166330 673482 3360860 5791442 2546302
9147506 4151511 4380498 9725245 2146009 8399136
3751883 6910036 8794625 323118 2396348 415416
8512809 6577481 9755468 8497085 1204270 4089096
6918878 3145570 7533362 8429888 2661897 834479
2818916 4317235 2904706 3551046 5376974 9537556
2374894 3346823 4190358 2655981 4371923 2330970
513299 5135781 2094284 2472122 6457113 5282502
9928894 35996 43663 4544391 3567637 3321132
3496920 7848504 962060 6584385 6441982 2645871
5012940 717617 1489613 3546019 6906328 7828774
5494429 200836 1533062 9257069 7948224 9049524
6225057 5856827 2205558 7424497 7983786 6068489
1994811 4446756 6688457 2250859 8500993 2625900
790815 8274524 749598 9583574 54125 7528469
8575495 5790508 6904841 1544487 7643041 3654305
841357 6967279 8229452 4265510 6977693 6256276
3749440 671825 2087772 994138 8319333 7710810
1115574 6072423 9864718 4893571 4589573 1995226
5957414 2762080 2216624 8863712 2755204 8631804
7079175 5910854 146711 4004592 681573 2157716
2144683 4680570 8213785 8551252 6583140 1016506
7839037 7729301 7469062 432181 8501419 7829168
538128 9796676 9955190 3038787 8467999 3981701
7663751 3681924 1200934 4909615 5587072 4880961
1437681 1977644 4212075 9597647 7186334 1066838
6109564 9744847 9990251 9930055 8849455 3638762
9497024 2564321 9489283 8848211 7054534 6860272
4526163 5525233 4260660 4387455 8325584 2958527
8676613 4040388 7442854 6165009 6340841 6999649
956782 7235067 9093497 3332824 7113570 4605495
6804431 8241389 542967 6402224 4322616 8756571
7838916 608072 947220 6316428 3541763 5903678
4492418 8815539 6627390 4340662 383451 61839
620300 7050226 3652060 1253548 921034 3145946
3623983 9944554 3404006 2990602 8973273 1614388
4545265 6164199 5450751 4883787 2043780 8813145
6317304 8123939 1202616 5504088 6548538 7717511
2011306 2360185 498624 1539176 1672591 7525301
372259 6616120 6851615 9031657 2712523 63344
953435 5550882 7320354 7397021 2778240 4378061
5352565 4848314 1634799 9332832 1771162 7377564
452926 9608630 6771758 7814245 8023357 2259512
8859223 5116212 501687 5934549 9242241 8560849
2647322 2084806 8271963 5878704 2618343 2357153
4762772 5513607 3451676 5387406 3930352 6492897
1492790 8920283 5345699 6824554 151522 1700224
6082711 2678473 589022 3121060 1086250 2063960
753542 2558013 8592762 4592103 172434 7596310
9561657 5018886 6308640 8759505 4749699 693433
6106098 9473860 2229970 9277645 4570060 6257555
3925888 5065519 5678278 278860 6321454 9103073
6913813 2034668 4964689 8801462 9851837 6563768
7971826 9526261 998556 6208002 5125161 60329
3764390 170668 5341173 5855365 5825749 8911466
184256 2733285 4170583 4652265 718456 677662
9470254 6805065 8108413 4331467 9195172 6020730
6385682 474682 6236559 9489688 7678290 8137765
2631621 760194 5167048 9744872 787678 5223437
9694876 9898096 4348698 2169641 5513255 4399392
916381 8070522 9239770 6766812 94603 3588168
4932490 2261547 1316212 4287027 9331208 3046771
8455354 3640359 331089 4977826 9822320 4650479
3823769 4274701 2492377 7203407 3223743 5065555
3744417 439384 1945607 8947146 4957388 820360
6328963 7300612 1291810 3709020 3415085 1124649
6780959 9618869 380078 2648390 4557198 5416742
6821552 8344594 1428985 2120276 1289518 7147318
4892347 4717050 75775 9698219 8345871 1238553
1907014 3712974 4846779 4174215 3022394 9655219
1642561 5985343 7304158 495852 7958063 2030595
1754961 4746334 225273 9206440 8196866 203450
4270401 1175379 9717503 7075635 381854 4879149
3636569 1624140 9149866 4798288 4054799 240338
744584 6630744 8954741 53257 1802006 9702111
6277869 2606744 6596474 724858 1005829 8571855
8112584 6325700 386530 9398390 365315 6543184
6922045 5685906 6520184 9872324 5427817 7170492
1521050 4831379 3331119 9967629 537645 1398253
505353 6844272 1930544 7063820 9751268 1327319
3075854 1701703 2944327 523162 2928570 5590121
3606975 3545543 169549 1145647 8963050 4056154
4492619 4238178 1258825 2606682 7876243 8368892
3720153 872259 1202926 1784249 8532206 6970627
6370992 6310240 2069098 5198220 219504 4161556
6641311 1048763 6574432 9059210 6322536 8663611
3598856 6398882 2757335 930062 6265349 1882274
7000942 375402 5868328 9274965 5475010 6299467
139428 7898671 8968029 3561651 3343666 8879008
124393 1291604 3169496 5973700 4152170 6618330
3521022 8408754 3326038 6007992 4504336 7914287
7481722 5433409 7915642 2595213 9007825 1477360
5611557 2790091 4606910 9320651 4783306 8156804
1102299 7096026 835229 5769631 5058792 2320832
5193527 3079659 7705096 7695423 8934816 5030931
5494115 7625156 2246712 6139004 7409040 7856594
8556236 992950 5871066 7954040 1793243 41601
8383824 7544215 8890846 7490668 7950094 553575
4272098 803742 6508298 5012692 4871400 7056143
5783100 7751390 3349962 1005205 814465 1424676
209191 9786298 6498592 2884711 7101098 1382668
9230648 9472552 5381051 6750316 764415 3790356
2285738 3148258 5302783 793628 7385807 7514577
3429986 7702858 5129565 7151520 3423325 8131074
8522633 481422 2753755 5190568 355904 9657649
4506631 7551030 178484 4446389 7744849 2006944
3543008 5499112 443116 7508177 8260020 8477542
5172524 7521782 39326 2717941 2726954 1723142
1753359 4989472 365583 5835385 7575219 3111606
6295111 3057670 6362973 8367518 4362078 6619675
8628913 4040079 9116648 5723401 2243684 3213384
3611871 7839348 5403409 3295839 7250619 1886694
7071460 5921808 9442838 6652023 1978996 5901542
8091747 5804691 7754467 1030613 3437209 5366431
9292066 8671246 9975810 7066878 8151278 4687178
5643970 5175490 1137034 3823440 8879264 4219940
9360894 9449122 5278097 6825941 9106069 4887606
6319732 8457520 7738852 8478888 8763924 1653410
3668768 9643088 1078674 461430 275771 8557386
8865207 7598299 602870 3750216 6431335 3572438
3237574 6544993 9688069 716230 7651868 2075129
749660 3248019 7042544 5222897 7291128 2529873
623445 1265805 6698621 2866861 4710880 4979689
7627579 813177 9907321 8322400 3398109 8508190
3608504 5182540 4899718 2579647 4958232 1280964
3617070 5610677 3017786 1705659 3588367 2561076
5199536 5603502 805651 5663722 7729228 5515905
4610866 8445870 2351959 8548800 9837984 9009966
1858765 5998346 2887419 5623180 6122637 5618158
3665116 4915173 3146883 1179879 7107726 2469328
7175410 8170012 8289786 5761579 1605827 1680451
9512086 8917786 7677437 4137545 7667325 9107378
4174037 1963856 3083949 4391416 3711533 4952239
6156231 5059703 5344555 5889752 720882 8959886
8393544 7993890 9488040 7399628 8040542 8673194
9414192 4019657 8495775 8336323 8488311 9559215
7226118 8849286 6840043 671508 9036713 920198
1332529 7721220 8331020 3780041 1449142 4158781
2534208 9273700 1203639 8194644 5023647 2048022
7124772 1285658 7449130 9329899 7368035 3611936
2192410 2112458 877244 9004243 4723352 3647667
611602 5837714 3475544 3524733 7165297 4862247
8112196 5484723 6022989 4424356 4557223 2999661
628865 4613503 6544747 5329259 4865419 8766841
7469554 1219548 8996009 6447752 1211551 7202653
2110085 7896218 1481251 3228106 8479097 6924255
42954 2328285 2997868 4683353 3168439 5611428
683237 9009475 2108403 6341392 82447 9538924
6025032 2700415 6728435 4449468 8701033 2754531
7067189 6863151 7247038 2110402 1534688 3503803
4651658 4163849 4626163 6272890 1414647 9269078
3380996 4884089 7005625 9098734 4381402 2228937
1793 5945512 1445064 933319 4646022 5855943
6658438 1128161 1137100 9457085 422719 8511135
474218 7660616 9195184 8726719 6160917 1615946
9677216 7932551 793597 9494064 31695 9004589
985265 4410346 7594828 2839324 2960396 5198357
2533298 6926298 8319012 4499497 4447675 2755521
1309467 6133870 2217129 1391094 5451964 406526
2366703 5194572 3741130 6115027 5798672 3754031
73893 4654276 8723172 5389679 9421517 6448851
1435340 507729 5913817 2440475 9948054 235675
8261115 3819113 8167765 5938743 6923786 3496421
192122 5974720 3212941 6439663 7417252 27047
9398817 8286122 2480586 387070 7127360 4837122
5263458 4870237 8611674 3840796 2765430 8306119
6475185 7143618 7504780 1870161 3064156 3939946
6841703 8868992 6185816 1981453 3129978 1632850
2238761 6427960 8270785 244708 5922905 9823951
541089 3634229 7237024 8696125 5990862 1135395
3968265 1048270 3380368 1076695 7177016 5077816
1624001 4420318 1053683 9861645 9463557 9780168
5991640 8321961 2910564 9272995 9597960 8548259
3841230 7417363 5156143 847735 8148308 699400
6566336 5018750 8947332 8787722 3299706 9131200
1069095 7779059 1152756 6369384 7901895 2015886
559577 5765007 1691976 1107999 357451 8709659
579167 2377115 6964402 8490617 4253067 7600943
6913387 1268094 4036269 8688764 4854894 8573498
5979252 3120529 2899961 2680967 4510358 2158266
6130484 2836278 1120611 1922482 8792549 1684498
8627412 9622256 420065 894677 8713417 3832952
6856283 2733231 7059911 6446483 268567 5771193
3734998 8075718 765682 1346388 1874335 2031612
5094931 2380331 2924164 2579257 390132 4781366
9115924 7878610 1254649 9533709 4977514 7521172
7589048 8656685 3584565 5279904 9863205 4630811
7180877 6018709 2554677 203316 1832480 2121662
1513586 9532769 2851962 7128768 8945969 6434639
1392583 4784096 961943 9088999 6827550 6412218
8760333 6048154 9232124 5638699 1778752 834807
2578303 7322573 7755717 9538739 8857435 1611882
2186627 8455094 8212513 6134870 4165511 5855625
9476934 4891614 547851 802501 1065670 857362
1929403 1987156 8932641 4820009 8141126 193418
6559229 8500048 1829134 7172347 6519570 3815050
5398687 1542177 4239957 1719870 7625013 4509906
4365945 1974847 675334 1240079 4942141 490874
8222126 5257713 618584 5106317 9612065 1935936
5864366 7957831 4982484 8374761 3709295 9791596
1902166 7758294 9181447 7562298 2979509 357386
9782747 5014279 1935523 4397462 736183 2623333
1615668 7757064 7266601 6037945 6436556 9090822
182028 689323 7045014 8441766 6597882 2883412
9574833 1452912 8887982 9893198 1307980 8561739
8832566 7023926 7832881 4448360 9817703 9866718
5328458 6803646 8995338 317947 1457332 9927861
8555350 3824664 4521530 7995251 3490648 1855000
4669334 9826421 1521274 5891662 8192732 3019971
2746581 3460399 1160412 6298035 7987465 1526597
1469404 9889548 3706298 3373784 5564896 3712256
4790451 7167308 7939360 7399882 709486 9632909
95484 9864081 9231991 7117153 9886416 2773218
8361882 1579582 7962263 7032981 5223863 1481559
7040464 2940903 8831193 4812909 1701778 6357304
8706306 9030423 8816181 7468740 8848543 1567783
6221562 5181565 8259768 809273 3204799 6323340
3915640 7269452 9116934 1888365 5796178 8328651
3787980 5629428 3573983 8387194 7936152 6407882
3564334 4436422 4665685 2224739 6333320 2623992
4881063 9977541 5465529 1582055 8693576 1679063
816728 2626743 1015538 7664207 895590 4704850
4513450 7552609 8374783 1638922 3117341 7954411
2364624 5152099 7144725 502542 1024929 6072349
2783320 319112 1094270 2408298 3904406 4412121
6902098 3996823 8848245 5635775 5928209 3227257
857810 2333584 8575876 7437871 1071636 3169434
7313112 6123772 4733838 8869133 3873744 383543
8033099 1925411 1319080 6711273 9860115 1181221
5479266 4378521 8952612 9393179 8798735 8374463
584792 8408430 8722336 6603417 762108 6898767
5856605 8877674 1624399 5147525 781112 783756
9378535 4926753 4080462 3975290 3189429 4901156
1338511 3914187 6445368 710727 4375198 1978994
3093040 190825 4136708 7667023 156508 1549688
4274645 1464630 3534849 201412 6853078 2663206
4447098 709695 5361664 7835071 3012527 4996069
8759143 2885574 1144299 535323 7332737 4933361
7100758 1503976 1189092 4051455 8054668 4884547
1929095 9874065 4033231 6743342 3510376 571283
2762058 8189581 8721165 74711 872880 9316481
7248907 9177123 8073674 1417256 9528192 2479733
9539492 3503439 901660 1449298 1951583 1489624
834695 2557716 2858087 9203346 566264 8652532
360595 223189 3409962 8650302 8272317 6979013
8629974 7703756 7199319 4790380 5073012 4822946
6274904 8684432 2012694 1827817 3286416 8155614
6859687 5683502 1975783 8709358 4511963 4551228
3982887 479796 7922481 2543607 5908646 952660
7713195 3558712 7623317 68633 9714115 649690
5906519 8598604 904805 1094660 2787281 1824436
5280414 4749111 8430427 6078713 5174394 3267151
9476930 9006877 9271299 4702472 2343658 4882762
6676748 1651236 5711226 8858733 4667415 7792520
9056532 6086367 1795109 6246658 7077184 1514299
7199629 6206271 8970316 1363003 5921298 4687812
7250808 5765026 2896220 151347 3428944 9762851
6120801 7904173 5305402 4655329 3066677 6901768
1681360 3010723 1215053 2740555 3391884 8062879
4938464 7047785 3931189 3112285 2038128 6700914
29326 9033755 7671926 6916127 8879084 8968123
4296835 8113926 3085578 4583487 7451663 6578632
1986541 6525401 8222292 5948374 2737932 6763241
2487118 4401203 3019690 4893340 4565298 4066461
299246 4459074 2814386 907437 6424539 8873513
756622 4138523 3726898 6195306 122020 4395189
2090925 9204674 9025088 6337278 358493 4952750
3816190 7097872 5559059 4636421 754013 6866483
9840586 8990090 4309853 7167947 625167 7636925
3681223 5135986 4468456 3605465 6616881 4420010
6153736 3389398 1689387 4212065 3826864 3313140
2851733 5791234 6403380 3827103 3857448 3533258
7738153 6149839 4042709 8066939 1077150 7467425
8507402 5662824 3705060 5947903 1066850 7434448
4563659 3588675 3513356 6089972 2514083 4986034
9926732 8485460 2587792 4605077 183542 6969095
3263363 9604124 3271008 2245919 1784687 4962779
463102 6013483 5132641 776595 9429794 4475327
3594216 5614283 4058835 7001031 5098062 954056
714950 205833 2322548 4254938 9648405 238189
9799783 6761760 3277150 1417345 3900370 5371988
945465 3133075 5966297 7073613 4803576 1473026
4196417 6261482 3878136 8742280 5484801 5053366
2301807 3787064 4158880 9038028 2495756 6899799
927199 2925700 3387397 1633736 3890127 9977708
4646547 9008425 9955718 3032818 2446135 5022926
1685629 9045756 2113112 9760652 9831130 6296718
8509030 6520602 810707 2585809 2804614 8836579
7075919 1972670 4721032 7269181 1953130 5861341
6079308 761754 4266004 6377351 490146 974670
1984591 9311729 9242948 5988588 2427066 5795150
1517307 1163598 3815347 8855209 7056651 6439044
2940253 2541154 3955933 7862162 528998 5975154
6089091 8341390 121086 4550817 4557816 1917456
5256676 7377365 7055294 4094376 6953509 1684381
756922 5308277 8555609 1138442 7776061 519401
7053770 2520442 4093535 5015556 1068501 1641015
5021232 8220709 4916019 8281987 4328927 9411975
1905407 8217146 232756 8290849 288259 2148756
853583 7433773 4753912 7325491 731911 5049700
8739856 7422930 4210088 2130966 8098287 1748373
7883434 1801811 4765093 3436532 808391 8008556
1881618 1073535 7272888 8480071 9529584 6337106
7001437 6974689 3048437 7643319 2188968 8736363
1451624 2466073 5020018 6406853 284858 342287
5765488 9728278 1788530 9043834 6275700 3645570
7430926 2890266 122422 3167645 398553 2527116
4646882 8468874 7408754 2224200 6409230 9214723
4875868 2373512 7904188 8416806 324054 3757222
2001263 1096537 5233962 5473725 679341 5632213
6728355 1476581 1516952 4422805 7671044 1080113
6220025 2837784 4797835 3627317 1049144 6639318
6214683 3833791 6576135 521321 2996436 3720093
1327608 9227424 6056842 5805294 1530984 7911346
2438098 7348681 9404224 8031308 7042571 5179162
8411608 1957200 2210924 4490208 6439290 8921971
1010164 224076 797830 6328641 6004175 3571446
4416888 1248550 1324367 1264870 2202122 6490262
7181086 1479942 8100100 1513868 4146117 1451917
9575371 923060 9945596 3605605 1984707 322362
1675888 8188716 5795212 9618672 5215709 9091944
4428393 1724474 7394500 7654164 9511156 2772360
2922263 4998966 3223249 2485396 1388405 282434
6586979 1173228 5146559 2913961 850221 5562629
7079062 6897740 7811083 759007 4914837 5516230
8976374 7404558 8239369 475467 4652752 7815458
7776234 4798216 6032841 2232422 6836476 477647
9095761 9526922 1968785 5327739 8591604 9147150
8228668 7089975 9534654 9663162 7018626 811478
5175803 8761927 7338494 232582 2539609 8317968
1280861 3669386 6809637 1878270 8677789 2106598
4532991 2446796 346213 5407790 4709161 6590189
4249592 4354556 4336752 4668911 3818199 1323299
3593844 1751322 8306135 8663932 2530339 7824862
5981575 9313212 385932 7427890 5299663 5890825
476963 7543651 2258606 7714872 951561 3167089
3668010 7217491 849132 9862186 794748 6144808
8800936 2820877 2380813 2944465 5413569 2664070
6474725 506892 4943727 6015194 6638738 788287
11832 2616928 1139047 8984774 5896695 9364577
1720665 7105100 7147132 4455387 4930826 7165510
4331582 6534719 3402994 1169662 1000901 6600708
474167 3731657 956574 2161327 9862996 9709461
5444049 3037109 3899642 7721862 953164 4792771
947098 4461768 904912 1470319 7703040 8334633
2028042 4683235 1320795 1484554 8141521 3689647
8997675 4345548 7890050 5215302 8612882 8878849
9261075 5305062 9505990 8343018 5541027 2907081
9831712 7850504 2753932 1429585 3540725 2859585
5464934 3998803 6151935 2354360 3508289 469058
6260597 2861263 8831679 5068361 9141620 6317665
5279912 8989612 5590136 7266926 3163652 5517447
1819411 228746 4424227 5020792 8460786 5648102
5286781 2604079 8920741 7997831 1638606 9852535
5580701 598457 1142509 8461210 6019620 4142717
7537712 6643315 837259 7420992 8954705 5751619
47170 4192714 6163442 3188324 3063106 6551414
7316944 2564786 4686852 7236484 9610173 3311979
8435358 444142 5538017 503833 7067579 904209
1548316 8262765 1222656 8979144 9487659 8543163
5175156 6818702 2969992 1447419 9729214 6520337
4680188 4398419 1274041 8672607 4973622 4268072
9484659 2098456 9540973 2369327 680887 9073820
5165682 8344216 988283 7830530 25852 5575478
8604699 7033878 9575735 9933049 5872676 691939
4528963 1068026 4705054 7620279 8013168 6244404
3581421 5869525 2835572 8166515 2556296 5211754
2037938 9762750 5470519 1269945 1019174 4969123
1363236 9178989 7581878 2148835 3813461 1143443
7554879 7344625 6792849 7394514 2842719 2695335
6944601 4747138 8525742 582101 4143644 3905596
9563017 1864380 4085287 3296569 8787905 4811361
6238248 6999167 5787919 5776528 5792592 263102
104958 7334754 6014704 4606612 8569813 6693686
3110061 2380127 7254565 3561610 65399 668542
9451554 6186907 3026806 140236 1221914 7809158
6686011 1455836 5619105 1564923 1706927 9154793
883835 8066667 391083 2770516 5910587 6814294
5355524 1778351 1552033 6529747 7289556 5507964
6680631 2337989 6177325 1832056 7472039 1763517
6651031 6001406 1798981 3416745 3845014 2600998
1784555 6098011 5777253 7978761 9090516 4336755
4643997 8540034 5627827 6859910 3722777 503146
6302603 339545 6469539 440270 8206086 8287047
9116509 2921806 8897350 7518841 3459605 8883924
1631832 4853955 3983796 3855587 4913892 5705521
7355812 7467089 4221652 7790085 985960 9812576
1037041 7376762 2687834 7215277 1885750 8749521
9880137 9820720 8615212 5674178 5529453 7132494
5293978 6210760 7795319 3511933 4300236 923208
3703647 4265714 2638405 6893328 6346928 4236560
352959 788409 3626142 9922305 9504098 6255687
6281494 8512517 9353584 6656962 9403229 829323
5599213 1901231 1036056 147829 7638704 3638885
268712 5957654 9324502 6851301 8561608 8703132
7910201 3843879 3166853 3298443 4086438 6720246
7174170 4143712 1029834 8451273 6862318 1097340
5123379 9957831 316621 2359525 9392684 7016935
7778909 8637015 6807530 6965995 7912720 2399004
9887152 3555817 6627010 8999520 6624615 389274
4912058 3501657 2226800 4923009 2012104 5660218
3088833 2983050 4426078 2633338 9482792 5259516
9799489 7147939 5038912 9938715 5024450 7680872
3322263 7909187 6564969 2307566 9072392 9924593
1895601 944205 5931159 767848 3411291 530620
93236 8174650 7519097 640560 3539215 3360661
8870539 200369 7945726 4656403 9270691 6409634
2590856 5145571 9154223 1548013 7166506 764780
7360092 9948436 8531367 8946137 5677256 8715428
3824304 2604491 4429265 2302207 3027407 1067898
9729059 2320984 9571758 3895458 2540102 1308141
7740419 9158929 3608724 1678251 1068175 4824080
9735145 8665860 8638495 155334 9716709 3926820
770369 347588 3777699 5166378 3407756 3462855
1999252 1147098 2497394 8803668 6816255 934723
8931396 6568332 7172961 6877828 4927343 6949707
6837876 8695398 2605468 7846081 3807593 8007577
7156056 5681840 8880261 3707287 9210991 7011395
76933 3668970 2887781 502444 1531837 2679819
7290199 4562680 8913227 6108902 1896205 1393003
8810747 8936750 2342673 2674000 2746855 4499843
7651118 2857317 3738517 1688787 3317458 1021311
1321352 2924287 6539994 5770121 8010322 7725916
4582594 8291965 1936107 5485998 8726735 3147285
8046941 8428952 5036494 4493142 9587628 364662
8036480 728973 6799192 1212465 9035334 4870842
5664903 4482055 2934985 4380417 6056168 6353674
3272878 8388145 351511 1866470 9181092 8607550
6139824 1520077 6552358 1187311 1526308 3604239
9456896 3324748 210015 9195388 4627058 4317903
9463349 3157976 3269689 3373854 3652307 2588484
4222118 108887 3888953 1669151 105218 3528266
4790931 202176 2235797 5582432 2213119 338590
2795773 6180471 9247859 6428944 8353317 8067550
3812304 6849169 9202664 3194953 1755568 5710585
4660827 6469514 9854997 8617082 4917068 2898191
3083984 9899024 4735838 7763027 7644351 9072204
4718596 4470673 1414859 3024092 6396380 1324132
1368442 3874463 1111629 9871425 6399615 8446586
5070043 3034405 4804659 5202138 9561549 6803138
3385820 1027165 8353318 8178367 7008323 3635703
3673268 6173848 5285107 9337605 2498448 2314095
5602751 5032746 8536119 175654 1710347 3882643
6652690 788212 452789 7878532 1826510 7881104
4598956 4789402 69899 1408410 3547038 1882663
8093532 7881845 337474 7932700 4377206 6617186
718886 6540229 7462349 7779156 9350823 222531
6039025 2030836 1376015 8797533 4268673 1366869
9910467 4894388 1324057 922015 8549448 8773337
6350348 5507288 9200654 472213 3579411 2218921
3565804 2264858 2626810 3402443 1244073 4616602
1976621 7670051 655539 1918933 9456768 5170118
6420294 8873534 1437389 230258 1839506 9795674
6505089 5801422 520728 8703029 1497943 8652650
558605 7171516 9332397 1564136 1582351 8869918
7416532 246672 2960818 5243427 4213351 7085964
7595721 2636581 786762 6759413 6820912 6598621
711330 7991533 5437619 6153939 4501721 9675913
7335948 6120090 3667781 9404979 3967124 7777988
1698192 4862774 766914 3974159 2843838 4072557
5284204 412484 6087700 1785620 4502401 9210096
2209299 1176866 4660182 4351424 2634537 9202925
9008911 9745675 8980510 3922107 7991699 3506409
3215030 4404665 2669795 9656484 4228188 5462260
5202137 8011552 6279547 5182829 3545235 9350577
6319049 3621561 9792743 6714205 1475209 6408428
510920 8925709 3489132 6227523 3944639 3324854
5015730 2984523 3485553 4464855 396068 4221449
8797478 7776085 6871075 7260504 759128 8439172
1402761 5627720 6184295 625440 6583483 6490849
2930548 7026470 7631631 5309605 8032374 9012975
9410182 2294706 8270466 2572081 3411186 9065989
17277 6987507 460026 9344940 4640753 1243665
1976706 737282 7615484 2058098 6385351 5769150
2479502 9058544 2862432 1353571 5311443 5847488
224132 9885480 2342226 6998282 3296975 6918169
5693223 9706125 4952148 4472578 5054672 8101361
5950982 6225396 4364898 7805085 7243227 3771621
7979146 2057821 986966 4940630 8648733 5846201
8875365 872449 641118 1862481 2830103 8973830
6150542 8056611 6983262 2422977 2347948 3525706
6723763 3018995 3690531 3541856 3651717 4934627
6291516 7504128 5682609 9514122 6107115 159954
1404252 4674416 1815317 9090811 3374424 3253622
4860521 5283502 1236746 6496025 8122917 2424525
6277051 3830741 6876022 5978318 8322035 6998061
1118098 3528005 3877447 839191 1081322 4224232
81089 4437289 8406103 6052338 8649113 1144605
163591 9361242 4765334 481163 458229 8155686
7158512 7059730 4682186 3729640 7562455 7064446
2288960 227737 4896077 1266006 7264804 9820975
8058605 313198 9182092 8684548 8396023 2579110
6282506 565060 3593094 7591085 9009722 8937135
4847518 8808182 6634388 92140 6332433 8761674
7659191 5795887 3372512 8720335 8819805 1262304
2315874 7388457 5965549 6813001 8550230 853584
9328154 8815083 7172485 8585128 7993733 8335915
1962512 1479043 965218 2186223 4198656 9893168
4562592 9567427 8050008 5745051 8882122 8754272
430057 2196819 3895304 6134402 3606814 1468917
6448463 9338270 1493392 7919787 6368673 1007566
6613560 9469505 2014830 2739509 8262931 194638
1764650 6262389 814449 8298472 8129627 4853389
7796456 5472967 1597230 3479343 4157742 9252378
3212296 6570823 8506335 7211276 6382943 6353410
6958280 3193751 5208268 5703567 2136665 8655462
6842522 4042724 5110370 9957652 5572663 4729151
7878338 1823083 1304496 7855369 3980401 2619732
7939822 2131585 4067191 9041914 8337946 8133846
9871686 2969119 5180527 2241014 4707491 9797850
2501230 9402283 3086561 5661419 5781229 5069179
4986369 6061082 4125724 2158987 1455949 4086903
9743019 7838803 9900304 6868078 5601005 2334659
7947882 5356926 2590421 5886602 9271453 4251358
2286219 7916365 4855805 7074422 5831880 9167546
3474934 4601508 9335233 5312520 7456422 6170379
1642590 2216919 6041854 6235317 2868999 7919319
8494007 5780835 675635 9980288 9298895 499143
8233541 3003608 7368113 2845868 4293132 9350565
7207428 6614628 130829 8835203 3375199 7864863
213373 7911947 229201 4958178 8684052 6854441
4751669 4430499 382381 3729925 5225488 3384086
6292805 1712565 2487926 4671102 7392594 3490618
3575722 2305930 8617470 4356662 8840880 2828272
1799432 629066 308376 9984667 8105091 841793
6039549 2807387 8841719 8176990 6021943 4957052
7690117 3535829 7096783 3821194 5228618 4868396
116761 4503616 7778119 3984027 6553062 2580566
6862639 2536326 9222033 6640211 5259480 1069269
9247393 5856711 9071066 7400929 3158745 8054986
6546064 4767002 6325407 9540587 7690375 2418101
4542367 8115814 5690621 7530873 6980985 3856765
6393835 9754528 7077311 3749073 4239900 4337264
5050152 7815405 4076003 7727809 3122027 5568765
1619760 9399338 7547906 7772449 8929597 165232
5885985 289187 377083 9041796 7275129 461616
8542988 576174 6813240 5360018 9441660 8437248
6889944 9331765 5555341 5365267 246376 5504951
3991957 5498319 1616810 4733802 2350776 5343340
3978982 8818254 1644975 756642 7920826 8291037
4870194 6769917 9186216 5525389 1644888 6691797
3479682 7352038 2479398 6615695 5206084 3663725
7524023 9690134 8373745 5638755 837865 3790261
13424 6254492 9152962 2042955 3780491 3431277
8548421 1152183 7938411 5033742 5062814 8456874
8816640 7786346 2655348 8522203 489823 2671742
9251031 1364555 7686877 8863543 1885585 2894337
3025552 7376262 292234 7953085 7209779 2660642
6969595 8340227 7980389 7854713 743218 1666333
9138074 2827239 2989425 5754938 6976968 492705
8753385 8445939 2289224 4022523 7799054 7419738
1008377 9001819 9200311 5702002 6387723 9473309
6103383 1149880 4368906 6258624 9017402 6404229
3139043 595336 3942403 5277769 8064147 6722586
476485 961927 7043128 989014 9384129 7662584
9682317 3496092 4387586 7194172 110157 3439646
605113 9003028 9577207 2872496 6944707 8207959
3460331 1267592 1952504 8507079 1751329 9593338
7297426 2879450 3809836 6585195 2615895 6381632
6550301 3475616 381791 5566637 3546038 6837127
376610 19363 9617690 1537727 6019685 2891631
5085723 8909211 1039722 929260 5653510 14373
6827022 266546 3650628 5734444 1817438 6796554
4770082 1969405 9210597 7449789 3691587 6504678
3852747 3097121 880196 8005954 643871 6634541
3057855 5038475 5456990 2740079 2495886 6925344
8590269 1922603 5247907 9060872 3421356 2842118
8553615 6368166 7225939 3795463 9758173 2349349
2731003 815857 1658178 3585236 796555 1576633
7626530 2926820 6327776 3113011 7684979 2922563
2011434 7079768 8265339 4405180 7871404 615034
4557383 4086942 7770659 6725284 7144174 9894834
1548647 5709209 8548048 6368478 8896173 7323420
9278738 57283 3338948 8530846 5274950 9828014
4976362 9472618 4241920 3880357 5113549 9569066
597567 5477257 4237624 2325343 7049438 6341587
4576779 4148434 8496761 6610905 9238079 5671230
4578690 6005719 3671682 1763344 2036588 5087346
3028584 1258051 4030646 9004356 3834272 7627696
9583615 3480587 1804818 8437325 9428818 8398786
6373114 677026 8973393 8201593 6127716 1666917
5657210 9223303 8659771 2206460 1791699 4747739
8826658 2667833 819203 7667717 3952156 9269231
6156331 3213018 7436029 9154574 851772 3855497
5538420 1593211 1642984 6609927 2741728 3568850
4536769 6139453 4719616 97975 237790 8561053
6697837 6377096 9878002 2004765 6106134 2813285
6427574 822123 9466352 9282907 177697 1166439
6808492 1915897 9528430 2535587 2280993 6215799
962756 7218539 9825253 5117896 2663173 4534505
23932 9047282 6481575 5090920 7669691 5652245
28122 8728683 2430042 2258150 969880 7575059
9391228 4151566 7106884 4622744 2726999 29648
4389144 6255512 1415514 476545 9801435 825830
4040419 2001182 3858459 8503816 9135219 3019250
8735800 1579941 3713923 5343497 1980832 7058851
6331710 1336654 3152432 3814106 9254784 1449014
8736396 4550342 946017 1953370 3144358 8129426
9108915 6340012 4491540 9795604 728751 6407660
3118991 9547387 9245846 5655744 1050500 5668508
1793785 1524305 9593464 9410791 3522350 9389939
3861136 4047731 2170733 48032 8291034 1390345
6877216 575038 7000727 9966499 1740148 5251093
9879813 2087048 8856824 5729033 9394901 2795206
8527710 8940195 851190 7306263 2224506 2433445
7813004 675965 286153 7483924 2020320 7730479
1855550 9325604 1027992 1556077 8092234 9096627
5958693 9060882 8048977 3101195 2918388 153712
9406932 3152491 7807238 3994753 5775930 8963452
6811684 6064752 2129404 6798257 883081 4582154
8538749 6554872 1823225 9737288 2235027 7615068
1104192 9393292 8554717 9270248 8110949 2414543
4223100 8323735 3994814 9760197 9770340 334018
4746228 5426515 6021806 697477 7899331 9072014
4626207 3818251 4900035 1322701 672239 5955568
5601075 5057293 8442523 6445837 3017328 1537361
7273401 6221404 6825855 433909 1997002 3525096
1598995 136683 5041542 5392694 9771652 7452194
4968638 7051487 6294412 1795385 2052028 5456566
8560347 7841271 8655541 2751210 5111081 8416776
2715033 9781490 8721052 2599149 3669173 3053656
3972020 7777263 5306407 2457452 2486795 3548935
3508163 4312319 3429512 2496710 9098482 7762647
4030472 9233512 4046598 7447840 6354062 3620752
9661155 3805689 3005264 2985957 7885489 5176056
2881820 4522191 1110323 8409078 7718876 2215512
4804043 8999845 6467510 1987885 1420673 1994389
2145787 2511186 4564691 2745477 8287222 7739709
2027053 6063637 8742789 892893 8720737 5877568
4370177 5267192 3427428 5100300 2937994 9863484
48391 986063 9891774 130350 9575631 7964603
2438611 5099084 6593442 1214000 7692667 98636
1295137 2042586 7812838 2052209 5302053 3842876
9056060 6915677 5518466 5265555 958903 1821852
6433266 1988926 5801453 5232755 4038900 2451684
8788083 9703743 6061851 6604026 1939494 434610
2102615 2015436 2935554 6600088 306866 3188138
1146266 813053 8370969 8644153 9597756 6678150
8064729 2317968 9965139 9584551 6044239 6022316
4345017 4782835 27160 8069921 3697084 7586704
2163150 7205856 1060183 4141758 2425916 7988924
4036784 4691111 103092 7378228 9949594 3286616
907322 2455972 6608811 2330328 4119289 145850
3450882 7789113 2391170 9123302 7168025 1720932
2486544 9203532 3659503 39535 2259008 7156658
407449 4032693 8318352 5348849 4436937 3101009
2127954 7004508 8387136 382045 4607368 4906644
6575058 686500 2368374 6678522 8677228 3588267
9413504 2014689 663546 9881309 4619038 5907970
5195533 3039847 37830 9339250 1655213 3222383
4329420 3997249 2432102 2946433 6970778 5916900
4968264 5558472 8019034 3507801 202373 7114780
1758713 3068837 3181745 7484525 2548244 6481525
9352558 5808021 526304 71236 626030 244319
6493112 526140 9413654 2410382 153315 1397090
3063179 2788704 5349294 5164753 6052624 610118
2474542 3628624 3715721 6451473 1710258 3118755
5569232 5905702 1812316 3548765 8122596 1550200
2726224 7711008 491602 3556305 9986692 5847192
2696079 4258184 3371219 2187783 6453321 6444638
6503246 2557882 5405156 6621944 444622 7413669
1765486 6593960 7016213 2571627 5009983 8919620
2765803 2901085 4097763 7407548 4502003 4720327
8432003 2944346 2403543 7863453 9684157 2442307
905487 9506874 2802011 9502102 2468674 1794440
7238898 286758 7175302 7271082 9948226 9152376
7713599 8947288 5461080 4398646 1783279 1528636
4533987 154597 2701024 1571982 790501 7085607
1749428 5288530 9756180 8650891 3755780 3508975
4041095 8639792 2873725 2962849 5716457 937748
4611657 2263384 4125286 5221772 5332728 4723224
1744317 5494720 2952858 4945386 9693949 5554715
9259246 4033356 1161067 874907 3329465 9529559
9741283 9333504 8716372 5716404 7752673 7180143
2038259 8588006 6530978 3666327 3229987 1308434
6278651 4750749 3230830 4523332 9786989 9519895
7403350 9312215 4821869 7977799 9827664 5295781
4132749 6804042 5594581 4201464 9391645 9722423
2347908 3166187 5310326 3344165 3221566 6382952
2221375 8895253 4510710 6945142 3183513 6744721
8192246 8077990 2264732 1644423 8666735 4943199
2323884 4735914 4246367 1641171 3471557 4017250
4707689 1763483 9505840 3420590 1583655 948631
1585561 7836794 9196361 6808555 1318418 63800
5998108 2934485 1529183 6847878 2301956 891735
5009184 458207 6128701 8077148 9785553 1749673
3031048 2488325 8137306 651381 1877579 4655730
5476056 706736 9694629 1293075 8636476 1458082
6877112 8800784 7311598 3562079 5359581 5346718
7548359 1383691 6759572 2200932 5646315 5732250
3414016 5476006 2433957 3354632 6631987 3013350
7888548 6630541 1977929 7756166 389541 9095329
2811324 934180 5959214 4540630 1332498 611682
369170 4705032 4298009 71100 9970765 3501172
3580136 1447105 5098626 781983 528788 8401862
4990101 830116 6842010 2405056 7237365 6401573
2221773 2121424 4074749 6681279 3404526 2005934
9480152 9120946 8411242 8216269 750754 4425400
9387503 3007728 51192 6147890 1831761 941282
1434241 3342915 5505240 8932785 9774495 5184881
7914724 7106565 6101753 3576067 2766064 9559425
2253319 406268 3696814 9557641 2318857 9211074
6536932 3687890 1300505 2292074 590947 849819
5089929 5363867 696350 673225 1394480 7521059
8350670 8842211 8998355 5900727 970814 3894450
896332 3288988 2346928 8889867 8766555 6297961
5904181 5904085 6354881 8851817 5962949 344486
728586 9829862 688871 840117 9610957 8143871
9640776 9142167 2751967 4655421 3842855 4410627
4488531 7241499 5712085 8580693 5225397 3923853
561070 6352591 9435453 9802364 8661309 9029869
6864145 7647064 4921335 5002544 6387892 4686862
4494938 6238111 9400917 351864 9944638 1564618
6832188 7510552 9231254 854483 6259951 1828647
1142483 6240911 9446132 7936300 4401336 1525056
585876 7323488 678688 2431028 8290747 9610358
909032 926222 1168552 1659002 3975971 1963892
3222535 4638232 2754274 8065104 160483 7604743
5009710 4136667 7296860 4147467 1748504 7714844
4692598 9706586 92639 7606806 8659881 2420397
9583736 8927845 3245728 3396278 4416667 9064404
4008174 2063909 7947364 9790558 9442831 9018416
396065 5173186 3534581 7267361 7631948 1621719
9074373 3077378 6080427 1841388 2926590 264669
4228196 6438409 5574983 2963843 7738429 8584161
9517719 3302226 2266341 8748154 2075265 5048126
8718163 9826256 221564 3689870 4056930 8096573
9657379 5219151 4693835 8278444 3751401 6575318
4180262 7425237 2074637 8470919 8532432 5582502
6339970 7742347 6001254 2981059 9168082 7978258
3489420 1044330 4325479 9363202 272839 6140605
6752074 1647910 3097920 8486455 8549197 7805691
1400155 5384503 9020448 7983854 2184009 7707439
5570834 5949751 2687007 8999665 8783581 313192
6509523 1046799 4769793 6683838 2408184 4332917
9046871 5737104 658173 2243306 200449 3012599
3771094 294176 4946311 8553229 1526369 2103491
3477397 5693807 8876039 4268946 7070764 3147929
6562054 8356115 5558338 8293815 7410225 3218330
5291250 4489755 2260749 4012287 2853679 9226040
1370811 68236 9239725 8765003 9439583 2812093
7147517 9156849 5184054 6007848 4212760 1889832
2761127 7017604 4423382 583515 5522267 3089773
1437153 2240577 3976034 1621864 121784 4052069
8774579 753055 8326879 7439842 6952055 5710693
751849 9758806 7440497 5720271 7182417 1458133
2863766 4712394 6254224 6063945 7121428 7913915
7963875 554205 4143355 3668506 5532688 392620
8794948 4707734 8967487 9170976 2575133 613101
5250006 9748947 9946451 5187656 9990423 8686527
4485214 9707674 2204793 9473360 5255998 4453953
4449334 7040856 9835186 2965249 7719749 809873
6835549 5373207 5119148 6062118 3657989 9567578
9908713 5106072 5220367 7934258 8644894 2244320
6743205 1580873 7183673 6827396 470264 7433470
1511681 7676110 4721970 7567696 1578731 7413753
5709121 8490514 5298206 9689402 9219172 8491832
557434 5829699 6987985 8157614 2335427 7201925
5493953 9187887 6090958 378872 5278942 4884350
3466159 6550955 1062780 9960473 2730155 3675125
7270279 7621938 6570591 2401715 1453567 43638
6087902 9267852 3794476 7705394 352996 5167474
4269372 219310 5886900 6728535 7376824 2815195
5256334 8585591 9245446 9981747 1333442 1282377
1342512 1132808 2397167 9837619 4101536 5027776
6350973 5748648 5760359 1623081 2419122 1597233
1921240 8155718 4376131 6944347 2069711 3067574
3407449 7788558 8834890 923483 6109500 5059631
8997450 6737624 9174131 8247585 4704138 4144564
4429679 7288532 6288495 5288213 1059203 320758
7646470 6250283 5166315 8766700 1354421 4604348
9407114 2646290 7800188 4289666 4807294 9221105
8439063 8311987 6515879 6177871 6574298 3544884
2447487 419028 5023307 7337536 840169 7363912
5853645 8103388 1044510 1615795 7193402 5130590
5308738 6633026 7096514 4055372 9297876 5819428
7901259 4640749 6434137 4230542 1516368 3463209
7259443 4707783 1930329 9953025 9808521 6392150
7628684 8251807 714233 2743611 2840726 640175
5297450 308934 5410113 7802403 2913055 3251032
3559837 7791319 5452888 2669597 8980928 8174267
2124591 4383691 9014111 696450 8276612 1933549
7110747 8216944 8902659 1560097 78093 6132386
5433582 5900619 8294867 4652360 3987110 8941594
4416356 2565126 3792300 6456339 8757921 8988942
409314 98855 1727694 3183104 670705 3725049
8010321 4589845 5726854 3756061 7828434 5424829
7378038 6932233 9975195 8780684 5632864 4623782
1737515 3737352 230841 9277727 2368820 7012435
4956165 8907476 3804208 6511294 8253240 6415801
4381967 5668251 5625769 25169 287136 8177756
205854 3927642 7546239 5177610 3549776 5488247
405531 1677520 8072185 2870037 7274321 7054877
8966398 5635672 6932262 9168518 4718824 5020568
8758101 1131587 7730034 4715259 8226938 1763228
9920840 1499026 6336604 9311053 9374094 2160182
9799060 7352869 6645097 1797439 8574829 1705221
7077542 6559905 187576 4742593 8872195 691300
8940249 2086128 1633154 6749331 7544896 2617568
9483538 5213449 949426 605200 1267068 9155548
447721 5490595 5700704 5783011 5256769 2050750
9151642 1094478 2303426 5912003 3070976 9921452
409779 7168958 7060842 5227041 2090975 8158919
4832992 4015507 2259391 7038734 5775009 6140809
130073 3171508 3954130 3719036 9827514 4160644
1210755 9193859 6085801 7489548 1349718 3084234
6004517 1294530 1303135 8136826 5590950 7777717
8387874 3028246 9015151 1711702 6339552 375937
5556726 4256497 3122473 2790507 5772208 7251560
6896157 3408986 9715586 9559894 5652937 2085260
8096619 5432606 1266964 8142781 4701247 3877117
3835651 2920230 5819240 3976608 9222523 796444
6855783 6696166 8424556 4481674 8650860 2746763
7125658 8418371 6831956 3578193 8162309 5571016
1038171 8420248 3421651 8834240 593391 7940731
3368647 6444622 5641593 9217874 40206 158344
6510752 245092 8326999 5138034 7876050 3419321
4556696 1580118 5033973 2326028 5934724 9076042
8827004 2414482 4758125 6968822 2434236 7234565
5253303 4518426 7270296 5695948 7104610 6280998
455466 5001410 2326839 7878508 607960 2777901
5154851 7637908 6655959 8266212 7970921 8405768
4419764 1987623 542320 3412635 9021496 6582191
537042 8712142 2485524 4345609 7236 8178908
3182605 6399825 4010386 8407027 3964571 5521780
2888047 814804 3140482 2046000 4682568 2874640
1092481 6678187 972157 2256072 7171177 8296815
2420082 560792 4443561 6352357 2549058 446612
6692245 1840668 5496930 688105 5158905 8392467
3795474 6109856 4994174 4147930 4695903 4208135
8767514 6747824 3673337 1134179 5378164 7156117
5265285 2373764 7305054 7667680 2320154 2343308
5610033 8280969 1540965 4188708 1925526 9446444
3735347 6830247 3850766 3563773 1714782 2123903
24849 2199941 5655898 4748014 8250525 8572711
7880465 6944550 1982284 6764022 3488557 423352
4623478 1285902 5182627 7287443 1087071 175294
3141558 9024564 9520514 3153621 5078071 6877935
6851502 9606766 4184330 5547730 412583 7865655
357368 5203741 5033042 1549434 1109329 3178222
1500218 517271 4123238 8732343 9787214 5375603
361023 8846011 4792412 1117612 9565230 639623
4263816 6447903 5743175 3675472 422215 2690217
2603389 6871228 7121870 8777963 7896511 8643759
4388381 2332735 6531967 4116629 6406654 8284815
5390310 3074044 176573 2004404 5787225 569800
6052055 4409214 9237350 4144910 2792597 6232060
2085523 5733890 41535 3544706 1283913 3964679
2122479 6681895 4781526 2342824 8946044 4238101
6056352 2722255 2620760 5479479 4343962 7454479
8843635 6244394 2439356 6507596 5727301 6491186
463050 2259412 660678 5173375 7623416 6013000
3452866 8458478 4078630 889809 6692439 2162621
8602223 843675 1048821 2567288 1994149 9724759
3503289 3047485 4127999 5938471 5948051 3064969
7949039 572576 65252 1782871 5301275 6548203
3792704 5577926 6588 3550349 3081655 9024501
3304000 6949103 9058478 8768525 8889958 487566
159470 5166542 6029815 458138 6877255 3500286
6405657 6276347 4250244 2714597 3004306 2679816
2363187 4524579 6311360 7595709 7224336 7050840
5947747 1669995 3157202 7530427 7097105 1114513
2156033 5051874 7762019 2024320 9263288 5045046
666280 4734763 4157527 3640432 5779000 781509
7035154 7490900 3695320 6564965 5377213 9024928
2297958 1078106 2573619 7326771 1187162 8557076
2713140 5708291 9724767 2007637 2820777 7219962
7330363 2629043 8069437 4915302 8302105 1825381
5738267 4381336 7013058 9205197 2048316 8269543
8522288 8722754 8745578 5529851 560555 9733435
3355519 9382782 6292782 4132274 5232468 6018998
8540893 4829261 3864712 9204943 9311180 3554997
5320279 8658642 1913985 6937565 6310068 3149957
2712072 2119851 9188794 1869939 826698 995877
2011869 3092760 9029790 4304076 8804483 2464407
9811497 7183289 5147735 9991331 8652118 3437995
927180 3198088 7396574 2050438 6374409 3472844
7960669 6533323 5070156 3458061 3884918 3389673
6355557 1584723 2412686 5595620 2817779 8440703
544640 1485580 8556083 5296904 2120405 2139707
6989208 4236816 6024778 1400305 9393446 2127890
8407261 5328947 6524 8475989 6010385 3111979
5753382 661633 5745442 5715950 3909270 4293375
5925720 8553807 9207841 5640116 7948519 7219759
51720 4215877 4365509 6707031 9446691 7166537
4881912 5630275 1077683 5256867 5061230 2137592
7448066 6560364 7139877 2942265 5050800 8555971
3383148 7879567 5574338 9300706 9842238 2156145
2695261 4828689 7576310 4262708 9371184 3566597
2931865 1349091 6288297 8805018 1348584 5177569
7762381 1700229 5882255 2839987 3594077 380109
2034296 496515 5600403 3607849 8267884 7348905
7153497 2983454 3503007 651870 2256967 68951
1645421 751014 4373638 2209364 4011770 4618001
9590227 619203 6259090 7511085 2325001 3712138
5849295 8643047 5211779 1962308 5179884 3350571
2673715 543161 4285489 5194228 7266410 9345722
6555741 9087412 6560805 227404 7109210 6387729
63590 2279995 9092123 6219345 7159597 597569
803930 5553016 7688459 1264254 3249759 2974873
4121019 4523210 8171513 1888264 7758553 9624836
2137126 5191189 7803570 152435 7978154 1713806
5783461 6451193 3484604 5027916 5653622 4924357
8057195 9362822 3509993 9871361 7447495 45006
4620015 9629949 1483450 4614209 1158378 9626867
5662112 1409460 7293401 1310616 1073209 2743200
1174208 4667477 1328858 6935968 8090278 1918020
8584159 9911154 4301840 7378317 435884 708403
7112965 5776013 9899394 2764101 3207058 3886937
9464880 4249657 7075714 8126507 7268248 8128604
8141386 7522916 4032811 8176702 4490323 6568693
4420404 4472845 5377983 741403 3853707 986145
3595498 1121227 1272544 1591972 1287202 7536340
5743165 7241698 9194065 775046 7501243 5382364
9727473 2898010 8202402 3406464 1845735 6823551
5667485 3047701 7399228 3200254 8794582 567361
7885209 407456 5420831 7733146 2957912 5963038
5330420 6371561 1922306 8913248 9168602 2085831
2614392 7872908 2962455 9539374 2383341 26550
8934538 7366339 21672 8650446 8449228 1592312
8366291 1013939 2627110 8554432 5073918 806006
3586916 395243 2326644 705183 3706762 879745
2115509 8010019 4283785 3231026 5444626 1129681
3460058 814225 3729407 6116570 792072 3972826
3861095 6128111 664359 7372678 4265715 1428242
545688 9234762 1958228 3828518 9366854 1943973
3335928 6775987 1297643 1116299 5326332 8773359
9759186 1909209 4166145 2082710 7423864 4373321
5742764 5703512 1921713 8891990 5190388 7635003
7862905 2249721 221866 8654283 4693336 8945807
141646 6214238 6129527 898401 159494 4472000
8921516 8286991 8643164 2339812 9895097 8668638
9832038 2343759 5487893 4956048 6357383 8882863
9806680 1778385 8704246 6291037 1629913 8562203
9506529 1653697 4044374 4323225 5965612 7117133
1722106 4681645 2082651 2351835 974652 9112093
2643831 8860785 1749714 9694145 3161193 9136873
5730156 3402952 5808415 3253074 9059952 2846629
2147110 2906856 5892337 1339003 8847602 2914951
241561 3850609 4584325 7567324 1391872 8505796
427625 4598291 2321378 1526031 617705 5213452
6585987 7480202 1369106 6375799 2312217 7496598
7133148 112535 8617191 9567372 560880 8226961
2753788 6253454 2593745 1197744 2176114 3058756
1224796 383102 5834042 9167699 2110274 7124043
4527768 5076506 7468913 3243918 9266519 8562901
6815495 4204125 2785246 594962 6667087 1579749
1477522 5771310 594639 8395738 4205855 8735067
4297759 674188 3289728 6357363 4813536 5138417
5912050 9229881 2422177 9262621 301234 234602
9379409 7418287 5369928 4245063 1848031 7235710
27685 3889229 846015 54290 2751877 6356754
5441714 2158825 9586367 1013995 9720221 6404803
2464117 2829057 6177247 7098975 4869940 1436085
3834314 8170404 262969 2330495 7331867 36638
6140724 7552873 3902890 2550643 1215552 9248800
6209821 7232459 3923279 3358928 8368053 316625
7889052 4243469 7922311 6932973 915649 2654711
5552049 4898054 9509659 6017373 6798504 7472176
4057354 2280434 2548347 3933843 410748 3677626
6972740 7697189 6557362 809376 3913565 5199003
2453864 2891070 943272 337567 4804174 2487762
2481524 9105188 4461004 5860622 9209922 626470
3513773 6901340 7254755 7608258 6778446 2433812
526979 123351 754368 6430713 8493289 8935118
6700453 2275977 6821710 245653 6386187 670863
3759263 7079676 329903 2723308 4479109 8024578
1711438 5214482 93879 7021897 3535849 7693316
3011172 8196732 3070511 1921876 420069 3509408
6422870 9364482 918743 4123549 282396 3790214
4444635 6023150 4397781 2008154 3637113 2528196
5666051 2235870 2719000 3790141 2101359 2130246
296567 790465 2422230 9230176 5896819 1563963
2339933 3505082 6587501 3061052 3419541 296556
5864606 4778577 1855908 3312302 3822782 7021705
9752120 9635713 6797279 6539688 8278672 8455959
3626797 9703284 1577368 7565682 1355845 1299978
4974315 9221030 6095373 940264 1625308 9629604
1087177 7192694 3467662 9354779 1783616 6777314
7202713 1383583 2603608 4101224 6143548 8858536
672288 2353749 8413088 5697295 4038021 2465645
5332967 3756878 2511792 3966271 5603379 6193535
9986594 4774250 2149237 5287523 8086736 4198511
4201183 4924341 3153268 2226304 2225124 6630088
3554042 397340 7852097 19965 9336975 6895089
5852351 9525572 3559735 2718832 6893394 9002095
2886890 9277019 5183009 3629727 5607297 7868430
7117811 7120906 1589315 7274126 9368185 7009366
4628076 1915189 3296846 8405097 9900041 1219207
5705268 8445984 128625 1783000 2143252 3640680
4613547 5313002 4419903 5616703 8113920 6077806
2633800 7267762 7880855 3147141 2400633 8809716
9015501 571456 9317043 5284838 5108492 5104218
5040773 6279916 1029155 842731 5391888 7421786
3598242 7447253 9625531 2340528 7013563 8447410
8873470 1103889 7133767 1542328 9016179 294294
3448527 1501108 9006986 5511508 4640326 2100422
9128510 1480935 9514556 4487129 9389595 9328585
1902163 420430 3337491 5024406 6742227 5863336
2611525 3770816 9921114 6998116 2018460 666666
6452275 293271 254198 9433445 4273671 1296743
1675949 7473173 1555276 9022749 1836311 3607384
6097231 9529264 1639589 8928732 1714220 3910952
7907230 9111113 8057658 296946 438365 6593133
5109918 3849063 4361662 1270430 8930802 5245363
373180 6450410 9482647 8340319 9059232 4347055
1846224 9695065 7207264 8217812 2811180 1916422
7773308 2879414 8584118 9730106 8927175 7212962
4223746 3682793 2056595 6010161 9090886 2907347
2609007 6155329 9854905 3661064 4323526 424607
6935080 405519 8542370 6309913 8649568 5385901
4124736 7756911 470031 7292534 7082508 2019155
6703688 9689417 6299932 6141235 2523637 7558951
8009014 5379812 4921888 7148700 7046684 5248009
3188767 4363018 7359523 6575300 5731312 2903903
4492149 8185159 5371538 6782656 1282731 2405660
3374052 1463395 4229845 3198217 5605369 1170263
6742930 6931212 6600285 37440 9306473 9401469
6607414 6467772 3631691 2295954 5652050 8943714
5502718 9786380 3358835 3294361 3121145 4286550
8026378 7549436 2025599 7566128 2800385 8897349
6647616 9921031 8406685 3894272 2767183 1060242
3329105 4810797 9774442 3751625 405770 115471
8647724 3151326 5056545 7958053 9967886 9263539
9272212 2196195 2533109 6427824 1279937 1496351
9046825 79691 8342249 9943295 5171839 8055933
9144663 9176802 4130827 7702935 3389823 9385441
994783 2713142 3700588 2571449 8966848 841252
9169272 1751093 9380609 3243363 4646636 9969818
9230005 68324 7581550 2762060 8293915 604190
6364240 219792 8641094 6910333 4847446 2687492
2717992 3385810 9638957 1718508 4606962 1228968
5984644 944788 9761503 5671103 6963270 7254743
5562951 6700763 3229346 1691856 7258552 9528844
2115742 5803462 5433054 8372430 713290 5103515
474383 6382603 882886 3526636 1338695 3170031
744347 4084449 7865696 1013096 9853456 5581038
1202295 7450763 7144131 8151641 7258718 3701848
208315 3558901 3105054 326806 7199109 1593151
7374843 4672384 2961240 9112249 4794591 9043983
7254437 4345562 2672520 4535442 1244125 8224359
346081 2458007 9606092 6591471 4926756 2878820
9389047 4549854 6847307 7648308 489560 9807788
2384712 3964101 8544744 1731206 8164114 7154388
1998460 147576 9183493 9289734 6151793 6666311
208791 1632097 9289858 8821712 3758658 5507893
2908517 6666852 6206637 8919771 7805559 4800710
4095755 3616844 8632145 226234 937759 2649254
4745844 9726535 4182823 3153451 6727536 830490
499238 5523231 6181447 5518131 2536981 1096549
9040865 1056347 6306214 2939781 6382679 3294658
3588962 567334 791196 1339413 4739790 3822708
3601150 3464941 6158541 3744034 7635450 4547270
8522243 1772226 9209817 6534239 4543890 6425258
2483488 7055339 4904560 8459367 8322473 8235426
9326446 7390386 4129870 5110088 9878906 6749212
8494495 1155974 7234164 5337486 6637271 370424
1858057 3406431 4986744 360115 9552300 3262595
4671948 6755204 7887781 1634177 6995887 764755
1886731 2506625 6512457 9880956 456292 9327340
8390097 5129594 2244861 2555770 2012967 7349404
9692837 8491061 3586034 9409329 5249538 6479476
7313105 3184757 5134954 8839393 4676181 1137458
1438513 2123373 7503039 1641964 3787418 1567269
347645 7692269 394498 3365115 3223357 7372280
236754 8613539 699681 7906824 6947388 1507677
8125563 9302287 1393463 7637339 667277 1061238
9676561 5262619 1505666 1408305 4321071 3811130
5629800 3047338 7830444 5374998 8442442 8332919
1824300 6748132 1342175 677592 2208124 4320698
6954905 6327721 5267704 6213753 9172574 6635999
5779794 9406281 6237368 3627277 713830 5373893
9743994 3801174 1456095 6441800 1965403 8524799
61602 8939340 3371197 6583368 7735315 176019
9541836 4861756 171096 2366762 6082523 199255
165501 7447970 7094162 7072765 682434 4339556
5793534 3462807 6090044 4869666 5628510 4914789
7573761 2002522 2333507 2456550 5631003 4641268
6876823 5382500 4782729 2817376 615989 3268784
949500 371537 8592405 5091684 6671917 4310818
6464902 3413031 3323758 6038113 3461776 3265859
8279731 2671229 3118739 7116539 648265 8502595
2434755 5191935 3310829 8456407 9009607 5732792
7842511 7085286 9230753 5529828 5489939 700022
5416526 7348124 6831981 3825378 6123265 310896
5747150 701849 6790890 1779226 8404764 2215478
1591031 1535648 8540746 9067648 4176819 2959774
1522528 9760284 4734235 6280133 382621 5424053
9957955 2493092 1361930 2859613 7249173 9586630
5080064 935073 7923092 2623735 621586 6113651
6433877 4454353 6547963 2807843 1369389 9946415
1711705 655528 6787171 1095350 6865376 7473958
7192046 8774863 2908467 6270978 4007300 5729654
5965787 9136392 6965503 1407928 3867422 3630173
8948966 2887537 3452676 7204260 6699161 7469691
4292385 8967296 914061 2427094 2633770 9722466
6411810 8714685 8390895 4787819 4568428 9727092
8636881 8862605 5627716 3887971 5667566 8474309
6678163 8809085 6927773 2193437 6657947 1485194
9148148 5025949 586930 2917790 3858876 8481851
6493739 4507445 3956367 9317480 6802964 7898079
6559897 4764952 6141093 3186001 9859168 5292614
7338759 1177968 4567964 7238410 2771046 5004817
8002457 5060995 7219970 4978366 526096 7890075
541917 2098948 2309348 9428866 3278945 7607821
9135535 3494020 4855808 9909043 8294079 60982
5770725 9319401 2059640 7729636 7328073 902614
2333216 3492161 8949917 1635158 4854678 5479979
6917229 1909737 2254902 5582113 4915333 8797880
1261880 1515372 3981348 6066291 8775562 4704016
5588730 7131030 1486006 8533272 4050465 6365147
436805 7429716 2883888 4506981 1467684 3451644
2945176 272820 7732921 6317356 2645150 7033935
8940158 8906758 7244269 6829369 2511637 1369208
5352918 3553422 8578686 6057927 8647162 6778707
6079634 9704434 543838 7355624 2140905 197042
9416607 3799944 9441695 2584769 1198352 7424961
2596090 2410247 442052 8803257 2636936 4642512
1064959 4944524 8870221 6947413 7126132 9868804
7459746 8759361 4619393 116798 3180353 497043
7786461 4378878 8782553 6105181 8427347 1763250
2907806 5589552 8131915 7535879 6900749 8845206
7592239 6355388 7708406 9819308 4233278 101389
927155 6549660 916485 3936174 4992968 3702638
7908485 9132221 2578301 675034 9895877 3381544
5577649 9299809 619590 8944651 4798308 6819474
8642407 6490909 3982900 8678802 5895451 7047383
6510597 3529080 8043774 25014 9355173 770744
2160397 7640438 4526082 4518004 9189643 6630693
9580557 3850286 9385909 5079915 8196695 9295126
9184948 2232771 5693674 4750371 1958229 7600939
8225616 8647587 1557080 888931 1176900 7742369
6118488 2248352 654209 3869102 7425577 1463888
5658863 7883470 9777048 1807557 8514636 2255439
8855461 1059645 110166 3988896 9364094 948021
7433565 3562492 8294213 4687774 9493853 3662680
1353708 1760226 1570850 442834 1799398 707585
9213663 1271466 6463538 6783712 8399515 6941290
5976484 5711455 6424709 7922020 9421051 313225
9518078 7377391 3718134 3438235 5894909 898584
7490773 4236719 9283493 609058 3455365 7614407
9448156 1430714 2754499 6991528 2515393 5665350
9893038 5216028 6084072 9069462 2593893 7243170
5791901 2071749 2660130 3168876 8012412 3652638
4523312 9511544 4141440 7980988 5169695 2116462
9944545 7915472 5865317 672266 2952061 7562678
1424092 8604605 7816100 8849130 7335556 6968800
4186790 8984955 3196062 759358 8028982 4205022
4229152 448615 4783497 6474964 7646334 3823159
8238454 4321897 6224307 5630854 6085746 3943821
3472967 1467167 6261018 638036 7046983 4599920
9800033 9220772 2263967 8521393 7645370 3989288
9427069 6942770 4736193 5691329 8982085 9027457
456576 3763953 1482562 9936417 3751835 4721080
7332965 3469580 269138 2042157 2433812 8630163
1338371 5793237 2518859 3872279 5376162 5868388
707781 3548753 1937971 8596142 959325 8808209
1941055 5707759 2803245 794208 7047894 703563
9086966 2547124 5339812 7196849 5174278 2321792
2461258 3536549 7715332 1539938 3305071 3577402
4330782 7757876 6786960 3633804 7183021 1852133
1470429 5554790 1566608 8867804 4983548 5433331
7089485 1860434 2804628 2674353 7995362 8044075
1917835 6538756 6421686 9565574 2955190 9886687
3290351 4141521 618958 197066 1411021 1839612
8153055 9167843 243682 8360569 4265359 3201449
2021249 8307250 8524737 951111 9323779 1493104
9136955 219161 7563576 9906480 107364 3313844
9517163 9786904 5541187 9671256 9622103 6766314
7155716 4765207 4802685 6900272 343452 3041500
1233175 1273362 4143768 9726995 714748 5815704
5189649 8728915 7595074 9603179 653103 9688111
9519338 966723 7214977 4928581 428618 2736029
2323111 3383871 4034157 7305113 679902 1624116
6298425 8481799 9545739 3477367 1204852 9500152
8398764 5120977 7963798 5483237 9717936 8050417
7349336 9409960 9504412 1747871 4716830 1378448
5718770 9913984 9133801 5853076 151918 8655380
9551337 2227135 4336589 2066655 4577160 6959581
9007342 3928061 593459 2519652 3428570 2232949
6269965 1712282 7524062 8094921 1204415 5532125
1724313 4036100 1248786 9164560 7579244 1018658
3231616 575240 8667040 2655708 1586343 765918
2490314 445348 8329880 890359 3926029 8977717
5163563 6332108 543817 1004216 6475894 5789875
7456957 4829684 5981389 7271462 5477906 3004548
3854385 7623848 8709569 3601676 4128762 6115817
7406593 386777 4647890 3317930 8835039 4001920
8292541 6351634 2341717 9827541 29337 2983221
3903069 5379605 7786252 8546345 2931358 4872306
4988308 720096 7560206 5458910 1707602 2749560
5037268 5960153 5097334 5662492 8801322 3962495
2056348 8888638 6316586 2214063 3483766 3539252
4329827 1845632 7497068 6541896 2711675 124260
3448157 7629416 4800346 2998168 3368393 98300
5218295 5308040 4692489 3837262 8613367 3408665
8555611 1947682 8679174 1898329 8280662 2874886
8904585 2630048 7550311 8379222 7771192 1140698
6666635 1689006 1895839 4247000 4216517 1085726
7375238 8446411 8008421 7435946 2010752 4078185
7949213 2039100 2591759 4999033 444196 3493282
9270005 8219085 275270 2907920 3658451 1536083
4860077 2431497 3564970 4622182 7637310 81626
2573948 5068935 9858224 3659648 6331532 1679387
8202461 971294 1091522 3606762 6462024 166956
5400244 1119665 9936929 4600989 3949116 6241561
283126 3905552 2185851 4057029 9109217 9552106
865428 3758715 8030554 359755 9386923 1785020
7520756 2753056 809100 7926795 4861997 6941817
4219961 4289565 5707567 912372 6796572 9472902
2401759 5663242 1757061 108314 7507676 2538786
1599153 259087 8482381 7323408 4339055 3731758
7895774 8516918 5959718 306117 2794220 2572817
3648832 7842705 1584370 9306502 6086006 3708968
9357855 7473448 6257667 2995112 381027 9659550
533994 9370754 7108980 2712949 1655270 3445974
7795044 757113 6251039 5491768 8760602 9127836
3302638 197347 8414000 7077341 31021 6345079
982099 3913843 1495345 3134749 7263539 8953866
7888532 3095256 9577236 8048093 750458 34227
6281118 8604041 9878060 8822830 6789414 4968301
6622778 5182825 6861648 2513743 2511072 2037106
6321778 8157064 9082103 2456534 6003863 5888658
5294968 2280513 7442427 9912588 2013012 6467183
8164205 7399244 2107214 8155113 4824416 8560013
3868738 9746951 6654 6216811 9210649 156561
9249775 4479807 3407933 3445698 454563 4848196
9483430 8468356 1402770 9458239 6812971 9106475
9871763 5431998 7091392 3688577 2753125 8469945
2591799 6368530 6591028 3410876 658625 9390169
2861086 8467664 358408 8301634 8645005 2764121
2030451 104966 8946415 8925542 3206758 1524056
2480725 1849269 1825950 2594231 429157 3544656
5064413 8705966 586273 3000739 8283350 9392418
1468620 180161 6993826 1536709 3625011 2842118
3565532 5838899 3821182 4017763 584611 1986899
4489787 1181796 9823351 8638649 7427787 6708004
160060 946221 2225239 5567336 1207852 903856
6643994 9997568 5939373 3046372 8346463 1952659
8803896 9860347 184314 965989 6833013 8464843
5770295 493741 6479954 6104296 5360009 7367858
7702873 8462961 1264657 9839051 8104443 9247360
3721304 6425763 1278178 3878268 2840679 7337129
7167178 5901283 8972309 6089970 4892714 3627443
6902745 519159 7492436 1868522 5213866 724264
1802584 3523798 4348782 1358507 2868353 6934046
228049 4055763 5586211 4857381 7864462 2744890
9639198 6804943 1893125 6692012 9325067 1920699
674481 4925628 7019668 2847185 3798810 931730
9492534 9680325 5601026 2852511 9201551 4840850
9875422 5834351 3249095 540393 8036466 4580644
4898578 2362797 3557409 4344131 3650218 8784915
1750917 2309797 8036820 6227418 6450771 8087770
1734318 210732 1194091 5571737 1194041 288237
3704596 8955399 9724987 3417052 1865972 3188028
1333019 7375538 4854212 745361 4981959 2030111
9495794 9098805 8768477 7312480 1793433 6962270
8363289 6330349 1275410 8234752 1096267 1489013
2894909 3265115 3229553 7513255 1118192 8990819
3646758 4303685 4640309 2960857 6835797 9081066
4855657 1481526 496825 369381 3011112 6274679
3930703 1005556 7327837 6006709 6731624 7351966
9319293 4421838 8417298 4231821 7208447 4863692
9012827 5469844 7859132 8235973 522142 8600856
9958474 3819764 6257345 5863393 7098602 678274
7389802 6534937 2263007 9687411 2456822 311907
6465445 7993908 3319236 5000730 4304048 90710
4161176 6888200 6533491 5877587 8193962 6696354
573520 9414937 7095237 9776617 3948030 1365953
1221933 6619683 959383 1895968 410906 9191348
17333 8067310 3906954 6649563 8616906 196687
5088958 9631881 1965015 8105390 7766376 9214538
1544455 4012096 1165795 7768421 4074797 3633942
2067364 4080887 5625801 9560991 5289872 7683664
3583036 7613184 2586907 897054 8465478 5837138
9352524 4569476 7583001 4127888 4983396 6236737
6183756 7511612 8271293 6336804 788628 8562081
4731338 2468129 1648561 7880698 8232162 9935933
200157 3453511 2544886 7325440 9828604 6330019
3565546 456342 2777438 6223290 3066526 1003721
7609779 4191904 1166402 6127877 8752866 3196899
1631537 7416566 9028700 4929058 1584665 6563184
5362649 5730559 3292259 7063720 4829652 2821742
6035102 5702338 9381022 2650973 696897 5011966
3292252 2027083 4740872 1252982 562342 4527054
3459298 9960466 4445086 7267571 8727024 6596724
7395678 8603461 3715262 8451661 6249161 815595
907233 5271098 1868846 5981701 1962791 4098044
3037759 6501826 5626690 9955695 188187 7364188
1622699 4958806 3495007 6154436 2835624 6725783
8456027 378554 6854224 4501645 1469759 1624199
2118098 8095077 7003535 6695535 9668041 6226190
9106480 7583440 9453176 8565427 1743740 5425798
3143120 7310550 64291 642828 8215222 4060515
8900363 3503603 9772278 7080897 5644872 3768218
3101716 1241242 5767837 6989478 9995634 5870607
3961371 6405587 3801338 244647 3863603 3867714
7094509 6342224 6833785 9400500 849215 2604746
7911011 3057271 3215065 8069209 3011315 5525073
6661492 7813198 2163331 2793709 5601281 7966156
1851920 5037200 2450205 3235316 3593818 8426799
458353 2117001 7587806 3582569 4604056 5338153
1624459 2898473 3446947 6196577 3548319 1872998
7226730 9499863 2654387 7167532 9169886 2587600
553153 5032507 8229926 242763 327986 2182435
3707275 1167662 804305 5835181 8392726 8826402
1417508 3859192 2748406 8406985 8942147 8732214
5016940 4328442 8453215 7876911 6444749 112842
2078126 464915 4264879 290333 5566978 6101418
5311769 4684387 5867314 9862604 2682162 8561310
196873 215589 1789014 5405370 9875293 3436394
4533848 5789277 4505746 4620544 4779068 9689126
9124591 8819744 557716 3922173 2150592 4841443
4134384 2676241 8587758 8117083 8164637 9863070
7917556 3416942 5600683 4702887 523412 3708338
2959088 1554904 1177029 4187095 8210112 8726557
6943199 9611570 4453149 5016821 3343063 655471
5607095 7457581 5685847 4575753 1165741 6747234
5543701 1389596 2533795 1025870 5728219 5921
9973552 2079789 2050952 1925943 7487813 6458350
7835710 9830960 5265864 797407 1661456 3224163
8512096 4937496 609632 1831159 6978973 2539021
388294 9117563 9333177 7932286 2509987 707055
4177223 3341802 2251201 8853449 9159185 9133816
1174543 1933217 5826684 1171108 4213542 6130322
6675604 5017255 2123756 7994798 7181110 3512102
5389607 4809688 5796124 2461683 6063656 6228245
6137601 3712542 4410622 9994773 637575 6610656
672744 2041266 9569801 1343896 7748720 4146011
4207149 8982261 671775 6132048 9622864 9728238
7397479 7340988 723953 4479309 5155554 1961718
415265 2393496 1936452 5821074 2542679 7700299
4910931 1715540 7278145 6022955 2715847 5446643
4723193 1179769 1295641 9216027 498364 2172276
6560521 5331707 7268535 7977745 3787648 8198849
2840327 9257558 5186823 6067885 5064204 8722668
5504291 1658292 8556987 2448904 9579508 8244079
4674204 4851669 9498587 1869502 6432965 6033180
6867865 8184193 6266414 5225132 1408854 8443095
8432597 8181451 6842623 8551677 7918788 9823846
4693182 2437520 8605848 3737603 2980746 3285120
2513475 8843045 6651336 8555476 518664 1057554
6889655 2274289 1600260 3051562 4541823 5646694
2673689 4691018 8898742 1235355 1109879 5603454
1932435 7615195 7848703 6743728 7635288 6882752
1880045 6952614 3739504 8733141 7755721 7141987
9638231 936601 1870922 6213466 9356026 7589920
9381843 8312388 7665529 5208859 8335476 9134564
6842834 5381034 3639628 1195929 5877987 3227769
925104 3457827 1327640 3002393 1805167 5365551
5436416 5769747 1207756 9768583 6675431 3566049
7318050 8156514 4518568 4458273 3413331 3605222
3775772 6460222 5334992 1308821 1853511 2797491
7937924 6723576 9279718 8714138 9900894 2254253
3243124 684116 1074626 511734 7808037 4297893
5814347 6635837 9131433 6505371 777050 3586279
6382163 9613259 1636956 4099480 7890808 178962
4615996 2384561 1967703 34405 7420156 9417765
7892777 9616282 1604316 8530149 5064468 5081591
6085832 6722277 5868852 8953502 6525459 5991315
2491422 6806315 348477 220674 8643926 6777493
4473788 7270400 5683172 1748712 4926657 2240251
1160534 3838444 8832767 9100756 4098142 7516333
286550 3208718 3263959 1656861 2618957 8191754
2693577 7284197 1571368 4049841 419538 4054772
7717426 7428661 3087800 5645641 1608057 1084492
9830485 4395322 3740635 5190210 5560616 149755
3734593 6144064 4689624 9364065 7369615 1226024
6248824 6985075 2624135 8352519 8666952 3316741
2727356 834561 4187358 2156722 7527097 1359728
5206124 423947 6850862 1628400 4031285 7497996
9152451 5514892 2230386 7748274 9270271 9702820
3775698 5096339 7648101 3114203 7922267 6474892
3502130 3329512 9914581 345344 7801017 3434462
1430636 9364907 8761708 9771058 2918284 773496
6897134 7673763 6868224 2380906 9984085 5136669
3298893 2106193 2112779 7191627 211614 1854722
8995637 8500549 7714804 2921315 4576821 3570612
5668640 9613153 2912293 7712465 8654591 4197585
1445147 4860780 2622930 3416399 197763 4666378
8736287 9381392 2596608 1456890 851140 1596508
2834595 1394791 5112254 2511431 9815309 5816074
4362113 6310502 3117898 8059858 1349707 9300467
5719657 8509321 4788086 5191096 4102418 3305131
7861202 9184668 9019171 2670639 935759 5123305
2513739 9882493 1908430 7446401 8455339 830221
9258114 7538746 7649409 6118296 86720 3182029
8458358 3157208 9797843 7096219 3350352 2344089
1079687 3385288 3511072 3322462 7696741 1688441
9878291 3545191 5278973 9291476 3595688 1666471
2577336 163955 459032 9988948 9997692 9932815
3907644 6915711 7855162 2287676 8801744 3810960
1651057 9601361 8422601 1606056 6732738 945210
3507287 764982 5834315 6675082 1590952 7550471
1612232 9191277 2185751 219988 7568109 4910148
5551248 9966638 3943058 5982938 3540959 9922764
2722996 8469409 3159516 9865028 3188575 6434640
4488926 8792010 4583543 9700112 1671404 8095380
3265840 8272234 6812453 4333763 5784189 2830705
5832155 5902254 8573002 2908561 8376715 806414
7747063 3687655 9347602 2945014 6736427 8835106
9867902 5668119 6060401 8499836 8883060 8263328
7785693 3642259 7576407 9399675 2186156 2798941
2966927 1912120 7519872 4090371 6954147 9295874
8097694 1217484 4182448 1112352 150782 7638705
1349761 9814434 92694 2353101 2117964 9500919
7087038 1543911 2055582 5748437 9832210 6003284
2034979 4766003 9389174 8549125 6548069 2141929
5254298 6432480 3716098 5774060 9941634 6464595
3286542 3656692 6733508 51728 4847319 5518942
4652657 8755549 5517336 8421696 7150074 9068625
8170634 5432592 1524295 8075488 2312636 642244
743358 7218489 2079909 1516587 2055392 2188143
9906699 9548569 4669415 2040519 5858054 3718302
3922606 5575701 9872800 3628098 9066559 8461271
2767411 7035310 6696591 6536640 1095779 1076660
485947 3613283 7615929 320549 378491 1115477
617634 7178809 4119843 3073853 5030701 2723144
4384685 1769954 1601300 4545364 145028 5298749
849527 2612138 2897495 1799034 4499089 1574373
9195824 4542535 6366033 3063023 5308077 5277326
3945652 4206718 6122709 1003249 1030639 8442109
4572214 9586150 9170078 3553937 1422884 8679244
9598458 848753 544999 7149656 9243413 7296604
6859971 8222046 6890281 1397842 5687112 8483641
8179165 8686913 9114193 6041555 1124724 5835955
4749444 7554611 1870732 8842517 9128201 823983
6600434 3381436 739314 3159191 9973149 558877
6128671 7295589 1189253 4218250 2200575 3650336
1029374 2046168 5299122 9069428 6203051 7086030
8387044 2547810 8519606 7639068 2824083 2343726
9327915 8530659 8461426 3334122 8804493 3868273
6808511 755941 1720551 9721016 549221 5861976
6557290 3700780 8248897 6331404 5269170 8391522
7294388 3960914 6486337 5463857 5012180 9078555
536833 5680015 1351559 4784702 455472 6580390
2304376 8961366 557352 8395587 3831276 1442490
2097450 2794548 8491096 7320980 7409738 1444634
1929784 1308358 1496947 9437145 2512138 2502271
8837133 2055640 7278639 128083 344679 8863168
5857388 3864057 3518478 9382871 2797288 3124477
2516714 2023809 300469 5140160 7416639 1587855
5304624 8161702 9869503 6806406 4233953 2474621
9900426 9973408 6551176 5041703 3534073 3703822
7581608 1099688 3167877 8849287 5947568 8399831
9301751 2176292 8616686 1694184 2538199 9967219
7924011 2714579 9997259 5366618 4804266 5385929
1144164 6789623 3891719 9909091 4132521 4350435
2632767 2030726 7821687 4804017 227657 371271
2311992 815685 329983 9814656 1801263 1697600
9956599 3667426 6076240 1900638 5838409 5240346
2971168 3610439 5623503 9902284 8882395 1519373
2477362 4533807 5169142 1165246 3897538 6744450
9812102 7672516 6967167 8817441 6216519 3916842
578143 4497733 1948634 8245415 9382191 1722513
9637235 8109354 913316 8299659 5410019 1136839
9309689 9243526 951213 8651372 6937922 522081
8726932 2730483 3148330 6302314 2326655 5693850
5202129 1146746 6918146 3585533 2553 4128746
4730433 1139157 7450906 2159398 1322494 1340676
3291711 4725753 4228248 3900989 265048 773041
606057 4177702 9123788 4032302 1855557 4654011
5793236 1160730 734593 6445085 90509 3486036
768511 4275829 2171077 6254784 3043285 8235445
4804367 6051702 8106800 6784569 3569225 4270861
3685932 7150291 7921032 9610537 5359660 2212169
6293833 4825943 2465434 2375289 5696257 8148953
6570061 1169826 9291189 2264134 7792296 8841823
3394152 8285347 1048648 3964870 1390886 7046664
9169599 7036927 1682467 5992802 9096622 4213346
2666241 3821487 608476 4852926 346369 4705266
6732979 6182699 5801070 8522424 151252 5264565
1020601 8393222 8579572 4022124 9684722 1873459
8944256 2540232 8259405 9264977 3390416 5283878
3222212 9721062 5759404 874367 440937 8322733
529701 301030 5729321 8252087 9709048 1874769
7540476 1717135 823456 4585922 5531155 1609597
3040752 4871728 8134095 5784083 2944268 2997663
8467092 5147474 7352204 9809008 7048546 6556389
5953940 3401263 431070 5324598 1630714 625307
8945861 5858612 5741761 7478337 7992723 9850222
9535243 2768514 8684174 6704802 6481647 7967587
1050002 4358333 7009077 6649808 6224224 8518688
7149782 7438129 6776794 2761740 2407274 5293463
970528 720692 3252483 9172931 2298147 6307784
1443699 2215877 86420 198149 5640061 9672543
5867835 5562415 6879004 8283873 6248839 175754
4313489 1762290 8665826 9384616 8759005 2690213
9547312 9304132 7177039 1912382 8174815 4192584
3848513 6184120 3451337 448298 6507808 7272031
6597738 362311 470367 2376389 5261103 4265769
7881166 851853 8718271 7336534 781972 661809
1639683 8865909 1189289 6601039 8448251 644984
6627636 1585912 1961686 562270 9625619 2994014
9130744 9531316 4041062 5893835 6349635 9455941
6221205 5419537 9054606 9606973 1686134 5886527
9705387 1937099 6501186 4400056 1503449 7907152
3971941 2210778 8522160 6515230 272698 9308905
3003294 7247473 7735868 2806352 3820662 4921896
5310344 6035468 736692 7476352 3245644 5729786
224707 1987330 4502217 9262330 1115328 5362435
1607202 2032710 7179775 5302762 6895652 6511151
4143797 2227579 82462 4054534 6590328 7414841
4471854 2615514 9258618 4732156 2890541 9102162
1720072 3414852 1598874 4132709 4296629 5650666
5149835 2229034 8691455 771400 4175349 9516118
3404934 4709611 1095449 3159725 4908027 8239988
2129130 7700532 351821 1224717 8662555 1593083
4839434 1255809 9445139 3321851 3004498 630130
6471168 5492551 9096789 5400055 7542257 7700475
3763560 7474492 7736080 1529109 152927 4666617
7819696 3372397 8052229 566343 649600 1880717
6319391 1312129 7707486 1018630 2603026 5190008
8750341 495354 4752297 5791 9293275 3040819
6205527 1827984 9224536 8061324 4300232 8682798
419328 8004878 7167354 3394974 9396165 7433535
503907 600020 7547605 5685203 3405021 5290158
3540853 4273090 606208 7564421 7002459 1692369
2922643 5452538 2889524 3906781 6649714 7046902
2948178 3757768 8181217 4695260 5323582 8324943
5442081 9758371 9072164 9369431 147014 2644721
4713363 2924417 1915964 273951 514722 2003005
7642403 3065138 7090333 9462139 6464937 5020184
2434611 8641105 4825524 7532167 5138681 8847694
5793273 6512547 1355164 120451 446795 5638396
9252318 5808646 5276438 9222661 243122 3646650
6217993 4171422 4126075 7961487 2851058 4078042
9776405 2648692 4937815 886519 6264377 3584576
9956569 3486039 7292830 3161032 2260649 6682476
3499418 7909913 4619689 224470 3576157 3634467
1289557 4592911 2477621 6277567 1021633 4706075
6726566 8419741 2822015 3443683 3244145 2293515
894108 4473123 5790047 747482 7755762 2489989
3909878 4906754 248169 7770588 163882 6960756
8345566 6091285 3547996 8593962 5723243 2333208
9026960 5993522 595264 491608 6671930 8258146
1600420 3498837 1627059 231739 4159952 7844636
762560 6512886 241893 4999314 2266923 7787526
892429 2751936 154151 2129700 6314592 8669403
3386297 3518968 4429029 5516864 7932001 4930347
1158079 8132604 2696498 488807 4416722 7250623
1698251 402500 7801193 7531900 9147061 4256924
862930 3678139 746801 2403533 7008028 3650996
6718863 3346251 3824362 5760470 7701532 2971307
2179057 6897259 9678930 1925860 7105310 3152961
3829116 6083556 5566836 6696712 9073660 6027348
5148138 273752 2096163 2991269 3301062 1864423
9986332 3360529 3604874 5897226 1266770 2636452
7922601 982764 6510940 778033 8798001 4585749
1105984 5397608 431071 9725191 8309750 7519462
7571693 9772390 3297189 4648231 3702783 3063505
8690088 4166218 4604478 4719453 7255395 6734275
1554832 3727593 45188 1959938 5774138 4341003
9366432 6281830 5630489 7042477 4003259 6122545
6642021 3051083 7285555 981086 5590727 3676052
5596276 5422947 1964002 4576700 5419576 3528672
8567233 5338100 9657745 541369 7207137 7100552
8031974 3203147 3727369 9776664 9223200 5070407
4540561 9146045 9623470 6090068 358758 2027919
1888973 529215 5769131 7174643 8006210 651700
5777950 7709002 8575490 928426 9123176 1832448
4770273 6978131 8308017 6516516 3392705 436037
4683258 8825063 9074692 8529936 9010503 800111
2395176 6865356 3827882 2215147 6440525 6444681
4052582 9506208 5064188 9936082 2687727 4890360
7759540 1392589 7331890 9006044 4763418 9498135
8525061 7103548 4079971 1894921 5006390 2245069
6762389 8024044 5753340 9187432 1406810 1533694
2953226 3359036 1518712 4969020 4779467 1140853
6823818 3562802 1268476 2130809 6875843 9616968
6768259 4834191 4290404 3417656 8756975 2000115
3104147 5677213 4061645 9576557 4875 1906954
6720140 500254 1858966 1582813 5452758 8416480
691340 4865149 8099398 3530494 6982855 9328690
3371647 2790520 6613121 6191036 2182226 1200616
8229659 6394251 227704 4463002 5126662 172199
7954664 3344733 9267068 3753224 6083285 5729597
7472049 3376669 3354161 9611757 8248879 4279212
9281887 5241005 8110044 2851996 1439469 2010694
1517570 3237765 7851336 4961713 46008 5966455
5386993 6913110 3494986 2861028 1346897 3610623
1679250 2257137 5373592 1686766 3628148 2108025
9149411 6938116 8781864 2369800 6058444 3606185
5974529 3759890 4541640 2333909 6909149 6941221
3090571 5377662 4954782 8217010 2945431 1888897
2320862 2992950 3298724 3300613 8366230 9170174
2234610 4611020 2029771 9743537 7932506 5991741
8905620 7595120 1612856 6002019 3702584 4501353
3228829 9147769 7179320 4245150 8987184 6286118
1424815 3053084 3961 6553765 9770456 5969235
8655841 3462240 9311706 3484695 9365904 635197
8809300 5848798 8571885 9611689 135190 1447423
1576413 6230991 5827383 8549898 3428289 9314028
5328364 7088552 1675078 453429 4988180 3797662
4709576 8075711 4005766 7012606 1875798 5313145
9166213 5680845 4840563 6060536 1087696 4470266
6680035 5420924 8229216 977658 7192718 7853786
5929467 3617140 9012579 5731896 2668737 2756192
458735 2874916 9624795 689932 1225400 2681904
4294157 8202411 8474060 5514043 8775118 1290192
6629431 1796694 3973000 3258739 445475 4454344
6606859 5515876 5143295 1357117 1869862 8007364
1084812 4350705 9895834 3821291 4523961 1371040
4785082 8977680 5406974 1249573 6553870 9000881
5688350 8476281 4455444 2158659 1766379 2885284
5996205 1165991 6645805 6939024 4348227 5396024
3880786 2670728 3171664 4558234 9125036 7152860
7612896 9101617 1005054 1617431 9605119 6874694
2786070 472865 3678449 7103020 728961 9797438
5883217 5379857 5242823 4972118 7570389 1969193
9998899 4448200 3749497 2258010 5360911 703870
1361558 4145788 2478 4499809 9940505 1853233
8199375 226847 9852643 8254113 3636677 7452253
7995827 4070919 8871162 7580750 9372589 1293514
9206835 8893185 437030 6848367 1055806 8968370
153200 8908667 5100338 1202471 4559334 4676836
3403363 5354886 3740706 301183 255872 5459331
6872216 8286260 532360 1825215 8903644 502113
9944795 7629104 1743180 7790570 6976291 3499470
3098031 2418149 5075610 2455983 3051175 6467725
266839 4513191 3089981 1034107 4346609 1031837
6752895 6996904 5667512 5175806 4850750 8281790
3711546 7694643 3815046 3411830 708533 1086329
761153 7381619 9989540 9934917 6903571 3426702
7225189 2362629 1932376 1600868 8104439 2141185
9601225 947380 2303710 7272980 34343 5742680
2369349 5838108 3939650 9500522 5072320 1906740
4834600 4768988 2778353 3461389 4079024 9281647
9684423 9686200 1709616 3989281 1694829 5669556
6478185 331922 7609620 9663279 3808918 1983979
9099460 5152026 8892464 3526327 5574580 3903369
5978080 6438565 7660299 8072365 1042481 4870424
7146678 1260630 2309298 8082799 5100316 2134582
648348 3763800 8283605 2650728 1916445 8418238
431568 5611944 9252551 6634153 794795 9702420
8133060 2706070 2029190 1955671 401062 9920293
3014276 1308272 9194408 8874983 7483308 7640458
1621347 1612057 8643719 6839192 6842602 434198
3360257 8395385 5231606 5475037 9014930 45117
3700373 6448731 3235581 474225 3094759 9962636
4650818 9343927 5643770 7957879 9939304 8336410
2841233 5191007 859568 2389004 5068523 3792043
2940174 1773364 6280491 643147 1029381 304387
9774518 3592376 8769341 8818352 3273895 2399409
4470814 2658023 3691139 1984072 8255297 3952330
6684712 2540050 8213513 9231771 4224165 8139381
1996688 3663468 1672752 307309 3997958 1651595
9574629 971253 3326862 1439562 2534862 7241566
3764626 3057226 5419350 2931194 699706 9502382
1193294 5832465 6070031 3244360 3487064 7281281
4645271 857160 6935710 6907238 5704292 2528472
5578530 3708402 7549199 8141109 8646459 7365912
8631634 9467209 9594417 7117746 9243723 2302642
9072547 3031252 123160 6449573 8219446 5198071
8532979 3753517 1840343 8711130 8038477 8391699
2069350 8752327 176403 4391471 5662037 3140797
4715885 2667390 5266960 798389 5861032 8826459
9692366 5623516 4410766 8053438 4299559 1232496
9907965 4075548 6588741 3767388 4171812 455812
7158121 8195698 2637714 1737638 8374259 1950774
688128 6867399 5669925 9157499 6071759 9894131
7189508 4240163 3805172 6453619 2401860 6576333
7035681 8274157 7170220 1296700 6757206 2595929
787304 479541 9453958 607847 8803164 3962928
1802957 8301961 4580515 9720591 7233350 7466339
503083 2978246 4293130 3316186 110261 8993632
3156534 534866 9551756 4516635 863929 59396
7427324 3454346 1673687 12408 6731707 5897654
3285592 5861420 1438491 41784 950334 7894718
2496816 80281 8064234 1706996 7354542 7769798
5313616 7468917 7006813 6338833 5950535 9423614
2283202 3719495 8163896 8176587 8140166 6222339
3044173 6270668 9615611 9394561 3180522 5348818
2289241 1790549 1570254 8682860 6434999 1371929
6027847 461298 2027911 6398412 819369 29979
929397 1449537 3180324 1781958 9203018 3395012
3052583 1088491 7503810 2250073 7729205 3012212
7733757 5109004 7721253 5216152 6997611 4679666
8279106 3102255 6899758 2715416 9417755 5563993
6199544 6630756 1033917 5634883 310985 5489237
7395702 5884790 2900125 8133917 7247190 6690629
3042015 1262214 7067649 6220599 6341978 2092031
7845008 39168 4061343 8558042 949102 1325995
3650675 811695 3463687 7348245 8119305 7717114
3130220 8213981 2031781 7616331 5582414 2572262
2361094 7417699 777505 2014573 4854370 1844415
112086 9599840 7861813 1030624 2174137 5735397
7612016 2058507 6760276 4807727 4870407 9378587
1502650 7641502 5681653 9707922 1984207 9499290
2025549 47457 7765484 5183010 5003696 9033209
4658847 5425684 5679800 4495386 3859505 8924278
1314525 5830435 5184797 2216927 8445955 1349262
3464181 2620051 8637558 7728290 9736228 6060798
956837 8322492 3343573 2653194 6113680 7940912
6890609 2653171 5433492 1278215 9989023 4806912
4078930 4929076 4596143 8828604 6371777 6748453
55596 3116629 8199001 7835998 3493202 9039972
4193789 9285722 9195546 4332391 6243741 9364156
861732 4297259 311229 1704686 4226172 6681204
5689635 2005652 9312003 7738887 7604777 1206333
3490785 36309 5841412 377884 8137996 3516878
6753118 4635576 6248273 1889105 7672693 6619598
7861796 3120839 4829289 4303601 8459404 6827958
8745365 2558218 6409430 6069335 416483 5691763
4495683 2374244 702903 7914939 3138969 4366124
7436449 2316708 5511852 6992668 4345212 3456893
3198560 3815904 1147726 5678667 7579273 1608165
3115882 8972627 6624566 3691630 3842889 1105333
1851914 1386033 3546247 2484044 8993522 5046559
4796903 7421450 9619825 149648 5882201 5763751
2813975 8838178 1496606 1882148 4452655 5355984
1107745 869128 8775626 1372396 1105041 4643500
5680232 3066697 4978944 4801265 2953452 1443856
9067197 804052 8531355 9597570 6063025 1752935
819877 4952405 3323186 465293 2195765 6923762
3837067 3048911 7933703 5383974 2864692 8741094
111558 1233734 4519972 1268582 2583884 2973761
2329707 479517 280992 8902747 6803812 5926825
67614 9995638 4467997 8175969 1082451 5078148
7232396 3216404 2775153 9743670 1062271 9500249
2032797 642452 8673362 1851863 7535328 8056129
6709796 296257 202004 6237850 4689706 1719718
6923884 7798615 8220167 5557593 7267863 5583507
1471943 1917130 8148592 7396361 397679 2200127
2455765 5661097 1966460 2855555 8151577 9648288
5965941 367887 171462 5019722 9235784 1941432
4300398 477843 2944189 2224863 2192950 6507554
5724820 3829763 5305931 2748278 1252085 3283835
6857980 1674802 5948541 7191645 8271727 9145141
1351657 4636436 244772 6473235 9396098 1874231
6089668 3854241 2144680 553716 271909 4321818
1548255 1904161 8562831 6278735 1257194 6790019
2639318 9247080 9724179 1641037 1671540 6567915
6894196 9707486 4409012 8682624 5997574 6476774
3699746 8774295 2096160 1026321 3668064 4599347
1696659 7827163 1081745 1069958 6135194 8338708
4362874 5171103 3557854 984112 1200022 9347923
4721004 579245 417608 9158521 4552327 9024646
9420961 9710620 2964896 3676857 9579039 9688611
7465218 7407043 7856666 5667905 6853970 1497613
2225658 521933 8236097 3963483 4582075 3430030
5708274 1569360 3111886 1385470 7278162 6500436
3010060 5910083 8507463 5061088 3961620 5418329
6059166 4541225 4221967 3071513 1605359 3957444
1634451 8019802 8248124 1393133 3604739 8728150
482042 8694969 8317133 2060241 8758453 678089
1111826 757520 5997169 6987577 3450246 2982967
5912760 8035491 2432457 6464459 666796 3668955
1181147 2404130 3445423 2438337 9608738 2312744
7275645 9154145 8916573 4278652 2329032 6562272
5181906 4315141 7964621 4383735 903428 8583192
8183303 949819 7151629 7829374 3949261 3204099
9421159 9071589 1090978 1239000 7158752 3569868
1524986 5169992 7353005 4579169 211986 1200608
5282727 8043704 9086231 6004389 4784595 9604308
1761515 6833174 8428488 9434896 1805671 9135105
5018346 1529025 7132062 3849265 8281156 9716977
6517325 3351772 8454869 241324 3017177 537148
1221765 6036645 1995392 5346705 2753665 7159040
9209267 602736 4103154 6764012 9101008 2859723
9496960 2178913 6165224 7547321 6067859 7116087
4775610 9986262 7265918 1955873 6220653 5629727
6437805 7675721 6888836 7636028 8061843 6860213
2745739 5041402 5026526 8549082 4782623 8747949
7608915 6414809 4079508 1269448 225629 1202934
5031950 8254333 2428016 4272338 4352304 6102242
3551753 8970004 7283912 1338781 5465713 3030914
3271230 9265892 9815991 6365665 8908899 5077944
270204 1573239 2540893 7242941 4018273 4059605
7833196 947878 7396290 7417274 9938405 9653049
3036579 3506162 9760633 6062983 6923922 7966320
3201710 2165466 3323417 786593 4084274 9091839
9576300 1406957 9575688 1995612 5277852 5516730
8931958 1243250 7505910 9001564 999244 8652389
8662041 7789009 4236060 8368410 6439142 3404426
8705951 6134478 9031599 7630863 8302202 1959551
3270281 7208246 2341970 1849671 3163954 6743432
1754526 9483610 7488964 3449053 7666640 2611315
4483916 5837584 5670025 1879560 8485316 8695154
2147139 4035014 2506917 1108243 7400941 9134912
3730259 4833299 5726324 9918990 2080642 7949796
60240 1945437 3104755 7616137 8725330 8069605
3174760 7082286 8079296 762478 7247037 1515634
1163425 5212987 122369 1624745 3884493 601557
7734400 6826391 7649162 336444 5483724 4267187
9452633 2162038 9807304 3207057 8119412 8330654
1017107 1835536 7402967 9539168 3388813 5721202
9506559 6867779 7112254 7600420 8704800 1403029
615857 1384660 6787977 991283 9944818 2187954
9012543 2105513 948806 5124767 2184590 5254251
300634 9723795 6461713 8837568 8163503 6563292
8262300 9967702 8962874 9748642 9745370 5411501
4112666 1624257 1824174 4401166 2118186 7016714
3489303 133980 8121591 6246132 9720586 4099063
7479209 8461350 2217220 7619350 4194514 6013898
7381848 5892340 9650945 2148716 9238533 3665018
9259489 668991 8704276 548961 9338120 8737097
2440155 867215 1639290 1376476 6878617 8320560
363779 4611376 9987327 3932092 1635464 2050610
7132659 4054501 3208 2362650 1358358 9702153
4346072 642949 5773188 2948976 2366793 3853030
5760555 1963949 2385723 8159156 5141676 1449194
8312437 2940341 795860 9384493 3805977 8853370
2459772 6102733 1582732 3896659 7255570 9583137
6026570 3449756 4256875 7600335 5016057 5184031
3661809 6896839 9310632 9002122 6202889 8695170
2963909 9491178 8500421 7786259 5615921 4914667
5934837 2204623 9469700 8538133 5619654 8695122
1254750 7748165 248524 1149837 9902877 5255625
8119420 449413 3387378 6190051 6922405 8917037
9596154 8160220 6947892 7201691 4497346 8244837
2138561 9310314 6737452 2100689 6420584 4314798
352949 4673513 486812 6668064 7961822 5050946
113437 7488437 7830102 5561753 6345585 7267891
4935507 2511971 6993961 4055007 882702 5753476
5307791 6773857 2568772 9583384 8190104 7455701
7966775 8733145 7707277 1224862 6399571 6309339
1957670 9154060 1327580 5933725 796888 5229363
4768813 1451355 2487590 8336431 6076613 9433968
1086935 4034401 1814634 9680000 2266184 1985375
1250876 8083554 8427612 983976 6792897 9646726
1746026 769564 6483408 3031111 8701289 9228677
7343669 8888575 1088865 1520762 3604082 7191524
5940310 9001781 1715082 1764597 9286194 9431346
3265885 6971359 697244 3134804 8496448 4155703
5641066 8286774 6466961 5721902 9973986 8316017
7881726 973694 2361163 1680854 4187699 27323
8745955 1737702 2750066 3258913 992762 7188038
8345102 9566172 430318 4623110 3739690 3264402
270292 9486278 8797359 8996265 7718090 9821537
8949482 8611221 2273116 2327705 7390044 414514
2761716 1621767 8914588 2772848 3639036 2630388
4830361 4259456 4814082 1687758 3018642 7548492
6681280 6971 5978597 3509205 4789701 8930276
3725384 1017955 4547084 3202558 5451610 487707
9518657 8885461 3255603 2539625 2731371 5576477
7754207 6418249 4347657 2335552 497197 9370994
8273449 5572254 5927136 7799929 9792749 9480233
8450320 8582533 6467635 1248867 2314985 7711118
3842939 5440277 3821520 3342840 8602320 6372089
5867429 9559157 6170157 8426880 3254190 4753575
9374785 2290735 1528085 9237604 3933550 6600393
3200835 4345728 9509774 6607602 5235755 9217447
3003139 5925454 1225206 5066850 4752238 6869076
4020072 8269790 6570475 5544484 8696685 7291093
1754957 4411367 7815928 7975568 6468122 938039
3200837 9846568 2318063 1173561 8425144 7502013
7952148 9212715 4648982 9867241 8048032 7969256
8201344 7235337 204521 4604073 339700 2676866
5146882 800578 4806919 9301080 4406808 4984400
8183099 3830300 3594050 4236991 7482647 9522183
8784464 5225267 7877606 8571734 3406764 5389186
6899383 1829578 7500310 3723193 7114702 5539522
2220094 4152830 221758 8601219 7343140 1461348
7086571 7150883 4071667 5139062 2828685 5667543
6131120 3899757 5439760 7333663 2990461 4594843
3907963 3715157 1730068 5126799 1082776 2822765
91650 9629609 3828572 4815335 7704689 8510121
5176555 1423689 3685876 9267397 7080986 253977
4762642 9581879 6487160 2132702 7150419 331763
5450515 3645402 2396581 2210062 2440614 9507007
9949425 9565720 8839116 2905466 9815230 3399545
3809453 7093295 3070053 7398992 8509568 7713530
7632775 2271236 9446194 5561545 9962506 1404995
1981666 6863723 6818770 5185783 2571020 3408581
8107682 1775260 6564737 1398304 9676283 7437374
426183 7881587 7188995 4321564 4865909 8138968
9671004 2271088 1608459 286331 5457943 9987691
7183923 7363649 1072311 8773630 4499926 4879183
885568 9888969 3682895 991585 228396 5576890
2688236 4763642 6994699 5430534 4797784 8039969
6834807 2411148 7417011 5632679 6972809 627981
524534 3311211 7405326 1307225 5890540 7691418
9796536 1695334 1405780 6831079 8001859 5207371
2336270 9334051 7275334 1685554 512736 9787314
3754479 9434597 7653191 1612105 1633327 102267
1144268 4240469 7473304 3568490 3451524 3046794
2570679 1551243 390840 444329 8249096 1188714
7473856 9578342 3998428 5991477 1195048 8533061
4171110 5857157 6761782 1787328 3094264 5463732
764634 5149252 1898412 7629697 1878200 7538211
2974790 8912428 1677883 7303059 162957 1650071
218114 6228046 8243810 8358986 4260399 6450615
4816531 1891941 1084954 6086619 4211698 934393
5788885 7763001 8239549 9120129 7440995 5776170
3340484 9356940 1146205 2009571 2803855 8302271
1148381 4940982 9673043 2852629 7469539 9336668
9510831 170796 9415385 2348357 5773363 4967002
289251 5812124 1596757 311166 6970797 1202322
4378777 4678014 937554 964019 1840811 4115198
9298662 3854660 1471433 5901713 3962574 806016
503865 8208542 3424190 9941538 7210605 9319416
6777572 1963902 4422402 1748286 6575788 4040901
1519007 3440527 1989638 3272546 8830878 1628871
4179412 3029318 2386143 9943882 7630793 8125840
7364717 184361 3100171 5557844 3553966 3614878
7865234 3609117 6208222 8609369 1844492 7564820
1542811 347712 8601519 2277340 3533594 5006894
6779920 2630491 8102226 6896652 9445012 8400283
2125559 6026115 5023782 9842562 1722300 933256
8419873 559982 577748 5298350 2576821 7026243
6219245 1219727 8409935 807523 3883052 2966670
7832679 2909637 1596035 4424817 1729735 8483166
3027352 1902071 9495724 7379248 3163962 5000302
23614 468064 739348 4699887 3432284 7527851
8591095 8022672 1886816 5274965 189496 1284509
6987072 6244461 7770891 1575275 6058094 2313866
6596959 5972396 8747439 5135555 9063973 6535374
6804248 7700742 4296380 6540616 6815210 9820228
1437532 1040624 7396020 5577445 5274735 2108756
6286894 1519358 7787442 882084 2216427 5860379
1079853 2557713 2720141 311525 7437745 5485274
712275 1452076 5843977 7181857 782289 7191565
6252863 4888058 1404091 4203974 7895639 5731542
3231471 2050479 1207461 2066587 3837433 9148872
3888489 1409626 969725 5662134 5288380 4538736
4526424 5714875 3755969 2887059 4055701 6506259
3815233 6492722 262996 8811105 5828341 5363133
3976251 4255674 258334 204455 9324582 386676
704665 2082920 3623719 2055899 7650612 165948
4652917 9013265 8720280 3571269 6423035 6028119
4515548 5050140 6163695 1305240 2655433 5067414
3435596 3365804 832357 4897831 388740 1402916
5468546 4420365 6222138 5844328 8090335 9581758
8890537 3684034 2085044 583048 4957469 3205460
915017 2470524 8064262 3590020 8234141 5042435
7785979 243963 69686 4234877 4295557 778200
9199437 2671011 1600241 5190920 6768858 5958777
9554319 5806833 1694179 2220802 6587353 3230247
3943809 8808589 922929 9138521 4680732 2739001
3943074 3932500 92671 2958235 390223 184909
7003151 9845575 5131663 5789921 7111852 144776
1333229 1233668 124808 5443937 6644890 5419324
7981517 3699616 6915175 6126266 1028728 9150636
1511280 8694214 5883170 4834015 9646211 9425551
4119505 8647457 5563231 7330685 291802 363056
685529 6241202 2280788 1415332 8187769 6923283
827114 3764398 8694980 1549402 887573 5353685
3105439 8499871 2163699 5503605 1157003 981116
5823825 7816808 2903771 942035 1446955 1696008
4301738 2169136 199363 5706111 1670415 8464395
4581545 4002543 941865 9761751 4758408 403688
3138536 6566185 5511846 9991892 5299152 7264330
455655 9961877 7806640 529485 1728575 1146339
7261851 8615900 7490454 4582115 1506860 2474994
7459285 9743494 4794247 584779 7113593 6018632
6723919 5121002 2093983 230585 6967857 6885029
4411819 3343687 3741462 1760011 2365069 4590817
5469269 5831933 2517655 5639441 486379 1485077
3889368 3772252 440560 9053023 8444260 3054514
973941 9999429 2495683 8466870 2302465 5014914
5609441 2553757 9452591 9493214 3267972 178149
5170346 225070 2994020 921611 6117665 8384888
7404876 5501840 6250831 2899636 9112846 5674927
9957339 1819844 9257114 3309169 6695411 3341341
5578072 7670895 6676742 9039468 9256644 6968428
4389346 5944949 1041222 8726548 6150570 9811312
5138225 5976055 2563960 2339506 469094 261309
8491057 2967757 7654586 2055672 1648147 2942419
6803683 8074305 886583 6820756 8509531 482621
5757799 2300271 5858346 6111250 3915141 5597076
3501407 6130877 968425 6025591 6532264 172716
7343666 8678328 9351269 6439519 7761410 3136791
3110966 7617833 1350749 8995805 4818112 3727653
5686754 3522399 6022748 3734322 2235785 1182339
6081845 7568589 7435417 558600 2968749 3850299
3952966 9026975 2060913 6966884 8838098 4338216
9292883 2465465 6435492 7481869 4712006 2969818
3591150 364164 312894 7749791 3709790 891698
9131871 6761994 7482159 2130692 424496 392742
9574327 9767084 3895092 9786086 9943746 8963674
2737298 6785065 5709579 5500970 2486552 8734434
1075878 6144081 8779734 7012533 9702921 2352646
7292161 8204884 8810393 3052929 143172 1871620
869444 8332053 3858799 6543719 1426729 6206754
6368139 1822273 8602479 1668171 7392556 9071014
443123 9506796 2521718 7471817 4744571 7926940
7260239 8090179 7877611 1578460 6673913 7565708
2111963 2119337 7059072 5129512 4838530 2219611
1582348 6521398 9623912 2023472 8916642 1611693
5104875 6193579 5358335 9502824 9132830 664279
131955 9407706 8751525 9708720 6569409 196125
9830928 9820343 3460313 883452 5792690 2052992
3994009 9290984 1658139 6293091 4431755 9307391
9147682 1238627 6983743 6382867 85822 871158
9447101 8419651 590154 910024 2366942 8550991
2568605 7757415 8957348 7213332 1446504 7266206
8814182 2403243 5549928 6862947 5298583 5018187
8759298 698895 728707 7570920 8029462 9625658
9953554 8811783 1761823 6050943 355141 7894203
3680535 3749088 9321884 7880367 261618 8149757
9605970 8920903 7453400 4909321 8314847 8035274
3095643 6780676 7844480 4391932 7478908 2028511
3757463 2284735 5940044 1965555 7623569 9386926
142450 1876181 390189 964496 956470 3555158
6789168 6517661 7402274 1063145 3532796 7697415
7944322 933815 2141624 7400170 7256976 6377679
7564786 3849976 2384048 2693433 4475276 1248785
1781177 5561621 1332875 9733311 2293480 8070405
1954159 1714980 6125518 9934957 7737916 8385437
7759568 8641474 7964433 3898241 8120153 1797186
633000 2032498 3247880 147064 6447609 6545092
9886887 6357293 5027759 9562364 4400768 3773592
7002878 7449017 7400905 9141403 9183318 5394848
2222283 7055856 4224180 9331868 9108986 1817815
1571896 8009365 3195898 3756187 9640601 8615501
8413246 3666544 5729823 586861 2060432 2442777
8000905 1634113 9114012 4787783 9846424 5936187
3042646 2391795 7314211 2351926 2932078 288899
984532 8618165 9458156 2569584 1675958 1064296
7573005 1301132 2923512 1430064 8575167 8438243
3349193 6130699 6716691 6412257 1149117 734224
8043769 6416016 5388584 4958127 1140498 7549204
6280836 7434500 7209432 8287993 6289221 6717191
4503604 9219970 5077287 2906998 2771654 1022435
9157345 5843661 1990586 4665526 3013856 759300
9519265 6570840 3058946 675768 1438589 3715724
9219495 6630389 1242677 6579987 4308156 6516061
4900315 6026404 7477667 1908951 6288747 4241458
3854864 9285012 5011911 6206320 6926460 9355196
3360956 442194 3359044 5694256 7254911 5305455
8743637 3378243 3402160 4629284 5438862 4569657
4490258 5605068 5995910 3493707 9068498 9658832
5474513 7923617 4911814 8561225 8006683 6745250
3544768 7248394 9554913 7749127 810662 3728844
5747389 3312944 9644380 3703749 7314811 996394
356679 3525239 9375477 5937221 7836349 929913
3113900 271031 587542 2908009 7418693 683679
8245547 361156 216513 5353078 731806 9002843
4443382 4799730 2435511 6613794 2149487 6517
5750541 994510 2567580 9673316 8881895 2125917
4925277 786508 8290256 4999516 3137028 5543258
283355 9537292 87267 3981900 5447325 7735652
6157707 636758 9829701 8871234 9503579 449505
3512330 394310 2581137 641537 9260367 2515081
8560883 3742884 1375751 9368960 186679 6841839
8362332 3440584 1389135 8461624 7982732 6632184
2393422 3246031 7224128 4673255 5069723 1194514
8915575 461481 9352405 4699858 456086 1512729
176815 6879307 1490930 2118075 6160986 8487585
9544780 4283739 1526141 5775175 6438633 9394143
4167507 914394 9350612 3245428 5619568 2006741
6346516 7696083 2654026 3197516 6477811 6257548
3225377 8839075 5324586 1386622 1725961 8798885
3162675 3861024 3286798 9863022 9192144 3307372
5350908 6244257 7279597 2901550 8916844 3698992
5106043 6618247 6807398 7829985 505747 4155328
1843902 5670147 4841913 7345664 8353342 2760003
8858703 6979298 401496 5233382 8892697 7321911
3162998 8158157 2557777 2727255 2612500 2577609
6107345 4304484 1722250 6043240 7894520 9375310
4727143 3444966 8779239 8955033 8091473 9859564
9450149 5395391 8333327 1169257 9542720 6055814
3956972 5817010 5507681 526795 1004319 2212845
2905876 117525 7351559 9957685 9738552 758686
1141214 2378788 4005747 4229788 1722640 6201262
2433078 5800661 7775626 5466602 2618521 4908376
3980763 9903669 8887825 541932 5783232 3497306
8988584 1993740 8615436 6501963 8770282 6795489
7069927 5580550 3300165 9509405 3137363 7776994
2023750 4769457 3706413 8020552 7813818 5712685
5853816 5220361 3672751 2132064 8736179 3742058
8280187 8490370 3198489 599305 6546031 1100649
3325020 2363944 4334293 3854253 969101 7744811
2143249 4639251 3608505 7210257 7159861 6142090
2901097 2923673 2663298 9998632 3442851 7849063
1201962 5960210 2089850 3175139 4688115 562871
9824554 6856519 3257561 4873378 8221775 279912
3596999 6470621 9034518 2199515 6184384 773419
3442701 8169497 3800355 5961602 5877303 3174567
2104180 8643559 8060499 7530661 9230967 5812506
1078760 8281555 5047518 5349426 9397343 585820
9010798 149880 7675828 3771421 4029699 4112581
4487250 7269871 6417476 3328592 3613258 689239
7107571 701581 6739288 1889878 6555931 5273354
4048707 5240360 82907 8915283 1070959 6044556
2502371 2293893 7625552 7445054 3794617 9940219
5232394 8247573 7073278 8448698 3188716 6034503
3097590 9671279 4139798 9687773 1474351 8607432
6757090 8775587 5030300 7371260 423089 8529385
9073217 9188882 1725624 9774164 1300718 4156983
502913 95515 9078921 1631272 1269049 1735806
6487029 7042195 3475253 6477256 8096198 5365684
3615961 8658873 7512864 704784 8792287 6884651
1133556 4360933 3766008 1475475 2158192 2295372
1014255 5131111 1870803 9096166 8371837 4605735
8214595 5458230 6946854 2916295 7945784 3093201
6955582 1466317 8402230 2403992 3200744 4432155
5132178 279834 679388 9664616 3755298 1764216
1016521 8368432 396594 4840973 8640607 6939785
390974 9027437 7937322 6783549 617017 6137937
9865002 7390863 8670358 8869518 8262661 2637968
8418830 699665 713088 4419662 3749202 7325969
8482421 8729564 1160189 9333852 6343297 1878358
1615984 1349638 1375813 106586 8079644 3404
4209140 3373622 6817622 7069 2525321 8918347
5155879 172033 849300 2264292 2538989 5809880
5761797 6262659 2017173 8041419 1245785 3055633
1051127 6596858 4619230 3070625 6358551 9911043
5779596 1057121 2684140 6058963 5167565 9267378
4762124 9758416 9311218 8666953 4660378 4889038
5820346 8411761 8174344 1794741 9263783 3577169
6476669 6218128 6190574 5350308 3572054 80637
9861185 3574564 103853 8320180 9055458 1482785
5384174 1138515 7015070 6906578 4227472 1468199
6234206 9096915 5004468 1581921 7502167 2780573
6498662 7094844 1602281 7128134 2221073 2834024
4881288 9256386 7333075 1042060 6593955 140423
3720468 429287 7485066 2603503 6197778 1593000
9163525 6441944 702957 7828432 3282778 3521862
7873968 8913768 4184288 6706145 5560535 166868
8572701 4894748 8715961 3410001 8851646 6477210
8478355 2733051 1353491 7269829 3438891 9799072
4149710 4342113 4544559 6874647 3186109 3798185
3983132 3630702 2899136 3411467 2418395 1060222
2077615 8670229 3812065 8080418 9254165 3307304
8649735 8175143 3695851 7166207 2469359 1699207
1424461 310467 1577641 1007856 4125147 3464727
239509 1893696 3003053 903885 3678722 8940664
8977303 999321 5727659 386103 2723012 1929832
7267731 5161233 2476352 7655738 1332386 181416
2665144 397936 3478885 8046186 8620093 5263748
6103220 6983503 1872754 2845351 5450185 2875642
2220543 2975276 9505555 9434409 3171958 524699
8057169 1173730 4991507 4871400 9103115 8254844
7579645 8263632 5452130 1766019 9898475 7308126
9222855 3768723 8978080 1396224 8342711 3727211
9985842 2193322 3273602 7739304 4800664 6695218
7067910 6131951 5549135 2852016 8165559 9747735
2424276 7833322 1989275 1951652 9598569 158655
5189909 7793743 1294820 5224040 466540 356461
9811617 4337200 7085027 4564628 3622496 1681462
3897561 824319 4632564 5778344 9448567 978635
7251097 317864 6373065 8296288 7803490 2971164
2705708 4727628 98072 5704395 9341742 2065153
5318850 7271203 4170154 8819424 6206315 548967
2432390 4761801 1726781 2917140 7927687 463463
9610191 2503282 2509455 3867673 8954455 7341240
5115170 6645932 8384754 1010639 4700554 9280704
3785590 6893620 9990253 8323656 2518332 5738911
258389 4107222 4995458 5019873 9245777 6351293
7511308 5078136 4618003 4083597 3345953 4686765
9251853 4333957 2390177 5909601 8686097 5300208
461709 8838034 5773173 2756832 589224 2695809
3680398 4308210 2570648 4889449 5033834 9312694
558714 4108733 2243469 5987870 2658751 3820464
5468005 4590317 3257504 6158162 6356365 3876319
2723236 1031573 3299978 3697989 1758786 366596
6890526 7875988 8207522 4690045 7861947 3680297
9965738 7501557 3517998 2299648 1339474 4937566
3780644 2621858 44301 5305308 3524882 9237220
2443296 3263983 1675206 8569713 441596 4095779
2042703 4303547 2481669 1896854 33595 9557650
9395831 9982409 2549424 2204051 7998923 7157846
1105171 5868669 6246786 8563171 6022131 5157193
302466 3168357 3250843 8319938 2377517 3734507
3832017 7417928 7506690 4062758 1254692 8494803
8691390 8320813 7434392 4111743 2647341 3558400
1198628 8068883 7467961 3960347 2903817 1357065
2388142 1576592 4622934 2886455 4200136 7656213
2990434 3880125 7241851 6518012 8267247 7273238
844936 3722764 1926029 8747162 8064837 2615667
2050959 5333072 8727717 4054621 3512661 9678110
9723454 6993428 3221327 2688385 7364543 7953247
7689232 6342118 264540 1893778 5931795 800925
9111572 945562 3217791 9850477 1072324 7374567
1252951 2173378 53565 161153 3266806 8924576
1632370 2451465 4046 4852294 1909388 7570744
2629347 8333521 8063931 4944824 3163000 7206707
4434886 302048 6515581 9288603 8828780 1925129
7008698 8951158 7790969 1125104 9635590 7119274
9397875 2200482 4260748 1353149 2801669 1339283
9624544 9562300 3726622 4296750 1056015 4913077
7949200 2836937 4432730 2693796 9264430 7598274
2736993 4166747 7782561 6011083 5415590 770275
858985 1964347 3344597 8128436 3152455 4315647
1133607 507266 2815875 2884772 5454418 9708905
3309996 1276198 5531851 6724648 5320279 3600700
3480085 138136 9246033 1602503 1339402 5991842
7492398 4314902 9686728 192694 8388110 5468842
9336713 3386792 6784892 3490472 494163 837322
7994685 1496107 6409845 9410974 3163142 548748
2097202 5064428 7382518 4723824 9383799 7988231
2066423 6012345 8846467 4181861 2530998 5277454
1524242 9256482 624944 7352754 636037 8837552
4628919 940913 2119155 7347032 3548058 2067626
2924013 9819523 782034 4694529 8729962 3824172
7190854 4069110 6974993 8697284 9505301 6274974
8609323 2768574 4931102 1698496 8126270 2375765
6622375 5154852 855794 1507437 1966229 1237681
212377 641930 860069 7572292 4782055 2222228
8429593 4750169 1516370 5314892 1799811 9564276
7206196 7371894 7282382 5022295 6991006 8461887
8302460 2826958 9751180 4349970 8743431 7867463
3906450 2930422 2814642 9743390 724657 8393206
1211832 1416575 7853294 9544353 4482151 8088032
2964102 9618561 9287055 4752764 267691 4755131
4758603 3294431 968762 5366825 4492300 754376
5093382 1600079 8163845 2393907 3204976 9139271
1486501 5862407 1898499 2992606 3665841 1851633
9407585 8686202 4025512 3123163 4103059 383236
1710982 7661843 2889742 9194350 2058192 7372445
9174831 3549695 2559267 4996048 9591366 5448999
6898700 8539624 8438122 2060266 4650008 9124577
229361 8817925 8211598 8714023 8057852 8619744
6189532 9971496 5952719 7435422 5345179 1581488
729619 1635439 9191371 585526 3655843 6830456
7864633 5899031 9541886 791400 3219075 9655280
6580003 6490452 6271040 6449499 6093905 5126217
3413510 7347319 4036194 4900934 2893802 5285134
2171637 2996959 9603991 4269998 3004817 2086696
1419725 1739408 8204516 977778 4266428 7955926
6257627 6313174 4883781 1607665 4195632 8750976
9582690 9437960 5598849 8556317 2134019 1567399
2348704 9740032 3877590 826502 4021911 7997859
7545294 5828685 8741637 3906237 8413889 658884
7226465 3594635 2894214 7455190 9371675 1479666
1450764 5602224 2224023 8315113 191872 9780731
242435 1805845 3151686 5285217 5318243 3455841
9686284 3615319 862939 8036591 1921294 3264784
8209106 593222 7717497 206657 3432484 8437743
9214289 2351390 7899285 4224896 4381199 600997
5856762 2127500 66285 4119183 7105553 6531794
9343375 4033590 9548160 4096859 584067 2216066
4846173 2260076 510441 5285795 4219952 4798569
9795944 9189873 1673340 9629429 9246083 8778452
3762169 1244107 2169740 3786280 9100824 7840481
1881446 6017538 7424645 2550688 9428455 3190742
3389555 5567101 6509766 4331145 8693215 7887704
3716624 4112247 9155 5501431 5360483 1172408
7927301 3928493 8131438 3100715 4428952 5191325
8927657 6227332 2881417 1287832 357013 5861446
4362053 5557094 4932766 1707679 2215412 4566528
4791420 2295484 2831620 7319699 1896240 8652850
8288802 5464799 496657 3785636 5912805 5133836
8769297 8260738 5883623 997332 5858979 5172330
9709043 8780730 1588586 2233319 3623031 3201122
309325 2101722 5210087 648319 9969091 3136121
2954938 2008944 1896834 5442627 710010 3064999
8340787 607601 2032253 9478587 4811912 8964153
4694667 5142020 314527 7747580 2518535 2096275
9977823 3364721 9698114 9760435 1998636 3434682
2977941 2558100 8672453 9630497 7010373 9794517
3442762 7640483 5495707 7360536 830698 3903860
3237002 3326670 7550727 2818624 2656545 5251377
3140077 230455 3968817 2624433 7538651 8481010
2886595 2561744 9583187 3113812 670496 6604370
3438006 3194502 10308 8462151 2464685 8151910
4392545 8710289 3597228 2237736 6035824 7171429
3468445 7334131 4311321 6410667 4510578 9191864
4545547 7159199 708176 4446736 6620357 1768180
9465864 353508 5019448 191442 6743902 4448628
211329 328950 6969986 8891337 3922530 7636195
3893551 4774850 861985 9398816 8426078 3946255
1654149 902341 4194630 6797387 9155987 204520
4169689 6475927 8051166 391323 8568264 3511297
5896193 8991269 6574144 8242127 8996286 2111177
3132462 4201103 1966387 9148599 2026406 5706874
201443 4577108 3411600 6675126 2517115 9735727
8329879 5146730 8733120 6761921 2792587 5718016
7573549 2668477 1197520 4814927 6021753 267974
6397462 9820006 1760685 3458688 2995143 4931261
1062050 5651423 5778563 8750808 6266354 4224974
1979867 2505550 8875934 8487756 6595944 4578879
6792920 7494562 3958812 8315438 2061444 3421534
4778176 9134272 6198682 856128 668578 6327809
913656 8317534 8179350 1698412 2751137 2206400
3946189 6742754 1581964 8480339 5613075 6865691
3957164 9579070 8880376 4508146 4782053 287036
6842082 9085793 6072532 6618641 8022007 8527190
6309161 8082023 7758561 8339151 8680512 3860871
8732579 205922 4982845 9450754 7837152 7948820
6045624 281454 9754413 6669533 4541566 9853190
2996915 8312580 1881487 7093120 4358274 2482373
4541157 270030 4352219 5911645 4014045 1582784
255277 4295014 295527 9652159 5389250 4669113
4447838 5607038 8062241 7721092 9747760 5407153
1882845 4506410 1741918 931555 8462521 4500598
532623 172548 4544227 6219342 3621726 9709426
6645703 9216041 3723749 5276188 3797993 8410482
9508652 2820934 6191876 3400061 9195477 3542137
7653293 6393464 4892204 5085299 2221694 8934527
1790948 5275822 8564820 6474334 5210274 9851864
740454 3609602 1807508 9851620 5379021 3841496
7038556 4035934 673288 586100 3006456 6173209
945363 9171650 1809045 9651759 8212440 6926826
9215276 8482784 5310933 8199781 3278262 2069057
9608394 5447324 7950854 5609699 4428394 8345903
1144606 171369 4005766 3871885 4535733 188390
6602973 9657031 7441912 2350380 6361504 5159542
2868849 7067192 3387008 8718994 4139935 3050044
7125482 2139188 7063382 1637994 7259057 6727490
4540931 2540673 331339 9738451 243226 9931697
5890642 1428857 9607540 2327384 9441494 2835086
2167443 7073478 4635916 1620654 3048786 8555408
9484913 6864895 2121279 151390 5330932 6211070
8682048 889399 1307388 4900809 8484217 2289206
1282521 9506611 2912311 7278276 9330954 1995060
9857051 6864521 9413805 7510215 6459737 4932647
5552002 541464 7625698 551921 6551551 7066456
8414128 5504827 9090401 8507974 2153081 394162
4606211 4389540 7209740 4120269 1056402 9353826
8624308 989832 2944640 7318334 1044863 9934882
9922775 4889167 7742524 2640855 1763602 6184264
9141603 1974697 405157 7188631 4599388 4789467
8585371 8130127 4337848 4240931 6486681 2979389
3198804 2774547 7353530 2518149 2672064 4941413
4785319 5736782 5808119 59978 8885907 5469904
1988007 8233668 9496601 7690816 629145 1662384
9323932 5773272 3741224 2906137 9366370 178383
9989004 7417579 9790152 2420273 5534897 2926275
5015978 4383376 4503151 9965250 4119529 8270316
2581352 7404626 2217102 2801111 7855535 6026820
376145 9081624 3088789 4935253 5200624 6365719
5292866 894555 7500981 2675464 4916999 713408
9238164 292667 3408176 7175146 2529145 5254485
5151261 2365046 201885 2881844 5044000 4502530
966753 2022756 4114138 1226285 5109463 3224519
9445282 6522821 7917736 7714404 2529991 284745
7089594 5053750 2216955 3424432 7127406 4640341
5425293 2340514 9466377 3789743 727085 3826862
4862139 5406205 4875481 6962616 7649849 5490489
5824935 7494301 4037624 8586259 3968500 3177867
2251581 4066581 5785091 4276462 3230181 8394178
2795671 1523760 7762675 3123430 85552 7475394
3037530 1726828 5237640 5561543 7456550 2703485
5036153 7177009 1295670 287275 6364145 9703258
8349038 2482665 8872971 2427247 1889469 5035690
6247120 8503334 1085250 9039087 1172851 3060825
8855250 1148831 9110332 1072199 994071 9203325
6064187 1738708 5320653 7400086 3925086 5923020
252849 263391 37750 1334139 3550106 6791490
1882196 1964305 7702435 6081833 5927423 747516
9521206 368424 9634290 2726984 6876309 1582217
6390143 3998442 553977 2176814 6706292 6307719
3593153 3963953 6182938 2092345 4223088 4625436
4382604 948951 8557579 2949950 2174398 1626077
4997940 4912981 4953228 4293760 7156891 9208545
5358389 2773416 5221407 8362815 1550992 625647
9569035 3337203 4862398 3738435 1009943 9926644
5369043 8076034 3557098 3730030 7740985 9586152
608551 9789851 7741216 3076998 1699228 4978471
2189937 6571256 8194025 8008212 7729043 1963328
6628989 2096382 6841550 1345432 6818425 3932876
1086311 5230337 2412961 5557290 2523309 885885
9763038 644168 9939008 8630934 7580907 4098364
8068978 1267909 7171996 5367076 3685208 7367040
1467328 2281390 1074187 242935 6172878 4979736
2431621 1560822 5608159 2899070 7109446 8913560
3085093 4023611 1257608 9624222 2643719 2510647
7173190 5051260 7266541 6855331 3313960 1055059
5039463 3559002 8990349 4095661 9939233 6461134
4791331 1261912 8411173 9474510 9878103 4537035
2858688 843376 9057459 7433225 3125669 962487
5277725 6863967 3534722 1025447 5545841 3557296
2840755 8444756 8624190 4661348 8193885 8633948
100498 4611997 8967429 19128 5203472 2613875
5989386 8335960 1621588 9147025 8107739 5847534
502387 3610583 4145507 6720573 6765534 1800343
3453188 9739965 1925591 6304054 1577605 6449993
7520337 4014016 8013161 5433053 1254905 1494477
7836943 129982 3068027 9777225 9374011 5266105
5569605 2839560 5639903 6443583 1443838 4789708
9340898 6130700 8756228 7687187 523060 1935257
9411788 6120182 1679221 6823847 1208160 8453919
6708356 3796444 3034391 2517436 2498790 1189456
4600714 556333 7081054 127110 1310082 7977756
2779506 725161 4236572 8879401 1150967 3925974
6160439 7009604 8296127 7135882 6963155 5446905
7693765 9833149 3490955 6077903 6021264 5134723
9815256 1013096 8921821 4614107 3068869 5577566
2231714 3052169 340769 4450447 1842869 887504
7708654 9213787 4820617 778471 4907681 9797898
7698685 532386 4969214 7753247 663408 4198556
157792 9572473 6833288 7587485 4823670 2665640
7698500 8522811 4535069 1946330 311854 296986
9055934 8165399 7656292 8659005 6647687 8098798
3585204 1709991 5166735 7408622 9427228 7749368
626287 6915293 4925468 3693056 8379217 5488878
165509 2062008 349687 4723265 4456314 3496395
8744278 4644228 8228498 7675129 6751947 3320058
6352435 5762323 8901932 4523631 1722536 6742282
2141606 9039680 3884698 6870415 4168042 8953416
9031821 2749170 145245 9083920 6961197 7908376
7740171 4005443 143593 9046190 1780821 8249846
9947298 4332669 3709084 4159896 9914726 2003458
9870299 5910074 4958044 1846677 1056186 3664905
8847435 6102656 5192757 8183186 1551449 9339536
1604179 3295093 7893965 1396271 5691443 1707144
3351150 9660357 7683031 320121 9934958 2746503
3176464 7306244 3981502 652086 4576333 7389867
3033197 7981709 9124953 1881240 7000115 8257968
3995372 7185144 1692983 6480339 236485 858541
2715619 9556984 2453993 804056 7442011 8485727
355880 8551027 8641225 2001939 808746 254369
4320427 9550177 5975116 2211541 8670212 3749941
9683403 8195348 1526322 7802889 5149989 3569739
214582 9722938 6294978 9635997 7400898 8506299
14161 6870810 9423872 6824489 7604502 377973
292509 2372407 9864233 5495774 296206 6025306
8748641 1031258 7172963 8870584 7560813 7449938
2282852 1783831 8514931 7943041 6796936 2041136
9332219 4912730 4406995 8884254 589474 7719072
2190749 719882 1150128 134926 1987778 3937935
830497 7495937 1945675 5597142 1919032 6297805
3885708 4187628 7899142 5501015 9054248 4118730
6396776 1343998 2162125 8845040 7353145 5617067
9991367 2071119 73873 7382735 7492270 2691772
5970977 1408255 1782933 2145160 3305025 9576323
4875178 8613715 9043479 3235027 8040087 64875
5504262 6685709 9864799 2217126 4057332 2609308
4141994 3831203 5858481 288264 2487477 9245475
5556947 3345709 3366737 5533060 143559 9916658
3864062 3447761 3667 9253903 9626164 510776
4514871 1740547 882602 8322818 625837 440533
5075251 3161748 3303910 2097249 3340777 667435
5752268 7774240 8013787 7464565 3240740 3661067
6833290 5682713 8920777 2537457 6588213 9959316
6209586 9342117 8470155 9126821 9370965 4592325
61208 6250358 7059544 9354022 7702255 2316785
1726705 5819176 3205365 5417948 5213013 9325729
5941564 3459697 4931 2699301 9780791 2369318
1902871 6399496 207020 6342600 2420613 3943451
1589999 1977413 5152333 923286 2113232 1283720
1970377 5948430 3790782 8711584 2036041 7090418
3607891 6398246 71985 5697001 5737859 7421564
455701 1415342 469699 9595048 6595893 3128516
9954384 3510284 9561325 6100837 7223949 2971468
4385305 3718608 3829745 3116093 7764022 5724841
7164451 803419 3705943 1921645 3447571 9264583
5534946 7229979 1423656 2914512 9091410 3382545
2297333 6205869 661637 2785456 5886898 1005271
3473751 1994951 5381520 2023817 968901 8602947
1722394 5869539 8724480 819313 4326279 8317432
3260672 491797 8634223 4347143 8532550 4934440
3715620 8534055 7967770 1205116 4060101 9365913
1704860 7039872 4418874 6178779 3803504 1018079
2309831 1599849 7831709 2824474 9642342 5769071
343321 5140633 9834518 5102996 199251 7578031
540102 4715632 2903700 3106223 9653840 8599612
4748322 7950189 7673318 5727197 9069835 7352843
3037500 2268634 7934849 6015607 318957 3929029
4184073 5543614 2066035 7706400 8509482 2726430
485723 436197 849455 2865151 4003822 3391917
5099922 8612624 8334804 389739 665014 9344468
6462212 8598636 7386032 5819261 1430457 5853314
3344761 6582634 2530014 478866 9786974 7373707
7834222 4327713 4821676 5905488 918923 4655636
5511995 2833701 6206150 177269 2620500 9217642
7750157 1883170 3946367 4281401 627274 457210
9018038 2647760 1603620 8590381 9553394 1720320
6542997 8364811 4113156 6212721 4361639 1926847
196416 6856 649223 3475748 5030929 9676108
8570240 9194433 7693701 3679167 4877743 7831312
3138317 6284943 5978136 8168389 8069104 9547286
1906946 9063359 5955359 2072803 1460827 7139214
5770086 9243840 4774319 3101355 9362491 2554111
542480 9299274 8472062 4279303 9980853 2613643
8568419 4274409 6852241 4270259 5711160 1432841
2763509 5338871 7770016 3772308 5452063 3268451
5742184 8374607 295707 4565869 4305774 5298280
5971488 8123612 8546029 3510008 7705661 5787088
4901788 5468885 9831941 5139590 3136687 5578469
9359250 8859014 6304089 3364492 9599970 3794695
2695045 7636687 3352198 4522518 9309294 6121956
9369197 1997778 3791777 1505868 7359171 987884
2258403 5976610 4993499 3173781 8307815 1857240
4067614 5058410 6568747 1065152 9368470 242275
1600900 7623918 2202183 2191547 4413057 6593048
6964362 2377691 8774636 6501012 1870824 6669087
1946081 1448969 8814318 2424072 4140811 5707882
1995310 3395920 8109713 8844056 2881186 7160077
584969 6185468 551199 4446848 9296878 4541560
7225947 1629892 8268216 3109922 2921617 1685375
3919772 7177649 7584720 7198728 4541506 4981479
2213248 5757391 4105785 8324412 1227699 6858845
3042922 1643541 917598 860864 9069842 5972550
2132561 2756843 4742731 5042106 1606578 8227589
6041849 2517513 3080813 4233075 9275064 240931
8400871 8836158 8527351 7128942 8504300 6963162
8123161 4796582 8854414 3128233 6630808 7123795
3054291 2260557 4957768 3692354 1403925 7653336
3623962 6365082 2560050 2295666 977361 164774
6942643 8877665 5571071 9357131 1156879 2023992
1900666 7980172 6482326 3864854 9923540 2391540
8331493 5913979 3139240 3954435 2737702 4273259
7118135 9004327 6126034 7618936 1987815 9346020
3269820 2349495 1113588 5427476 609113 2909981
7680881 6105204 7858797 8362577 186298 9626635
1392091 8766030 3639703 6830422 1227567 8650635
641469 9189437 2337016 2566227 5360860 5489945
4514095 9669526 3627380 8286790 5177530 1973033
4038739 9323707 6889849 6225050 6087311 8807383
910404 6473189 7371059 3572344 6183972 3818335
4532743 9968915 5727680 3512605 2562344 3971672
633556 287713 7776760 7475399 6977466 2798378
7009003 703592 6988634 5623642 913381 939587
9282601 9394090 927674 5885764 4323837 862591
2736785 5167040 2678719 4832319 5920017 4754377
1279576 7069125 3005464 8518681 8033484 5391945
9762264 1001490 7107181 9655707 7653233 4889817
4196272 6563340 2346240 4091471 9216047 5383718
1818749 5286762 5559808 6431472 4289742 6789881
2890661 8646978 5645078 4865089 775819 7395304
1292953 5801237 4367695 3022382 6195822 9908341
9792913 8490322 2670107 1596689 5861377 9911890
3832405 9626893 1740857 6037857 1689491 7760496
8516350 8645313 5950992 7295000 3013569 633255
9194569 4848104 2779382 6215582 5628019 9386505
9746866 4897175 225670 9711876 8362754 1851996
522121 1173889 367518 2437899 4298558 725724
2713610 222060 9425384 5647917 2599066 4662848
5049024 6852804 6957487 7884581 6348738 2130506
1444311 3997952 2787667 3734439 3827813 1347717
7128958 3577330 2862302 3283602 1849822 964202
9686220 4120528 1264139 9888861 5515735 515601
7392978 6078450 4346755 5225268 4581390 2791509
1207871 3546652 2249037 8116534 1166558 8775215
2429018 1862285 8548436 8095164 8267565 4364802
9064328 6787682 7346076 9019800 5308941 721227
7863421 9430008 8372237 8461182 5961696 8478538
3398709 5160163 1337069 6441885 491602 270288
7783751 6219043 9416562 9996157 2526568 281161
9098679 9012424 2410772 4087087 854583 9987537
2415765 1591056 5852963 6899336 824532 8728053
3169524 8373178 769509 3625527 7361846 5151381
4419272 2746688 7584955 3770499 4717824 6006395
7438146 5987132 1370682 8278148 311413 2048521
4948240 9068170 4261113 7064915 9921120 6296517
8310455 3776334 8575425 8384699 6045416 4370640
2625574 6499372 4335630 2609016 3272360 2118424
9500778 4158223 8857196 4265180 5576885 9779879
2696205 5328179 4294599 6404376 6648941 4867450
8616855 4137617 1279643 3804441 1951096 1756361
4466939 6104609 8452057 4472992 5315071 3585512
6575956 6034572 6701271 3214315 1144925 8218451
1670764 4829130 2714771 9252257 8777369 6153189
3191324 683059 3491285 4481234 4368710 4592940
2001917 1906078 7127392 3707974 9767844 1907799
3090996 8821133 4548276 2579268 8142076 7167751
3666366 5027786 8843151 5271684 7689223 9542312
3078607 9481890 4183254 6076147 4733612 1819811
2152678 9364597 5360247 5126453 613116 1268036
8265076 9985705 1735899 3859117 2471074 3408992
6458119 2867982 6266727 4793471 123318 2323791
3670175 9091495 6687053 5547020 5585890 3749583
7310038 7919640 2993836 3948972 1402626 4886820
409686 5925770 7172466 5307581 1555295 403247
6547552 7964542 8208016 3280239 4314192 8156371
5431852 9807249 2556711 5434158 8813565 4821241
3275584 8285135 9358571 1859462 2405971 5642116
5132757 6605658 3778706 1610663 7816415 2693476
8274200 4316103 8583078 6849078 3449430 6545304
6236525 1150537 1312686 5863480 8245919 2158776
4115775 389935 4777303 8530681 115167 5778641
1192872 1875879 9106074 8172594 673387 3117490
5528248 8550223 3519798 1530350 174823 4949636
6624540 4936889 148126 5514540 5006039 9998088
9573292 8582773 6357818 6011406 9197632 7663027
3508555 7412103 39216 7199795 7743687 2016035
864812 6602076 6490491 8000065 417790 5940536
3587401 101606 3642715 5465588 1320829 4899207
3025506 4706175 975714 6363049 9238939 3309029
2010649 8601234 5383896 4779215 8957388 1532393
9420822 5181466 2678246 1443046 4664039 3261283
3078273 8328453 806536 1503762 665538 3572747
8459145 8624475 4519098 4207590 1927138 4904433
6355372 4107704 7261944 1458611 2985900 4491457
6687313 7145505 8173164 6730186 5189145 9142452
6632139 6085597 7644687 4958098 8579242 5236324
3262290 2144354 5437566 381432 2387314 2992375
4092671 1521743 4040637 7402966 7903904 614464
8789931 7803059 6674095 479463 8423842 4849684
4270449 7962211 2195566 8186789 4755733 7518534
5088119 6348086 3139308 1664083 4871623 4579940
5928060 3501047 45232 9282774 945300 9782783
9466866 5973940 1720390 4269568 7365939 1464156
450820 9284347 9241600 7558699 7940255 7386086
2468356 6152675 7661754 2795003 687648 617031
3040758 5075500 7388621 7919032 5293312 6039227
9853067 2428588 6650120 9460696 1474906 4402857
569231 9507156 6857759 6891312 1012596 2449902
3129293 881 596271 731409 7735969 5471385
8276933 7529420 8407831 5753221 9195726 8718947
6918185 3133056 2813398 9428201 6242015 5869799
2394161 1547834 680628 5681162 4416500 4937351
4814035 990123 7809440 4838742 6989468 8433098
528327 5577044 5140079 5211852 9665709 686767
20760 2309348 7339531 1917235 9642098 7763892
7631396 4099845 3232861 7931173 2542510 8341849
1589459 1141030 3265141 987959 4497150 9464762
1769274 7448131 5584380 5658920 5917374 6745845
7661945 3438191 539951 9974732 5224894 3618681
3578868 1706333 3467347 2126630 9407441 3932667
8530267 476926 1905735 2916736 8049766 316654
1704489 6882861 8447612 9467590 3249283 5848437
5167957 9540367 1079894 5675316 3442577 2217578
5102386 4361840 6391973 593685 4255290 6203907
7223940 7656663 8874951 9614180 4352305 836177
4874502 9462828 1733589 9332473 2457691 4020224
7559026 8852538 9398364 5267726 3954430 9034512
8298233 8194355 188907 4691514 4806774 5684526
2538786 7903551 8263755 1249768 7024243 5045601
7540693 7936582 6221635 5701828 5692795 393102
1441703 2090309 2530556 7611435 4593087 3786455
4114848 5835484 7082675 7059670 8116289 4590039
2819213 9834660 407409 7357460 2295451 6060935
6015000 2532426 2849888 3190424 7075393 6448753
2572421 3624733 2438584 6687988 1791779 4521109
7798588 1857198 3159742 9005261 3826023 1864121
6503956 686798 3601267 6402451 576665 8971290
8601851 5479115 9787262 3673715 8430555 7189583
4638191 183232 5641130 160700 9686828 3160369
7543213 8251278 5014915 6081802 5039014 968353
1347871 7426860 4043704 2561566 9261082 6259090
1430297 3813951 6008637 8543288 853504 1608653
2459667 9612548 1955760 3878598 4588573 1596277
6661491 8898705 5194178 5249000 2049796 1608547
8879979 7637888 2170370 9999372 1462048 5574744
6849205 422153 5647784 2632913 5054580 3149805
4927586 6040284 6218033 3528171 2243418 4616603
1180945 6094903 9329728 4032476 7701032 74280
1204609 3664615 3662704 3418638 9420311 6140308
5774175 6098870 5377063 2435156 3681587 1623194
4088720 1430925 2351903 433893 1694082 431350
5960869 9826754 4557967 8805955 8951011 8548288
5378243 3133319 6655286 577575 4068055 5954893
2278818 4847502 9936855 2096090 8794762 7797432
1912039 3430567 1001842 9507475 6858738 8955710
7772741 2492429 2358697 4594839 9439451 812493
2264699 747052 4400820 8898378 8071606 7874277
5516312 2398654 4713604 5114416 8040394 6286991
9485021 5196599 2030814 9422170 156338 8834084
1686338 1992629 2636162 4554471 8521853 8263515
9429507 6453394 2968016 5602257 1033213 6458581
6189591 783404 3693868 5842793 8312875 3321003
1554072 3380440 6775895 2062577 6579778 6396108
3083827 6797623 5390173 4714851 22453 1662138
6924895 8350571 2336091 3524612 2908501 7446821
8176330 7710228 2225198 6137305 9468870 1618212
4906261 9914054 1365441 8255022 8924825 7256989
2593122 3642228 6883723 8709811 7868097 6775897
2058189 9623760 5412851 6240053 1470643 1724230
2873341 4714656 6430941 1305877 8677362 2682641
4122490 2664978 7874903 6247047 7666462 602647
1095804 5416767 3911570 5157683 7156316 6665723
5030667 4828804 7872798 8133183 2121728 6380225
4778414 8215083 482474 5560193 1466423 3284740
2033969 1936276 6239585 500968 3263963 4754214
5187271 3600384 1236691 8682799 4132532 6259847
9382085 6346075 5975765 6281076 7614007 2451330
2864327 6900505 2467444 8747128 1209386 6641838
3851432 4740157 2592927 50716 6527462 462279
2200167 8562296 1198554 4590162 4213077 5730185
4363062 594836 2152803 9157356 9970412 3555932
5429031 6347867 696272 1612950 8751098 5775653
404459 8497338 601076 8031143 2695865 4565918
817296 3286841 726890 9597746 6649536 8523806
2161286 5136554 7072921 774412 6482631 5570236
5061293 4791922 2132997 245579 1918014 7019171
298526 3706971 6930093 8911511 3318096 4861518
5945566 2238481 5989059 6817274 9646256 8030124
9861202 4169023 5866430 6632636 3772866 926236
5003295 4765315 3945300 3628997 6996069 4833857
6483011 4654618 9865236 5126035 6551657 3959175
3642656 158879 6579324 3581905 7732617 8988894
7635824 1905784 9968744 5865371 3652180 4411054
2534746 5344012 5490298 9042796 913209 2313608
9703805 8428656 1019056 1206760 5242283 7152698
3073871 6669529 6710901 2096236 2428500 8663477
4996282 819530 5686823 2029884 3174617 9487376
1450800 6279297 6436406 6877536 8996811 1867081
957491 9137924 1113135 9534245 1094250 1652057
9343558 7440214 3741408 7551627 5422229 8123000
2940118 2435895 4916596 9426625 508033 1063087
2277992 5539587 9477284 1305267 869088 2832649
8724231 504861 2169394 6002921 7591995 4633912
5877201 2826269 9431845 9151974 249269 6104359
6039563 3539625 5575279 5058844 2752677 4988285
4922068 7444655 5397300 7563822 9089766 738722
4570780 2024175 5771263 5373319 4599544 3457223
2389797 9652224 8268836 8280485 810014 589388
9482662 3340637 9848219 9107496 1674426 2595960
8691155 3788143 2186626 8812237 3387062 6968408
5487808 7219147 2786910 4488998 6383198 3424433
7435348 1160408 1415095 1430672 1432141 5567820
8862648 503882 8226724 5974621 6762177 597045
7835522 7759077 2729611 4985890 5576181 9412040
5140066 5814572 5770229 2801340 8872667 5301622
8552096 5758543 8637113 8802855 9885510 7380397
670313 7900799 3269025 4844403 845136 9649606
9174292 8051990 1908495 4280398 244848 1170543
4369236 2716533 7025966 1589581 976714 5627984
4238796 501917 1642965 3374869 9348931 568626
7654204 4634008 2287740 6113473 2878575 5673598
6930707 59792 618371 846327 5304308 8861377
7328019 2991119 6913941 3080005 5811597 7524190
7503544 859668 5569723 4599685 8432103 6156133
8275655 6962515 4781828 3009129 4564059 9383593
5737431 7295443 8551867 2700399 7190198 6211128
7361865 3060819 5173415 6234897 7349691 185055
552171 3522908 7412225 8164588 4261561 7985594
8714042 1158791 4690319 4118775 5871324 8489263
4998902 3054518 6201904 6131606 7837817 5916060
891769 3921577 5495733 1234778 5108896 8008864
309510 4627620 5800920 702813 5718140 2750778
2350775 1268647 3509976 5384667 4047513 4909195
8743908 111067 2700953 6796233 4295086 3405267
4693273 1618655 1424118 62604 7701496 4135680
9223 1230258 5223001 9257354 5343128 3428113
4689322 9317393 8414012 9403360 7855078 9633941
2184673 8011229 5440650 1939540 1768000 4602677
4979286 9614235 9007004 1292709 7387698 7726749
3215106 4095535 9626491 2090465 6541504 3490240
6584745 246905 6926124 1665240 693589 4487881
7527776 3093420 5925519 81863 695345 4730120
6495182 9340548 2255989 3067012 4611559 6283856
7964616 2753732 9850655 6821441 5083318 8087261
5128675 8716514 3842560 7496251 6042248 1247592
3801621 2598856 2775889 4923771 2818614 7608173
2707817 519433 7317639 952769 4411763 8674579
8677158 4897423 8918889 4276884 4797526 8047149
5470760 148094 9483975 3342634 4125848 3787771
3639584 9763304 5163586 8838862 6536564 1977075
645321 31525 7051172 4677926 6280241 8096488
1954231 1571410 6521934 4647816 359195 4092126
8966217 7011847 8341968 1176076 8144283 185895
9168371 851791 3918987 5795410 2025490 5894153
1763616 458987 8473007 8988117 1284187 3055309
2444586 3868954 3982868 5340563 307447 4380238
1623406 3999231 8617181 822400 2322653 3226115
1525215 822944 9788899 5391849 4376417 7114001
5445802 2463508 1619021 4977691 9670491 5684773
8058088 4849910 8006034 1157018 2914309 5821254
9623481 2966113 287223 3466624 2203229 6490241
109257 3625653 6704399 3961730 9552669 4145051
1568713 8345970 8529138 692871 4270195 1202546
6105254 6371767 6082569 1359006 3542314 8820678
1436288 7466894 4198462 8298095 7282475 5457537
6374204 466388 1084922 2795927 1198919 9356539
2938892 8058590 8619714 3298657 5282591 750764
409601 1484072 2910839 7473970 3408978 1324521
7155634 7365217 579714 6803488 5051764 6542541
9738684 8264474 9423798 1466544 2030336 4736335
2291778 1811162 6343177 1246862 7587525 9086281
3060129 8772785 7147051 9172598 7753978 6211605
2582831 2806596 1089176 5331805 949405 2058242
5909839 3962317 4057915 2873941 1142460 9917258
4877822 9570716 5414623 4542380 3057243 2934444
9932740 1472347 6028254 3883379 1006879 3471429
4407586 9162738 3896546 3824557 4413841 4636192
4177469 7983035 9611238 4368109 4220657 2245167
5453365 4406878 7315069 7365556 5556705 8068018
678419 9417837 668701 6425919 6369039 8016809
3671657 8517749 5715541 4212606 9239858 6281631
183351 8699451 1799717 7617747 924219 1786666
8161695 2085281 9548476 9421722 8696471 3159424
306020 509713 5350059 3169456 9089014 8650365
5619375 2567184 5915642 7960235 3204959 1589042
2802727 7981666 2793699 5879737 152900 5896091
8920651 9964863 8743177 3329606 4184758 5521205
445450 7835618 3482658 5528402 9203860 3471423
8519541 1256697 721365 7509276 6119899 5859326
2666750 502201 9428734 7065176 8593230 6672673
365988 2223115 5494492 210675 4815019 2942553
8992967 2281957 1932381 3652384 501071 8731607
4416247 6976413 6324955 9828853 2724006 1253396
5167706 90972 3363323 2444219 9440694 1948262
867676 5293451 1861766 6934372 3212987 9650699
6467357 1855474 1371633 2070504 2963618 1961642
26713 234775 3020599 540104 6535434 6921903
1539041 4867156 755625 1989757 3093029 9143486
9534370 2837896 7778195 8175338 1897469 8502257
3309349 7921769 2782421 3546229 9342998 9521568
1080786 2058594 9068970 2281682 7185027 8645597
7359974 2345742 4012795 4363312 9802140 2489230
8232796 4627601 3555538 6441420 905177 4573537
1192637 8877919 2200421 2718280 7400002 375090
1872503 8292019 9958004 2869375 8761154 5041848
9179221 6480483 891776 3499031 9459318 4476840
7852932 9257359 7682129 2110027 4629783 747286
5130691 5171058 3035756 5288964 9942541 7269867
4946719 6867929 7016592 8208883 2353592 465079
7321146 8362505 4658592 8693880 409178 8893008
8687592 4490598 3584588 8970946 5184090 3321657
1597454 4733765 5168283 9078697 8588488 1647817
6891408 9082609 4248135 1453134 7587589 2228943
7339334 6583539 8349477 2688137 7922656 1893225
8025255 970338 4126891 426697 6177884 1096812
9818247 9159052 8848180 8789121 3422435 139184
7162698 6159744 9986968 9714099 3691509 5208775
2101584 5868021 8279440 5368774 1317475 3270982
6216943 5868012 774916 2429649 1354545 3825639
543530 5999455 6567942 1691363 945691 4213751
9194765 1170756 8555881 4071470 9260450 9429436
2799637 8102287 5660174 4108951 4290436 1427845
2241975 7625235 2892029 3140701 586552 2054634
3613784 2656480 9652863 855908 4209753 309872
321896 7388598 7804506 5022541 8245590 7422979
3571241 5471335 5214052 5773216 519333 2520753
6652894 8030113 6607571 8850004 2569137 3215187
7610808 2107992 1577576 9347070 187674 3729310
933609 7402828 5412902 4513308 8077578 8289210
4560888 8338857 6961003 8246008 3749574 1871852
1624929 7777095 9856696 8237194 537709 8819100
6213792 6468758 7105901 371276 6487807 2556439
5447063 4763779 87343 6437675 3245099 2101761
8732296 974825 7200924 4075196 4088931 842762
2010077 9057933 7393756 6924842 1212327 2180475
5559750 8406885 4280538 4735719 7225075 4792041
3358491 9373614 1570282 2758475 3133278 3718915
6623408 562333 915020 2856462 9066244 3313799
8201867 8123212 5093757 4859241 9513712 2774748
4670927 7549733 3688164 9013934 6227117 1479775
1425343 9288949 5256431 4925426 4811526 8080921
8275900 711344 7538704 5295301 3079184 3871485
531478 5973821 7841547 3482008 7451787 3526598
9927741 9153614 9991689 4079957 8722975 3089114
7086717 700508 8893172 1505790 64791 9675341
1103877 4344556 3146497 90507 1333131 3844328
8462484 1697982 5750807 2834099 4580562 8354900
5775094 2906565 5044028 1222272 4327762 3539891
4933201 1188918 97946 161565 9086193 7073502
1488086 7345386 565974 2167316 7838708 4111017
9187748 6770110 646552 7863362 4191423 8734627
724988 440971 4640689 3997218 5019524 5753805
7775791 7093642 4573052 1636788 8304862 5816410
8045086 5864445 6372746 5353281 6572588 8875872
9577395 942311 5258363 6072994 8602420 3987745
3278354 6295167 3859273 1639789 3646350 7810451
7708347 7911732 8715141 6309400 497284 3886791
8899201 935982 6169394 4344140 2385774 1992550
2500450 9851298 9040523 4749564 4122230 1974263
7738271 3834467 197522 1770680 8285966 3249111
3476264 4651993 1838550 652944 718864 8724357
1894531 6136001 3447292 6762601 3928440 393130
7101268 1735685 5367160 2485955 6454079 5636606
2706478 5233254 8556537 3265812 3572544 8751122
4947221 8528790 2172937 1885010 3901518 9811882
7612929 5937667 9625766 5466030 2833136 5845290
2048240 8246257 217118 7445036 2449609 6249772
8545258 5737849 5922857 8647392 7648295 2386544
6607102 5252316 7380388 4560916 9064202 3052711
4692574 210451 1079448 3087427 5705722 2190074
6551419 9520 2234483 3635409 9149671 7990773
767364 1635237 8902548 9521869 437714 8207822
5419488 5261441 2783645 2306764 4720554 7834695
2828265 6299828 880494 9786393 5277907 8649202
2431494 3052013 6873464 6573054 773455 2622685
4765841 8960812 2540534 8027043 893617 2440088
4015289 4909849 6588177 7932084 7880028 6013058
3483995 7085232 4814601 9172566 9141428 3802761
269066 2385809 5489896 3244753 259162 9405894
1309579 6765026 4731612 3585281 1203915 6097658
1117308 4194309 861781 6279863 4756027 1476902
5667287 7392444 4367824 343556 8291475 9810705
1246518 4896180 8419800 4867436 6302397 8192675
3834600 3258928 3910585 3070703 6303988 8387646
7132788 1521088 8701649 3134640 6717464 4128590
7708476 430008 3705933 490518 6814775 3685719
5151276 7204132 2329204 3337699 3505278 1748983
9434937 9925509 4094334 5679191 1998235 5362981
986094 6442143 462628 6538937 9750680 7944987
2187073 8046605 7890320 2474135 9147074 3234939
2775252 2532647 674980 239233 2635080 7861467
6104771 755999 8081405 4734080 9716160 9098265
5863470 496901 9753649 2161601 3635766 6378478
4293311 1453597 9522853 3338668 2148545 275320
3665961 1169538 679327 5760946 8303445 8768170
5795398 2677140 8057057 9094265 562446 972630
1074003 9195703 7290429 6232867 9574420 1242235
7281576 6252013 6725983 1364363 675466 9253778
8191337 25471 4410838 1511842 8180824 7693477
3712085 9436584 384101 399659 6573271 1465541
7182139 343824 2452554 9313234 8938682 7039019
1041207 6769205 9934454 8781018 1087597 4440062
9088048 8060443 1879176 8280617 6057091 5896532
3549337 2301598 494071 1425548 7569609 8277973
4357332 4283555 4496316 363580 5382179 1125862
588528 674344 2622432 5824888 9050727 9230595
8789681 7968342 7313330 9686963 323156 3906261
9319323 9410318 8937874 9970776 2423793 120380
5814300 5431467 3379492 4487569 6850322 4271673
971469 5756591 2774214 4174580 4955902 4655126
2542703 677626 1387025 8808592 8192489 413253
1817630 3263160 9009715 2648580 9490936 8088749
8583202 3862374 1978442 6587809 2106224 8159291
9340099 4386556 1859762 4375935 4549280 9950711
7746370 6100959 3824022 8350759 4853418 3294136
6456381 4615101 3012440 2658203 7144259 9645529
2519236 510731 1217828 8524620 8153145 9160633
1110664 3165719 5940531 5290743 5904367 2987948
2293230 4383659 3650366 4614923 4834481 569346
2795364 8166768 6128346 1436313 1062222 2091530
6589231 3466870 8409741 5715579 6192199 4875835
5076308 5924998 6718114 2332912 4068573 1595492
6941462 815478 6233410 2699128 3265270 1383561
4010180 2455626 196592 836074 6057528 469758
9643769 1841457 9780619 2443094 9862838 8977491
3517183 1082922 9448509 9126298 1935389 4686275
750891 5395085 6973519 1064696 214434 9979368
6269833 9960318 315086 2054874 7673460 4019002
4335936 96236 4901497 4744785 7426133 8606595
1894937 5753157 7409342 7939983 6071809 4350742
5095215 2633214 6062159 7740622 8815729 2985651
2146983 7815164 8880088 1547135 1948237 7870184
4410041 2945484 2241192 217224 4566240 6097210
154672 7588895 4167996 5761616 8107158 9766602
4075994 8772398 3656789 841914 7231360 6182232
7276932 2810908 9323276 2622777 5969480 7581219
3917208 8529211 1144588 7329434 9907890 9858296
5138913 2788801 8147999 7031312 334743 4480648
6365402 1677712 1186916 1312132 7785311 8482913
182745 9333598 4526056 6295557 3664628 43331
9328861 1305069 583803 2697856 4270202 9137328
8546908 1787264 6976003 4659973 6300015 6037028
4952621 2825237 7681004 4309699 622702 5318357
1618603 7044681 8437654 9176140 4476511 5553647
4995315 5964800 5025597 840362 2440031 6635881
3055162 7621651 4864582 1101257 8000572 8602821
9274493 2441057 8518598 9010670 8484404 8547478
7504644 1705429 5377697 5149887 6359510 4960073
801909 5873046 8710895 9207699 4676953 6619947
1605676 152721 6828557 5030155 7702541 8305401
4111731 7706545 9347233 340122 1604810 8678364
1172446 3851364 4824664 9078182 5035206 8181645
6799758 2607933 8560276 9890176 1671495 2771081
175950 9845427 9605290 65523 38453 6566984
7924985 3847462 2944697 8244635 9495580 7847851
1774264 4244337 4738515 213197 4898938 777859
9200244 7164522 100618 6699333 3977441 2508146
135409 1723726 837839 529250 2407941 2069020
8059670 1715499 8481225 4057475 4854204 7857114
8700111 4046208 7668092 2780248 2415136 7757347
5733666 2927810 4355783 6976812 7303918 790869
3443130 6586561 7708995 7782417 689931 4506973
2670463 3476617 5867985 7097144 9930114 8314726
5729145 7395735 1439521 875677 184965 7780080
9366626 7716788 9390132 6881401 1513085 852730
3109767 6419996 4749385 2343270 965666 1049631
8152362 3158596 4419808 46970 7086120 5821380
4360025 277252 1025568 3974251 1387012 1377587
1989128 1602967 4116093 9353365 7051102 5019401
6317826 4857988 2742844 6575702 7610186 9587129
1400736 6561728 5073475 6856264 4672650 4269935
9757587 327192 2510950 4818353 8944781 6771518
3894918 5682175 309615 5618141 6515652 9907712
6754512 5392374 6329776 8012545 4892272 9910118
6736636 3756401 9368893 9729984 6025444 6107677
8306787 1576660 5548409 4832678 8646233 524391
747904 7503760 5604602 6755632 4216664 1059820
8866636 7170775 2658185 7344575 5458446 1368927
4709786 699685 8342336 2835131 9821189 2217812
3257353 3388190 1669456 5163357 119628 916248
4901042 27603 4301747 6403272 6511566 7368121
1223108 9062239 7035941 9785223 4870236 9011891
4303110 9998879 1175710 5269956 9145908 7721497
7251932 9392060 8297954 7999965 5020198 5325758
7765341 5471655 1755470 3330597 1575325 5258042
8854935 5584547 7384131 4688353 1854590 4189060
6758072 2463363 659208 5290063 6121467 6396207
4332985 4924562 5829448 9330444 8532021 9822309
1042102 7987396 4242282 3947958 7911424 727567
2618293 6901076 5007405 8975988 8637931 1039910
5612651 7892511 7486913 1777899 930288 9285689
1627759 9614756 8144289 6986649 8511883 6682544
7062288 1961869 3270593 1901747 3666980 95636
9496310 8434896 6939633 1933160 2288495 3587928
1015760 4906976 7673122 6656564 2070060 4953513
9181655 7782083 3825432 9619298 9677412 8228956
8909293 2555086 3994273 6543758 7702684 8917265
1678020 4055452 9475513 7559737 6885669 5949555
7456974 716546 3234096 4911769 9479678 203035
4100276 3679491 5604016 3898984 762138 6023312
1612567 4971195 7544695 3190775 7804994 729799
2857112 7442990 2284456 5041637 2992453 1111894
6101362 2952551 732211 8022368 255139 8233042
4112415 3456023 8021306 1723567 9199589 1353514
1719417 4269885 8302405 3622396 5519021 5997921
2624939 5010309 1792947 7970961 4931191 2731489
1372569 8487245 6250457 8745713 4702624 9442679
3665098 2415337 7724092 2122201 8810406 6527127
9470823 6077908 3424351 7370973 9786568 7306115
8002005 9888999 5771605 6191181 1471357 3535108
2427394 9234715 1923969 6286535 2416697 7982144
9318946 8130401 8021359 8000722 6649799 1767894
1982585 5366701 8753398 8578627 8058468 6784252
3629421 9597215 5459479 1775277 4151573 9441113
2573569 5253966 5223740 4486832 9968955 5042192
6959883 5181387 7015887 2715348 6318319 5467908
7518710 7378563 9998640 9741948 2803255 680004
8505767 1470101 9428109 1656456 5388388 4419867
8552716 9423378 1830531 8987353 2561759 1874142
8075629 652116 5083142 2482855 3712965 7162730
2758403 4832114 8161445 2979167 1040839 1468411
4752007 9267236 9048382 3285489 1059916 679904
6785612 3887473 6793960 4779474 3269510 2681471
13004 917113 9865577 803873 5934115 545577
3211660 7972529 2619628 5141745 4639719 5666202
384765 5035854 3665598 2835909 6983544 7971140
2518559 5526600 429262 7959697 6904449 6121152
5371484 5267226 8363461 1150626 2201740 8674285
5080181 3296154 7382606 2401671 2469851 2795851
7297152 1954530 8897998 7615868 9767506 3068309
8848782 9610262 4627516 3382180 2900724 6024062
7014306 3949703 6903928 8822819 2260915 7742909
2252209 2053306 4012663 3744425 5432388 666888
2182116 2061034 5770788 3945342 61563 1343565
8283595 7983094 2566002 869746 5538756 5029014
9073142 4902690 5759094 7360952 9110915 7294186
1493636 1989304 2366502 2339398 4136320 8252037
1770357 6257361 1035238 9639697 149461 416545
8783187 3552727 6522141 8231110 5433751 7706472
7297520 4903440 9548698 3283950 5098584 4917629
3458059 6144559 8410946 1874914 9749677 7358224
1983815 4891256 2942391 6718477 2250789 3443084
8300386 9842717 7924713 7518751 2174985 3804201
308327 8643898 7833633 2149457 2086558 1986029
8506873 842032 9468939 8052621 63432 4207474
7745488 8209685 6890719 7448873 8881338 7991761
9841090 9895443 6507684 3677013 7655882 5258204
7474154 2064710 1301937 3079056 9930723 5591034
9781758 9778769 2728454 5744497 2975622 6454685
7083996 1308602 4058000 6424917 3368040 8907645
7889285 3931193 4827824 8734916 8972989 4041103
6552364 851512 961378 9932952 7677660 2279542
7296517 6631314 988016 2575428 4675303 21848
684091 5427817 911308 3877905 8270862 284663
1479020 2000990 5234063 436034 364877 7572736
3933760 3416172 6527402 7600038 5787727 3724688
430379 8739237 3091721 7260834 6526691 9079211
4629655 9848806 2101108 448912 8447979 6344308
5466669 4508567 6633299 4036152 5740826 7940223
7996337 4011380 5660330 4543161 7255896 6971998
8807040 6116330 486635 3388642 5999191 4261488
5752139 9696478 843586 7263327 2145048 5936065
6930126 3423256 8901125 1832097 9248249 8422055
8183555 1030107 3553011 8889754 4969365 5856309
939436 9897608 7675345 8587179 9603701 1776347
8064357 5887218 1483341 6119723 8453794 410361
8592575 1241012 3849615 7839619 4696772 8751500
5500721 8203341 2363518 697234 7106025 2317570
9039097 6164240 4763130 7238274 6359606 6225788
3418986 9917285 1146965 4630326 2449205 6101582
6586142 7164960 92777 9067239 9198970 6257830
4452723 810403 4969462 8490764 3239521 8007237
4572440 343935 6333334 4801510 3389032 6766023
3492790 242202 2791582 5357775 9548081 3439461
7013216 826082 9527611 5257553 2700736 8536508
9263395 3962248 8791806 7748033 1253476 7531812
8658723 6433482 9004370 6105687 6244510 6295622
7348107 548333 2924718 6755893 2665834 6015671
9892453 8617476 6528252 4380941 1137535 2207003
3309999 1228367 7616878 6653316 2054023 8372887
6730219 9195170 8109666 6432954 9227368 9277273
9215430 6824406 9090458 8801522 6142787 6955550
7761652 7387102 3997691 6495959 8009668 8999748
514742 257323 8160247 3511940 5365099 4083260
2008255 4882453 2824712 6584803 4438033 25109
9914934 2005407 4379458 631483 9375468 7049340
8185956 915153 1320964 3647445 7540462 5841428
6925212 1090931 2474689 9572702 6619288 3750432
8209311 6814039 3218698 8617129 6138573 1796699
212639 3218278 3830070 4026405 4424699 4344914
6452560 2630627 2386373 9065348 8886587 4137379
2576091 7130169 8011634 6948351 8310003 7094515
7678784 6867297 2716860 2318819 6586727 4274168
1608571 2435553 8263165 9074280 8375491 7623993
6806410 1297804 5866833 2582759 418844 6157189
3219270 4159550 6490453 6976049 7194884 4909834
3455054 7859863 2204343 8337309 6996610 9489119
5738798 1260960 8504036 6124183 938345 9271276
9079838 7893819 6631550 9555901 2417834 1989146
6081749 7378280 4255136 4762379 2258937 7588782
8270546 9993332 6711325 1854444 3729081 4150452
604061 702734 9672412 7807026 8863765 8726863
2069824 3271261 5438942 8774045 3335481 7114531
9119956 682226 359459 6595557 3502920 2525024
9525638 3663368 1741715 4501307 894299 9816604
654698 8692674 5600926 4615561 66763 7003277
2777794 3884354 7531879 4353583 5520122 235610
9598863 1272812 9030054 7904686 7486076 9146573
6550203 7307704 4042798 7140604 5642422 1576710
7229322 1674988 6490412 4186300 2328805 65712
2408737 6102753 9808434 9855807 7152327 171090
3125937 7454263 3204498 8435665 5996250 9451127
9582652 4766373 5162104 123848 6996694 2230107
3494969 1620952 6177291 2595142 7951104 3586595
5773806 3514093 3050251 4024215 7386238 8391774
512864 8591494 1555548 7466166 1944846 9417369
427176 9743055 4120484 8858964 4778749 31813
5942074 8114537 1311453 4591671 7557952 876049
6414606 7105474 4678294 4260305 691330 707853
3888421 9813594 8151649 6221839 4082001 3638234
7120838 9101722 68025 4812723 7922801 7404756
7895578 2116485 2821526 5744735 9696672 7253638
8109622 4636005 6842203 6145478 6653067 9836566
2275141 1182134 5956141 2174202 7609609 280763
3713480 6252559 7900163 847695 3577745 2131252
1265719 4205336 5661054 482250 1738126 5677026
9963787 1129351 191736 3906697 6696092 5441466
8054523 669870 7408801 7424655 6150682 6055325
3865650 7742942 3160526 8315082 3946697 2899866
7682092 4946636 1492113 9787261 1099242 1670241
9504593 7047883 8538740 690273 4479015 5491335
1592584 7627372 2897879 1165176 6181690 5523716
9644830 8368444 4486042 514674 4119678 6939738
2871962 6288825 101876 1844837 6982045 5834802
8970725 2950637 258639 2761187 2800157 6791489
4184913 176526 30108 8521494 4402103 9648209
6902725 7364249 6190855 1917465 5832071 8523310
3157446 2700474 1561252 7636810 8670252 5578253
8413824 7167417 826957 4552374 6915299 4810417
1568365 7659755 65837 2703938 1719548 1528377
5232696 8831396 4827214 6106389 6980262 6005164
5493607 1123335 3966340 4837832 3611949 6755429
748882 954497 456753 1578566 8687391 4281571
4273549 1333915 4280385 4680385 4347363 5632739
5964532 9632539 3261226 5219691 6953129 6742348
9582371 4198787 5644701 4662477 6684768 7000674
3696096 7051056 5720211 5556087 2143203 7546916
1611913 3575991 3555468 4071528 3803492 5960801
4353663 9989798 8972364 5784266 8430388 385632
7247992 552311 4484033 9194474 141856 7347723
2743937 273915 4170205 7223991 5255460 9413161
1110727 6086404 4269728 3456079 7882470 1636334
8561359 8717462 9190712 6733468 3068471 771371
2077271 1893004 5829046 7300425 866027 6963331
7769983 3798104 5768398 5259068 7414485 6132457
2516640 4501621 6909199 8372488 2812150 1869287
3376711 4387921 8320530 4142307 2960800 7717087
1691073 897583 2107328 7336029 7222907 9712926
1194920 514523 7483839 3712662 7117203 8248852
1518676 5443512 9407887 7206874 9454008 1457355
3644763 5851659 8671919 8137270 939439 3380848
4727134 188870 5905311 7321424 3356757 8680549
2450840 7934964 8932203 8111959 5609351 9968443
4856003 433953 6575197 6055472 4064148 6899962
8648617 8803978 7384418 8660347 6853812 7368637
2461399 6169836 4933913 6863174 497543 7109140
9045167 3553803 9958144 8726479 2608895 7034036
3807614 3873495 7157765 8803290 1261821 9182239
9316648 3406716 9834161 9439444 2350871 9020054
4882158 7589290 1787511 1771957 9488653 2135460
5996430 6066787 3335058 8536674 4860025 7186920
3746635 5587666 7437420 1823062 9066792 2055548
10299 6129523 7825058 9541160 2247857 190652
9742196 9845327 7542157 8202178 9343698 3447095
7534476 3021955 3818965 5913859 1981016 2908253
5321629 7273210 4065149 7822683 2730048 6542108
3698978 5270940 9013469 9970844 5056654 5674155
1744819 7493585 4339924 7778613 9429144 6221347
1194996 5340997 5341432 1596858 2029760 9643326
4593303 7794251 6723088 9887962 1002198 1838070
3367954 7832776 3606649 4529167 6501433 1793581
7990398 2187615 3399475 1282950 5842182 6976917
1177182 9771351 4788672 1868002 6457359 1850112
9107171 9755862 3592810 7597618 4718863 6640018
7566820 3724770 5243449 4421823 3229380 4935796
9819019 3811015 4268741 7175399 6602889 7223877
2067505 7215652 992152 2546342 9788215 7241529
2821871 9912045 9498815 8364515 419676 2258408
4854653 2725301 1336891 4872976 780791 1246335
8245259 5770336 3113913 6966630 6962346 2776662
6550132 3568574 8958235 8463678 1463931 2031167
2708175 4001782 3168461 7564795 9800496 9241707
857959 6560828 9967647 6351281 4775747 4806817
7141203 9202304 3305094 2985040 9567170 504078
3598904 4946042 3030223 3022406 8930140 832553
4109964 5100874 253305 8215490 5996210 6219640
8283293 4358193 8448114 7467648 5656339 6417893
9089947 7289858 2924805 2095184 4015016 4219963
1278687 1893978 994589 8307096 9825427 7760042
9471567 3565091 4001404 8454156 4864773 6517888
9000943 9685769 5071642 2335908 3454830 4699621
8988402 2642469 564617 3748007 8067987 417553
6358702 9673555 3545965 6887201 3895093 2277311
7579273 1503720 931026 8810260 1743719 7036162
9837964 5802867 5275446 2493262 8743922 2431119
2218235 9829137 9493419 1930226 8466704 5970570
1346250 6754038 3835027 8225183 3106781 1372546
3655345 7530680 3825990 577035 1948393 151872
4214076 2584365 9669997 1724092 874883 3361052
5586862 190683 7942049 8035480 2497943 7651962
9424174 6495139 3898547 8133498 1529771 8238850
924133 4428476 1206850 7575395 5540951 7141054
8442284 9354090 8396939 9558479 5154914 4213039
3210171 9260929 3854474 5123574 8279186 6159556
2761121 494143 8954254 6132367 6343363 8276021
8028520 3310769 4256095 6183064 8801008 6611641
7473999 5521846 6000908 5587140 9652901 7519916
8945022 6638681 7043414 2528942 3281808 1520792
4964113 6028382 5035768 3729010 4825308 3237014
3797488 4300600 8215953 7738990 5372377 1035628
9284595 4791766 8085113 2930828 9546874 2230181
2884959 2259219 553081 1785297 2084480 9633067
8212130 7623031 9608027 6334558 6178551 1640504
9116142 232178 7212334 7433461 1168253 314980
3240252 4299509 8485460 1019080 2385576 4500408
8395688 9735009 149469 4965280 6302544 4861135
9434802 6014193 7091806 4813232 9643983 1022589
967711 3178816 3943902 5402700 5516880 7202277
3628987 7462929 8122048 6575448 8622847 5140199
3823294 1851134 3623512 7770132 9690575 5247364
3744720 1865879 9873643 6052673 3389608 2349470
9483598 3246850 1320486 4746892 6899755 164358
4548697 4302910 588195 6189744 6465750 7989437
6371077 7837552 8782629 1283183 7390093 4922646
6378359 1820239 1112161 5009270 1141986 4451410
1237622 1664670 6323618 1844441 1068512 7778104
1148946 4915038 9789207 1594431 5919101 2270029
5881791 8882094 563173 7957690 2026751 4319937
4552003 7633549 5385384 5634075 1399054 1853023
6464735 2461537 4475785 4950996 9674313 1569369
1237309 4474328 2104864 6869075 3509269 5235085
3840739 2704255 3234398 2810090 5040798 1550711
8200230 4776646 1918450 6512599 5401391 8507998
4359472 8420668 9793488 6792224 457266 3508436
9066026 5603547 265616 4470594 5379706 8606974
3302318 6197950 5240724 8219838 357122 1444773
165165 9012715 5372825 5328088 4116950 9322495
1085539 1741912 2592750 3834672 7433844 6622408
9934572 9952135 7060145 5967786 591523 1253644
1775881 4445085 4017061 8596427 7803048 7905722
4969468 9370145 7324548 4627423 9507772 8842848
6309987 9980392 4419523 473676 6347434 6388676
3135173 9031383 4303718 470992 5706684 8715353
915685 5231354 8169702 3643207 4536022 5427571
1546829 7334531 5606426 3987079 6443957 5912037
7427711 1568738 1209666 7467103 358620 4746805
1997946 6458116 2234140 3749902 7524684 7453452
2202885 9460895 3604700 671469 2832613 1560139
6949926 1304888 8738400 5301708 7680741 2571694
9736019 1326261 4834122 1896977 3080593 2173240
3236421 2322908 3536434 8507485 3045965 4778696
5179009 5668070 8672763 9556912 8473045 9248568
6481212 7165782 7706670 716250 1440322 5075126
1822870 875360 4501918 4046287 7037152 5139068
7173637 2126003 3887996 8637972 7731083 9032358
9912682 100969 3377522 60900 513481 5201775
3917017 3695399 6414930 8826004 5492459 7164543
2887375 7393014 2831842 9489831 8820495 514958
4865024 9019769 9885938 9758996 74107 2205233
7671321 9190134 5285755 8397366 1333848 919962
890699 6541036 7936986 9640405 9644229 8372076
5871046 6420312 6652301 2504894 6799232 7744923
8660195 2996865 5382900 7337375 1158911 9644138
2307225 7683805 3305507 3373037 3772948 8711314
9146420 153686 26861 1172288 2389578 1323347
9916019 5519651 2361551 5494968 7935305 8951423
9227556 3246970 7748784 4459766 3618785 2400182
3862657 2360129 2220536 2141015 1098800 7077241
6822333 333946 8031222 5641617 6090140 3650042
7614454 7517661 2768088 9225672 493985 9490543
8345214 4698757 4030733 5328953 2588874 1279581
5383372 3165227 5061560 6431476 8109818 7911941
1895354 7847459 4065020 905325 9510380 1412819
6490777 7005404 9054885 2949620 4349954 2055632
3292125 4274402 9429510 8711508 7880514 417643
6183334 1884 2752985 8258240 6114551 8920027
8369449 8533703 9771254 940955 6757643 7933572
2015681 390856 2224127 119281 3746263 8242680
9585022 6709128 8007280 1355269 2734895 3488580
435657 5395594 348802 1975101 2036828 8314472
1850070 6671863 5284713 4643916 248142 8107934
5158955 3637113 1732908 5144992 2535876 976677
1641564 5549821 247760 1121313 933938 3959098
9831504 3172843 528139 1186830 9126485 1171385
2410362 4828065 7266989 9264404 7822583 718956
8571224 6394347 6496874 1456781 9090885 85779
2648859 7371764 142714 4116192 4960325 109149
6509772 4440030 4173252 7030603 9713704 7185073
3240819 9314344 4461655 6389704 2143596 8863984
7786333 663239 7545378 4113327 2233554 5420076
840945 5894550 5814530 1013951 6573767 6141528
4479803 184782 6458935 161981 8472453 3562174
3816383 5715312 8212518 418989 4677058 4686455
6998132 5379759 5114360 81915 6023585 8508238
6257301 2181520 4250751 7632889 3670448 8427645
2540401 8535531 5138210 4722638 3275247 9065774
4294619 5495820 7866262 8031724 2550799 9528922
726137 3078838 841891 899481 2573320 6428284
651466 7367344 5986181 2858923 7115195 6853794
305715 759030 9870965 7306291 4756650 4392247
1890777 6846913 6514334 8031290 7621580 9936921
8423964 9093745 2440064 9146743 6124369 9181237
6820192 8966407 2828959 5585438 9355778 2944746
7666347 5357820 9608199 7822466 6981422 6303103
2441464 9681477 1420336 8284415 4416922 2516217
9194809 6988328 739170 3474015 6140947 5703886
3014587 2694847 5457258 904969 2475516 3479575
3988219 1504723 1242975 6804943 6038730 8148787
4024835 4720276 1403252 6926219 9639943 9398830
4784048 4068310 9865491 211230 5589826 7940102
8516584 139548 4676822 9923847 9951934 9136040
8442067 3346177 2825460 7125073 2570851 6660930
7487488 6761377 2882303 6128623 3834247 5476699
5060128 5636520 3642746 3271549 4259580 9696646
1112965 2268590 7348385 1340339 8689967 2072637
5838394 2803357 7105021 7517155 2388384 2335968
8802752 4064371 1552788 2106934 8362875 2692553
5323326 6899761 2149425 4742321 9438730 2878565
6516526 8655424 234063 4388791 5151101 9953305
4297355 5245035 5879967 4980176 8810882 7683344
1787655 7101728 4656210 752823 1286678 9767493
9555909 9970332 4372993 546335 7325871 9769875
3923910 2953193 7273645 950193 7948222 7359819
7547220 6370643 2829859 4469819 4823813 34542
1838573 1449603 7652255 7151715 3219799 7143349
6456000 3822575 5253489 3869444 319279 1261147
8036343 4570503 5613082 2381931 5186411 9468397
8505572 5970191 1329552 464187 464880 2197907
2679660 3347162 7296813 8520148 7432956 2440238
4853484 7317836 2277915 4621667 8914249 9837075
2115238 2404193 6750532 7229643 4090334 3503295
4516386 54466 2633914 6012497 2913849 3377719
1746736 5165288 1184232 3361461 5964246 8853621
8704990 1374385 984722 5454347 4472055 9872637
9846536 7935851 6389619 2813250 9015959 3001442
8983232 3414676 5656253 5776007 266693 2782218
2717865 1275928 1879857 7826256 5947801 410414
9563992 6667162 433313 3919093 6773412 2267667
1256006 1492023 1353589 3424293 5916677 7539863
8852352 6660890 7932137 6877895 7383107 6154483
7113676 1703135 1038506 9632471 7029265 9499173
7721465 5970728 4898595 8402013 643596 4688318
6973764 878733 5426583 574308 5890354 7804893
9439324 5927442 1162438 4121952 1557243 7523936
1647853 5558938 7497998 8116389 6923654 3605802
4850080 5839969 3892820 5725373 712580 4244666
9371907 9931521 9637897 934139 6197628 802684
7369071 2853992 848426 6665270 6450529 5037944
2113280 8278044 770535 127244 7438571 1455665
4992044 2991724 145891 3514570 7984618 1470326
2001174 9605075 9047073 1292792 3551933 4803627
795497 1248390 166152 1181917 1202400 5958833
8166995 8505184 9729813 359754 6752880 8703250
6675509 4982582 9108409 2460054 6003109 8645610
2835266 4722835 8401397 2437155 733329 7720856
4098774 5857337 1946902 8167570 8932964 6592552
1755610 6076278 9302059 6044799 5869773 5202139
4871791 931362 7075644 4811702 1960249 8933386
1725851 4632290 6238844 1442640 6839060 3002035
2361917 9541120 3601965 401463 8457526 8829097
6402229 8358342 515060 2445296 7083142 5345063
4011930 9999424 9572220 3137261 8604144 676601
9401191 630709 9112809 3906269 7588262 5071747
1569966 8023564 2762586 9468011 711303 6101039
1482012 2656134 9018276 8944867 5805653 9391844
2990586 1354146 7618752 472961 9642570 7511430
4687078 2426495 3848220 1730580 799771 1960824
9361166 8588590 6028145 5562242 2041449 6208350
3889225 8455647 1952857 8530218 8831497 433961
6066511 6934217 7647038 4414021 963284 4427008
6326786 5067062 4193771 180375 146674 7249998
3057849 8928229 988139 1601379 9219191 5161767
1223526 9839385 7223792 801762 106844 2122713
72893 5919769 614684 2809925 5055642 7350005
7438986 4460368 2522648 7184790 4406450 2708352
9864391 273056 1463210 9421211 5403793 5732708
7767052 9180790 8441916 8778147 2504393 3113220
5220211 2287846 9236456 6791089 7306691 8992112
3210169 5264748 6827373 5524325 4341127 5043515
3812323 3516861 11420 6843765 2741389 5686305
4727349 5873058 4521778 8279786 1736987 8946134
3698557 1802315 4435591 1491084 3034709 926053
3680796 1294746 3415376 7501464 7589714 2767796
8113549 647896 7153676 3530535 3974621 9141701
5880979 4340066 5931928 6419695 5608888 1886932
5721288 923286 6439401 2755610 4050797 6631334
8591441 6940424 550858 290321 3092532 5504376
4556520 1719085 2230039 5901320 1843529 3046381
1628138 6310859 5927146 7243624 8730216 2093492
8532629 1196813 1898437 5380076 2398807 7396921
3014206 7278861 6193427 2548658 5769795 2111422
4486651 925185 7243948 6784041 8910023 649289
2216937 7823228 7555364 1649300 8974015 2255536
6911662 9979658 2496536 2885547 4791556 9298028
5959786 8477664 2193070 4345908 4222981 2853983
4732897 3211364 4541616 3153937 7276115 5813670
9310949 2007862 5949289 118616 1414668 918343
5802432 4844097 7400836 5277857 5026686 906988
4538128 6883328 2222798 9642900 8468414 2419148
4900384 128659 2487305 6895398 6588872 7292131
9918352 140742 6702204 4389964 2051143 5698658
6107672 9062999 547112 1741693 2338350 6966152
6306247 6793046 8564990 1578193 7083114 9947458
1897192 681928 3450977 1286082 9807780 7339652
631185 5089997 4742950 2122468 8253553 7147456
3326365 2415551 5418989 8657157 200263 1273925
4216139 1412468 2792954 1702177 9170184 5963686
359875 2796434 4544978 5256645 3336653 1675367
3854158 3322190 3045544 2539846 4998205 5906943
3841153 8632270 332962 9362551 3758779 6961145
955707 3985204 809446 3399656 8415328 9922799
1547163 7649089 6592782 7291065 7362054 5670645
7154504 195014 1511744 7487291 926206 7011346
2794674 5374539 1753344 3067583 8268310 4931362
4101911 786518 7417345 9512045 4816003 1567993
940963 4853587 7653688 5831808 746470 5184979
5154240 6960219 4381106 4622178 3709482 5687563
5082584 6563092 5960136 7374899 5385342 4803190
4395199 6353862 7706064 3321615 6567876 8384240
5207801 7888124 5716894 5878083 9297745 7628809
2505453 2035117 2833086 5024789 6350102 2508466
8016957 1322695 9448544 6326764 2333051 3965987
2630240 8172495 1665056 6065780 7984998 1705217
8971226 6727012 5401176 2614154 5116846 8462140
3861929 7619347 8285711 9269448 624007 2858345
9468085 9276156 7662473 6752296 2116725 1674365
2854477 57794 212990 3451669 9357942 4062647
5354646 8068434 4020811 3740076 691375 8395380
6719183 9142021 9903125 4011676 6906857 2570733
2227633 9891298 6918271 4370945 1162860 8730754
4222755 8747508 698688 6590199 6858679 3056894
6303513 5877943 6055770 9990691 3211303 7927204
1492227 5519556 7369070 1338529 7259508 7048411
4441328 121852 6927971 9890330 2550264 1481985
2955219 5456408 2369299 5091740 4524663 2225426
4756093 8483531 8894933 1482235 9228914 610433
3363958 8764446 1209755 963917 7436563 4813431
2339610 6728492 5930717 1975921 2519449 1387300
5201663 889104 2631790 9869859 9929617 1041008
1802782 4332425 6197244 9216702 3634979 1402270
687595 1211772 1353280 3830344 5234597 4727772
9032270 9991 6290642 6758636 7974570 8495061
5838656 3477411 2685288 2114540 7550719 5821772
5551268 979297 2936958 981999 9890077 3635558
9593636 4886234 8553914 7853925 9679452 4896489
4413189 4147256 5129466 9807485 276321 6224790
3460150 8509266 1493894 1202945 2943651 2509457
5096657 8443026 2914534 4136728 4031203 6452205
8355719 9688242 6781705 375471 3665433 2655682
8465311 9705596 1321694 7717721 4236707 348363
6173858 1178344 330539 1394153 2345447 3827313
3365595 6031170 3201089 6460497 8654389 9041453
4327877 4348323 8035646 427501 5885341 1447051
721024 5456907 855031 2101708 9498205 9991209
8114783 4037717 481822 2473784 1342173 570725
4903096 5742429 4272558 1145531 5029086 1765306
2178918 3702503 6097578 9087220 771133 8000032
3251115 1895221 1033853 7740252 6047593 9317110
4620036 8037810 3820254 9874643 6996697 8779799
9493331 4072149 1680139 339329 3279370 8307729
3345490 891810 4688996 2630364 1557401 2911960
4768895 3182346 9319236 6270339 8248583 2182837
5349472 1633804 4685774 2854998 8850592 7602983
8957356 374531 7990124 1164712 7853748 3304363
6750470 5028452 8745731 5492758 1652199 956937
85167 1839588 423133 7789848 5741729 9879322
3311035 620751 337820 8121892 2971356 2865247
9997873 8349696 9789227 1637416 4525170 5362893
4094025 6638333 5221556 4077155 1381973 2904838
317605 2180778 3038062 1384633 5879893 6528948
4166228 9276136 1530146 8362299 6185172 6408995
1759704 7559623 5892074 4806452 9543963 8229841
7265163 835464 7403174 5124876 1166838 9504052
3515136 5113053 503282 3382838 1398733 5013866
5735380 6008011 457614 7518294 7472243 3560950
6841259 1926402 4740857 3808871 3955663 3695220
1335100 1635574 2164523 3380232 9877712 6965546
9470818 9287572 7094370 6991715 6811992 546509
5501664 5192729 1013940 3534010 7869496 766840
6025666 783390 7877403 6516280 2626919 177161
5951380 4241409 87380 2331123 7965192 7617560
3488983 3456291 6879800 3707954 3789775 9531264
7339528 134904 5235340 3537735 3912019 2111161
7919496 8743665 9196018 9911105 2016630 2279513
2547010 3307249 4056905 3974017 7783204 3172273
5817817 4818820 9008655 1987362 7428851 5636303
6878166 7139695 1322379 9476809 3502731 3355700
3666709 1793709 1402953 1482676 6194482 7734592
5531499 2487931 6871370 5766242 8596784 3883253
981142 6040274 2224778 7807866 9784112 4657943
3560655 9514966 5673087 3707526 7890137 8970954
522609 5352165 2706052 9599037 6659568 6772324
788781 8442686 5240933 5840318 6244396 222921
876560 1064334 7112767 6322313 8442518 5295272
6300903 51574 6222036 5125401 1006220 1388577
3411524 9070299 7355582 6664436 5916154 3987765
7682612 9959182 3903572 2431998 960067 842316
5028539 5932461 5828362 99046 4977460 154097
8642320 5140824 9795878 2001857 6931306 8719778
7545175 7238341 1072447 377815 7406623 7838562
2748918 5397207 4345945 1317475 6187512 7589269
9416741 4124344 2526531 1253167 8157705 6285214
6319348 8444561 104267 6270450 1293774 2510056
9466909 6201856 5074113 6067939 6483080 5865395
1592698 1409667 2138992 8635803 9119261 8677813
2915317 7304797 2552558 6065009 9683080 5562859
6496371 3711063 9744949 8239093 682304 853116
7627565 7389152 6983118 3510664 5682508 8486744
8615511 1274724 5944567 8562390 910905 1204766
2764448 6680978 8914126 8480549 9724776 4777844
5450276 780938 5005083 3848718 8337849 852907
3732655 254338 8761481 4541407 9774079 7582710
2765107 1227816 5519552 4220997 8440373 9093928
8882277 8082034 5727159 3652248 20292 7844536
2733245 4352927 6393892 1347792 3300561 3002101
6648732 8015821 3986286 4967104 2788816 9901366
5848032 3778846 9051302 6130211 9778009 5428169
9725263 4074103 1500644 8361856 5797283 9683088
5685214 8543451 8240605 9820198 9598272 1642742
9050685 1798028 760645 7160546 1115473 3984922
4459014 2384862 6953777 5759379 7892675 1758258
3596423 7798003 8439000 5618185 8372964 4661527
42626 2752065 8304025 298989 3926984 5946188
6343892 4371388 8555643 6710803 5662577 4757110
4761496 6828534 8417549 2343544 5916418 990787
9140720 8687486 2663373 5066379 1671196 7393146
8474392 3965884 6181428 9742386 4765433 7999279
1244088 67028 170486 3579078 9777572 6846206
3338716 8751696 7871044 4814457 816654 6744084
5429278 7748210 6722284 2196667 997883 1064141
3340708 1252878 1881585 7448212 6477465 9685478
1998153 4976246 1080868 910879 1824597 9961100
9764760 6601505 9605955 556364 5466715 5595549
4586623 1182418 7050962 1571342 9004827 7164722
3119743 4326263 7870831 5919289 9637100 3922986
670861 6277724 2968000 5117287 6401677 3512554
6117694 3795876 3589563 485007 1580924 4801325
5765338 2427837 6927098 7909944 5049696 4215149
7138128 4872914 2281495 1126735 7610043 9815465
4013178 1769366 2248051 4716863 4328469 2151201
1814647 6078863 5339146 7157882 240017 5546872
6993099 4647472 199828 6093401 4438669 1670839
2005986 4101615 9601493 2249636 5806004 6576990
237623 5209798 9276566 3655682 8781161 4764185
1641490 9544126 8667681 3152535 1104108 4632310
1264503 1400831 9467406 1438361 8670360 5502060
9462179 8607455 2187820 1380226 916845 402224
4015321 1044727 434244 610656 9120749 3508427
213971 1763542 5963362 5671061 4479239 9118670
2874634 8158964 7297702 574960 5516391 695891
6879191 3840563 3543364 5567517 4828897 3037838
2203432 567624 5431255 4099432 2787457 7198548
4389169 8857397 4292953 8874342 9640361 7736434
4329941 1030834 423376 5159253 2938564 9340566
8668948 5593442 6921591 348736 8563726 511395
8204358 8887219 3091063 1491928 4501034 7076281
6858859 8447803 6215829 7396406 8407224 8553124
8077172 6114539 8976084 8764814 1281891 5621842
4825716 4000292 8518603 9561268 6245019 4485557
272514 1719937 901999 4202798 6898568 9235455
6116246 1854695 2003897 4919859 5895074 3900238
4107484 2897241 4356362 7216671 2015482 1192557
1520605 6933534 2623610 1870252 7082080 6824024
364481 9904134 4311551 1299749 5523019 4563434
1992792 8643089 2642200 8605505 1219413 2781096
6174282 2656061 1549235 6980373 1280159 6552528
6549227 3157313 219465 5075846 4657329 8384650
1265480 7609044 1984809 7326046 8040663 9311484
1861947 8402262 4637857 4077974 3838316 6994434
4923904 4816497 6331675 7440463 2927067 7251984
1258038 5501978 1677827 1575265 1042389 9359420
9643321 4540231 5653375 6071081 5321024 3924766
6604559 5288634 5246805 5926901 34269 7913975
2578624 4666745 602426 3330715 6743558 2817151
8143239 2096307 8817745 4554801 2056468 6463661
220852 9108763 230246 2967481 3817808 9155350
6706822 9690214 6566655 2625388 7682724 3500431
3658108 5790866 3081237 713090 7473415 8549682
1747629 8997003 4782228 8417700 4861838 8260321
6649557 7927322 8758420 8860676 3432025 8946081
541675 5088520 2483762 9189714 5850228 6212261
3694520 3637078 1470825 6091454 9220078 344054
1347319 9953235 6984021 7101994 9672607 952691
9735913 7430148 4622892 268062 2807171 3059465
1681432 1803152 4246925 1969924 6317923 5890486
396930 7846146 6258189 7620573 2083713 2594203
1016668 4468394 9940637 6868976 7018570 3836336
7078856 5656174 9776925 4438174 7070380 4908602
1276300 9547562 8254714 7805728 9124763 6001876
4323188 273612 2281348 9424297 7508281 4047076
1965336 1724595 7319154 5580339 5694523 1373932
4085864 3726745 7869522 4389817 6085325 5204213
1012054 2866936 411578 786555 3189206 7150997
3282540 7243258 4732771 9338322 693624 6770360
7635772 2591201 8721383 256312 3297384 1810100
312854 1592371 6960113 5893561 4903640 5293974
6517182 1498517 9961650 8402993 352309 3343635
7039079 6886482 3462236 3050501 6793674 6257826
5590297 3536633 7084406 5130351 6141757 265022
9314304 2627013 1030971 548794 7944567 3103322
2652548 3829552 429360 6059422 4076962 4492954
8244099 5118492 7963296 5117604 4269373 1690689
7189346 4879546 6890948 1389136 2299242 3807141
3308123 4585270 5797527 2463556 4666014 9760751
4725694 5182503 5450613 6695090 6579256 2276626
4263003 5968387 3553950 6858328 5750444 6522757
2914274 979657 2809520 8969282 4806401 1675181
8294530 472693 9267259 5393716 7941005 1262210
3374073 7925168 327771 7223829 7240670 3359296
7305794 188991 9163537 668609 1333728 8894459
9042341 1549009 8539235 5686669 854601 8300985
8136739 331017 9129102 368191 8474861 1319585
997621 4338841 9778868 4122346 4169026 4193321
493491 9331977 7241497 4188402 3321016 8654087
1948855 7039173 8727716 194653 9552534 5561452
7359219 2245665 9645928 3915060 9926940 3257392
3135945 2607860 9618091 966273 7256977 7609987
2133108 3005882 9450307 9008186 6226208 2901829
3580427 3183448 6019965 4970216 175117 2001751
1652962 4853938 8227992 9885148 3737814 3815427
9573269 7942085 778483 3567650 3008971 6229195
1673656 7082561 4411900 6521476 986400 1561166
4575229 9527218 2074999 9631509 2055294 315134
9203780 2940669 812965 5825887 6614226 6369085
9541487 2389003 2070548 7644177 2262098 5073002
5029399 3250797 8870046 5802664 1393004 9314891
6831504 8565458 9996910 3221111 7334530 9143647
8489928 7058951 2197047 4458798 394987 647899
9926751 2021452 2798643 7912858 681367 797144
3002462 3747382 1327859 4409397 4026162 619968
4158647 4029478 4820462 9338898 1492076 7735603
2691119 8772565 8134213 2760108 2800004 3489836
318223 5982668 5606139 1669318 7335958 9555274
4172037 5082688 1994016 1422649 7717426 240645
2274358 7116541 2569429 8072901 2800201 7645622
7987032 2422107 4539295 9376941 9062464 3305051
4323184 9151030 5566874 4461444 1767679 1622421
2513685 7166643 9221447 9308807 7594635 4698699
5191005 1333144 6411423 1772584 237359 8943474
8625952 2735998 6312052 4579817 7064539 4375534
5166173 4618217 5972363 488591 4773075 377897
8950541 941281 6920204 2301087 7346133 8184927
3988399 9710593 3315009 371594 8908963 550782
1019198 2965551 9521906 7870730 2881895 1467057
1234198 6214447 2184747 5595821 750989 6326465
6992998 9743367 2086490 1191340 9295271 7149461
5650058 2025094 2393567 8843550 358265 6653353
7778494 2889918 3987010 8226495 7784184 526766
5628465 8254358 3827034 5761270 3560618 4098988
4853628 7295443 1736322 4505306 9254392 8558627
8193149 3354719 190292 593738 5308089 7602766
6098437 2797059 415321 6165547 4721536 6883869
8157214 2175648 2607285 2868552 92235 9991977
7480046 3007702 8430263 1657981 9967356 2496630
2499431 1231728 6182748 7987502 6337711 1999828
5413139 1144751 2770702 3834940 650400 7003546
6463061 7184756 7581828 6384244 2128058 4987124
111444 9462917 3532822 6943165 7604055 1384970
1491702 1985075 7203207 1744344 7025260 6246689
128364 6535168 3387363 7693661 8094307 4076360
1420017 8110934 6459348 8415493 752408 3576784
4113166 4322274 1525247 5603739 6405491 2907479
2410148 1095801 879643 3443138 1546537 504438
8963808 5556265 3627673 4797777 6495799 4352636
4796621 3668794 4119491 6524012 3706575 4115232
3616182 8769399 9090448 3505468 4964226 4017124
8527776 1695951 8710509 9956038 2829998 3281780
9859723 5887963 5579583 4295727 9334196 5929458
5367046 6685226 4988631 2882924 8729853 2538041
448687 6622240 1615134 2106712 3618872 7083613
9457292 7589154 615699 7410015 1987556 7636091
3817030 8904680 6131575 6862519 4915361 9850585
1793929 9007770 2726267 345892 4938054 607836
8773052 500893 4334597 8190032 1156966 7021349
9126601 733257 39546 6552407 3056780 8341986
2401990 6421064 8077078 1626895 498745 5240844
2666081 2449708 3900406 7943491 478696 429516
9797883 8504526 1769864 5138045 1088995 9722082
9811774 102795 1684186 1007297 3333659 3117978
2749015 1267260 6432188 3594350 8283413 1254299
7596545 7264623 5847899 7789589 4460529 8494297
1773507 167033 8509025 7485422 7679811 2488345
6707430 829560 22196 3905081 8392149 2652439
5251484 3988556 9644261 317464 6740633 2953985
6657799 1394692 3087404 4959100 8877879 9231484
8808655 9071730 4166294 2646107 346946 3214073
4581616 2008294 4043997 3275567 3364538 921962
1213057 2326351 2422983 9195840 4299867 2504099
3095781 8843934 2875110 3779748 8342865 4294857
1610037 7279081 523989 2893914 1131789 3065836
5406892 6814406 1289153 9277540 8676767 8608080
8322051 4061322 482613 6808123 9323465 6383855
8608441 1975917 624018 8722299 9104406 4414281
531001 7461959 7094824 583305 1863318 33945
6356374 5028906 728864 9871437 1036069 3067865
2690083 1687701 876504 978160 7868674 6550131
9632808 1935516 3649584 3814902 873789 238545
2021485 6287658 9520468 6491255 5171307 6366948
3670838 2887737 8174674 6109708 2362913 3669830
5971012 4823587 4951088 1255208 2921166 3647860
7879216 8450613 3025252 7414747 4118039 7635763
5507350 7630280 4107242 4073887 9089491 7168889
764697 6716098 6588170 6856279 8561819 5575659
513476 9865118 9857599 4361916 6200598 8148332
4893191 6580375 9324788 7206674 5007148 3045087
1599042 8377599 9014350 1724 5935686 2423175
7213292 4606738 2169619 1884705 983904 7541026
2259705 9596951 3798246 1005784 5345010 5646814
7081660 9114733 6261767 9375429 741731 3056047
3790260 3517299 2250015 4876920 2521556 7537663
8310975 8300676 2623132 1062155 2474844 711891
8154539 762972 780412 4164994 9642987 3955081
3406040 8628771 8881214 2316573 2102210 6603646
4350086 3887407 1235364 3677973 125013 5892414
6783320 2223613 7635867 5958303 6211464 2418387
173160 2336371 2085182 4631955 3573729 2683227
4917893 1197550 7122106 3086354 2851245 4582037
4866402 2916665 9471746 2306685 5969388 2112960
4174833 1473686 1415088 5646368 526834 8634148
6302299 4633001 8175662 6730717 4278834 251231
3076024 2196236 4551508 8362025 3991833 7306615
1869899 8774085 5055041 6197986 7398679 904660
9481540 1263732 1036162 6653326 8811571 7208348
6420668 4476634 6254224 5522906 1783470 4737777
1003298 4526792 1809536 3451033 8329656 8940728
4507564 8187175 6918715 6870875 10329 655008
30529 6504377 8924831 2165130 436786 7195303
7057919 7976846 4075006 510428 6164827 9263102
7597986 9648972 5821430 967314 310049 9802200
3997007 7553117 412766 9813731 7358726 9465041
5497078 8418865 444428 6114313 1690421 9211504
3985944 2610665 1253402 381153 6622797 2307193
8283516 4255537 4039847 9058920 8464987 3806623
662770 492869 8361964 2546434 5853046 8680684
3119297 3540250 7877125 7116515 2873867 2457212
242242 216797 9145650 9459790 6668052 2017920
6750874 943606 6286424 4863502 6524484 3554162
8009700 7216833 3026174 3514236 2683797 6054512
5762352 4938086 9088129 6606142 9150961 6865857
1103077 2950643 2565819 1763744 2995015 8150171
1334378 6869429 9736797 8796189 138910 6406000
3161543 8823726 7587485 2021926 2308046 7521381
7520199 5799267 3968385 4807801 4536734 8636213
5654509 9605060 856452 1822613 1354162 7935781
3369082 3636100 1065836 2279792 8356713 3717408
9452101 4987129 7948590 8136253 3529124 9655055
3817365 9213510 7077923 6620174 352693 3860071
8467027 3740426 2630040 1566748 9085943 3351693
2897472 6295275 8413909 3929606 6109235 3389955
7293718 9511764 5515266 1801015 5427107 6502809
5340163 881750 467013 3870076 2569825 7320916
9572791 9383945 2270143 4313329 990435 5323224
1558289 9034335 9252366 6996380 3355586 7613736
5305741 1802333 4550156 7714143 9382320 2061437
5303498 5522495 8877894 4558634 842534 4017359
4139788 2016350 3786403 575113 1280010 9470943
3393058 4596950 1170601 5309123 1993957 9701997
1081550 8584142 5304839 3090685 2371316 7074899
4137588 297338 6156178 7901530 6495273 3624773
1952652 7626020 1499429 8405575 8566577 7047329
8443021 5014156 8541411 8252783 173541 8974085
1536820 983176 7754324 9781423 3603322 8758635
6443134 9996617 9808376 4848159 6632593 798177
6756598 2212813 3151179 1802995 421045 545196
7861181 6238258 5521076 161629 8622460 3653990
7971513 4987482 6030373 4123271 6866102 6979801
1160586 2828766 8410601 6330753 1553864 1388139
9320574 4356165 6694015 7397543 1458395 6498655
3816396 7104493 993427 701252 1648977 6353764
3896150 6640026 4593110 7996214 391602 3935283
3453009 1375190 2360716 4100334 1809909 8615839
2728262 2319863 3130515 2828575 3687572 3803826
2387575 425844 658948 1763039 2482420 6064880
3851180 463637 4779862 9022420 6345233 1517966
2660563 7270261 3338505 9676608 227120 226076
2386690 3164371 2437164 4475318 2877744 178673
9027423 5220240 2546256 8078175 4669280 9138532
3368140 987821 3416920 7189600 8313676 1223133
5694815 2133111 4157605 8528230 4145033 9927964
9155420 4430588 5029957 842749 1439770 4539647
5277334 3051653 2092742 2904439 441885 523201
1366661 7912257 7548099 480275 2735615 7262179
3518624 5773004 5794356 5641329 5654280 5357411
8101045 5470962 8956585 2115372 3981793 8094009
6068470 3858460 9019337 2509200 5319897 8447155
5148715 8184674 3780469 8006608 2800841 1617627
7045789 463700 545936 2893719 5822939 401418
3675033 5214539 9397495 6895426 5009606 8372028
4133607 3514090 8776308 9672546 2741703 5968808
5583062 3161962 9069859 3998733 6835969 6583424
1503863 8857461 2592359 9100944 5331559 4550941
3481709 5512015 2972163 4176729 8595540 5190579
4811475 5207326 9648023 8555166 8440338 8767253
8696513 9173044 8848853 647308 8375592 1805807
9670846 5476169 5442970 7811661 2423546 9638879
2547768 3047056 3627731 3962511 1389856 6965478
7809059 4574088 9882980 4846554 3413716 9497590
5399865 9956878 4918550 3585729 4861070 7534377
6320785 7027895 4721623 302605 5302219 7662925
7734571 856554 481868 786552 9430097 9855390
9107970 5670048 3088469 3333284 1628961 5548483
1562848 848963 3817469 2682544 746107 3866250
8884273 3849959 5759328 9351263 5247443 8418714
6887256 6085117 615098 7908593 1490876 5395650
4917255 2245162 7744836 5964806 6227940 533301
6483609 7022507 5143991 27590 5738584 7743667
6409120 2066580 8327916 9370066 2022880 4012107
3716907 3638240 6281788 855373 1418332 1452260
1903597 8383307 5609111 2063153 3899295 3344979
9240291 1199377 4179171 7692819 8416029 9383799
7803646 5598042 4621023 3284167 6198934 3723600
8722258 8856683 8111374 8015660 2942143 3180862
90797 7517189 4062236 6602991 4191685 7852636
9113862 4061882 826829 6292576 4061209 7844632
4924190 4420456 3123211 1799011 787299 4539206
3564495 8716301 3650551 8944117 1566420 6424838
9391083 432740 7439305 2558188 2133114 2561649
3340885 3887936 5441164 2428248 1972355 6382106
9282743 2637299 7007692 6326535 8578957 4354146
8556969 1511070 1536832 6776390 8359976 1778478
600388 6923247 8069384 3572168 4451164 4225841
9530310 1146680 5950769 7637397 7211908 3758944
413330 6555674 1928767 8265180 2951690 173272
2403468 2495942 2448100 6741104 2516268 8149999
7531514 7237959 137343 9296404 387148 55349
4888005 2614692 2072763 5660826 1957799 5209866
4492264 9768717 9436772 1215322 2897938 825675
431337 1645345 5425391 3248747 5913205 2023283
2425379 291788 8559379 1363560 4372922 5864034
9330377 3859284 4406979 9919384 6040653 7213204
4088497 233905 759531 5895419 2749391 4597215
1686181 4752503 4597874 6718900 3772915 3182973
736500 1188145 9598003 1622425 6309767 870923
2724608 4282767 1324754 8114060 6871025 95359
1495970 3524445 8241769 6208728 6330449 8098514
802887 4572880 3728064 2223567 7126824 2664032
66144 4535917 8895953 828175 1562565 1160701
7425408 5706478 6518873 5376406 627060 3184777
6266031 7707952 7549516 3536056 7194776 1757885
5888450 5974437 3362880 664171 4399449 9224946
6355445 5477452 8422054 6499360 5916012 9200035
9454908 8512932 4061320 6933971 1556280 1773850
1974969 1896432 2720201 164052 688652 1164546
3576486 6119563 2897384 5056992 9942697 8622496
548998 7266831 7378103 1970178 6335117 1152387
9301152 9401972 136467 9671006 4472729 6085112
2738646 926048 9790465 7318837 5921497 2114128
9123457 9332059 6151671 5775666 1561086 5298344
9037683 5724397 5285784 2198333 7087685 8279886
6327562 1298453 5534755 9799558 5950361 8649181
1821931 7484730 2177814 2908932 7632819 2154308
1637382 2303963 7423702 6635088 7425405 9762604
1374080 6257649 198065 783256 5933535 610637
2470824 4773331 5705745 2079759 2932494 610720
5866603 7102818 2314287 1856581 3343444 3174275
550357 2939088 4975686 1141284 5496905 8436767
9936313 6214524 1699240 3997363 4138284 9257122
7874641 2402594 8298991 5523179 824252 830036
8081820 5544305 5364918 4924117 7328734 1177030
2943435 9742172 4552235 1567094 7042329 530000
9840021 9780800 8960518 4249427 6084731 4486317
4786918 232796 760743 1761298 846943 9719010
8911397 8473461 635047 6448622 4205118 529899
2311728 343423 6278566 1484251 3774761 7799139
7809356 5626239 5610354 3798656 8197848 5754733
3884531 8369218 9172194 1169240 4157341 4357483
296604 3625214 6317863 3812673 736261 591456
69292 6320521 4697362 5645907 6012720 8855272
541982 6494813 5537054 4022336 9255365 6698906
4251434 8355770 6006039 1161379 6440070 458491
8875963 988262 2034947 5006010 7876767 2477725
546816 7742156 4316119 6277564 6152018 579903
4212036 8499055 9607161 5687109 1414958 7454239
3101776 2163448 9613519 6755081 3256673 1703035
217678 9862195 9113852 2473287 6917806 5801571
8351443 9135224 7185143 5859371 4936710 9747998
8556508 5063282 8443754 2219637 5099091 8270563
4539153 4264417 342794 4957150 9810299 756310
7091744 8564324 6940811 8551799 8059602 4276621
844971 2120881 7731588 331912 4788331 8014571
3363872 8073528 824350 8514548 7926120 7016794
3394760 8352664 3562344 9859162 7130601 6351676
9010485 882139 7064357 1342956 2215928 8992255
1360240 5260528 51895 8357542 5381542 8353481
8860759 9799644 1075621 2908522 5014399 2815828
2016410 8224596 274950 429182 8855764 7025562
7446212 6024604 6338297 3326000 1562390 1457635
7193965 7232581 1433722 589135 9541314 7177462
7212263 9502015 9904953 8739332 8971672 9527803
7962676 5006330 2691986 2470868 9653788 8126476
5941172 486237 3338264 746516 7842752 8906005
6076725 8581302 2026375 38794 3896743 6191323
2653958 8034239 3698137 8594260 1163576 8148960
6919758 8271624 258329 3898158 5696258 5512383
2910875 3277077 9252923 747147 2466506 3849434
4333576 4975343 6370816 8211820 7384827 1076152
8119370 6447449 9389829 2527717 4512409 960011
5151087 7173468 5605272 3713629 6085373 937432
5829665 9368415 3842753 4543025 5551110 1382164
7868146 2043014 4789978 7825880 7835640 4565675
9653081 5329578 6114796 8176941 5705218 8921399
9820507 4442138 649411 2621984 474890 4716127
8759131 4392041 3759214 9298318 8747071 8522789
9907111 9197245 7191703 8315491 4917481 3098091
6680 9790551 9424233 4988651 343673 5341813
6286174 293489 8611808 4824154 2874636 9182831
4845215 6974146 1468250 6683873 3893122 1643235
288020 3207681 8893525 9126626 5783893 1159068
7622949 8569828 3295943 6267189 7918769 8638395
7373971 1337590 412097 3016705 8170260 5914667
9497165 4831855 4098464 5307598 6335810 181400
6104318 3934977 1517404 4576383 4453102 1772924
7054539 3223238 5304122 5548467 8027470 1709800
4204565 880054 4006657 8265164 7365702 1773845
2045870 18984 2374720 9973413 7450182 1537045
8770734 1828510 8803886 5553583 7186707 9061267
7544771 4980422 6871870 8712125 3022307 1848916
9641663 3046566 4116726 1523018 9212649 4695530
3334272 1825503 3310119 8702297 8812139 7290205
1908009 1232000 7466153 2324619 3261728 6316825
7806679 6130905 6484794 9980359 5805649 2624592
2969038 1500956 6036530 6242855 8003696 3047048
4837929 5492440 7857746 2157741 8623500 4319135
7657118 522851 806335 7679189 6639140 5624678
8226926 68436 3016371 1513680 3645573 5954706
1595114 5220151 1718693 555044 905445 6891401
5364121 9661304 7240917 1492133 8553979 7711693
8659000 7091417 3821807 263071 3864367 3319698
9432459 9750268 2608499 3147017 4667500 2738876
5510490 127489 9491764 860116 1753432 5737212
9608221 1455358 7855382 81824 4647740 2783544
1328354 4282885 4586995 966345 6793620 8962195
7078217 6164985 1968871 3094641 9020189 9547723
1802870 7963855 6204069 9696672 2081221 3895305
3346206 8448096 552651 8979816 5044553 777955
7399637 4504004 7907872 1503705 1883912 7098621
9856311 8577175 2443676 1038263 8934716 9581482
8732703 8466113 2956647 3646303 6068799 8502515
770005 2415849 1107299 9944041 9057245 3789577
9533142 9911548 9374137 3960076 6735617 6199644
2230892 2348538 9238331 3809039 3566708 2289615
1054323 5574512 4281072 4870250 3238329 443013
7104047 764607 9029139 6622587 963968 3615107
938657 9699902 2379296 2050136 8209811 2628704
9670655 7455595 5446759 4118294 1970562 1972363
7724483 5896234 1841558 6244031 8807370 6586177
343151 4923664 4899405 667032 2591979 494287
4221442 5899754 9177519 664286 2839993 8292637
4760438 2910554 8947579 5759030 3021418 7035714
3820347 180756 4138726 6609626 4138383 6111112
6842855 6936029 3603949 2308708 7145766 7342095
8601455 860015 1957237 2442961 6279436 6040304
8715701 271625 7107922 1885009 7828693 2310057
3451185 9006369 4615602 7154121 9357855 9060007
3024783 1965453 2874815 4805843 2423683 8626613
2447451 3733524 785281 8788293 3824177 5655950
6890337 1912734 8753987 1835424 2062830 1979978
6335400 2317477 6631118 2907275 7043329 2749793
9927792 1935338 2352063 1828668 3158441 5132013
1495510 9688733 7578174 4543942 9283925 5180313
4467279 3795611 8436331 3330623 9995509 2545912
5255022 9927407 6447447 1451972 4994671 5915959
3556069 1615760 6943538 2635624 818721 7040377
2428889 117508 4922123 125021 4878051 488345
6274549 618782 575083 5653268 7292783 4135443
8077776 2346395 2628809 3573673 7368144 8267218
3543646 3004776 2321968 4085206 7652252 7115921
6302345 8475819 6940666 6436104 8272599 1542680
8188474 8859886 8870012 537796 2115052 9166416
258189 4342257 8917560 7947986 7056073 9376726
1970829 9601754 2634623 2312004 3374196 2648276
3287150 9982396 4247616 8676320 9091977 7813944
4718409 8343683 2465255 7806201 3822676 6402231
3547678 9838445 2346183 9032402 7464793 8432897
5265430 7539979 231342 3462392 3315483 3025887
9349658 5595659 5948702 2945241 2114377 8050497
4481298 3990341 5101623 4292390 3148954 8290203
7295064 9512154 9767908 1056068 5819386 3771369
6701161 2451987 519581 2515329 4400308 7217628
7030543 2938426 2136961 4201725 7046573 5834216
2416934 9824758 6666912 1221729 9326662 3496318
1865241 1773168 6229305 4414757 3324903 9832334
1300608 9255288 6689490 4055980 1737338 7952639
8664989 4209362 1720593 6459972 6761230 863496
2506305 6834328 1195351 8731074 5914697 9175950
5913536 279572 6943767 9267406 1875455 3324196
1623290 6073334 185491 6271589 9190826 4046217
7542063 2286403 9127084 687246 1214721 5145019
528137 2974563 1201088 4184321 5536736 2837211
4113623 5956961 3063527 5803416 8715423 2492333
2300967 3134167 5858470 7053355 8501221 3045331
2888567 2033201 7379832 3365294 2432689 5664003
7767147 2393399 5018536 7674375 8917909 4474826
1736411 1819058 5619607 6050331 8202936 2940134
7974862 1729215 4742835 4106556 5153783 5918494
260668 5819874 7357910 7693158 3970622 6056659
8187746 488708 3785182 6081752 7798679 9181519
7765187 7162842 541873 5537084 6417173 3143336
7818674 6439248 7039051 8588700 4067004 6896365
6872725 6250636 4931230 2918336 9078492 6772005
8302495 8782010 6879417 1461337 3104625 6612814
8306092 73988 8422777 8961876 9486628 8429200
689643 5654659 4020379 6438087 8285143 1040094
2398261 2437778 5312041 1599499 6287881 8714535
8879442 1671967 1752870 461545 820433 7719986
1125429 5269410 1410215 7013176 7779257 9016668
2302102 6303850 4058217 3929058 7230991 6343184
4720558 8856798 6952619 8609851 7899057 8412345
2875986 434637 7965492 3891136 520075 6640714
1459964 6702995 2494129 8164882 2581894 1432658
4859944 7844546 9253555 702791 7836447 4217217
7018985 3676466 7875401 5003710 4135985 1981293
6981877 8469202 5206786 8968856 6878940 7431083
1761915 269591 3772910 3340525 7585559 385795
9754493 7234293 4749335 4769501 5553212 1076261
6522539 4137220 3721955 2625558 9069114 9386444
7089629 4017767 1020350 2735402 1590866 4222590
536943 7872275 6298651 5984198 6909258 2050872
1433928 2491108 9824054 5063045 6402966 2312303
7659747 1519419 258987 8867759 948297 602154
9467882 2249483 8123254 6799140 8481171 9998765
8259338 4356318 9400088 5820341 1879226 2861173
6410733 9026513 8678725 9550320 2803581 9713284
4087143 3770294 325034 2698462 3335573 3062103
1252206 1459493 7734253 1409652 4965811 7549695
9127457 8221869 3069469 418196 3267519 9341382
6099335 3737803 9391104 6299886 7724860 2552940
2650784 5613586 611881 6962881 8652312 7376453
3633577 8109427 8715837 545703 4780615 7178002
277120 6769419 8913910 5061151 5546933 7021677
2264512 6849686 9390506 1850393 6692883 3657357
9791703 5992537 5758993 9337343 3450984 9065778
322179 7787257 6045434 7772093 47678 7721986
2450221 4289325 2807180 357799 7776074 6856384
8833858 8581754 3441253 5891466 141076 6498099
427471 1038184 8190869 2369426 4035373 875174
3162434 800391 8920702 6954524 7171177 2659775
1617460 4296234 4658442 9650058 223523 6993358
1132568 2505026 6721741 1191924 2610929 1257608
4214497 1906712 9073611 2534122 3016535 8111129
216103 3900237 5851461 9260893 8909872 2412800
874909 7952753 3751883 5170259 4609659 9247286
8801283 5495697 7118147 147404 8740339 3479840
2197941 9183799 8358231 6447895 4758898 7636049
9776358 9235546 8427254 6933260 8154929 2128661
1801563 628311 7783856 809573 6738420 3270940
6808314 2356566 5386362 2245641 8775149 2270770
3241474 5962308 7895367 7474455 2390640 7115232
4139461 4067092 3166372 5593770 336180 3832735
9752897 3768208 9141338 8215411 9484535 9674325
3985546 3941648 9797823 1623222 3368696 3981347
1463430 7991710 8757276 3847207 3339089 6383772
8093478 9952300 408650 6087461 3206420 8796589
9740682 2301902 6844906 1312021 2793799 4087836
8962288 6207792 292131 3951120 1056675 2970212
4129601 8592903 2872031 5712036 8260094 4833500
2472946 1618252 2593611 3914020 6011024 4398930
8357956 292254 728002 6782600 7500292 383879
3424085 3665436 561787 344748 8474729 7182632
2829419 2673524 1147848 5709987 2660934 7160904
3689215 7512310 6935034 5787063 9717605 4746186
3511741 2381441 1692205 5575149 3614514 1588168
6202977 5826662 6290878 2445975 2954065 2501545
3359833 2179688 8707499 9908251 527035 7391239
2408425 3784853 118173 5689399 2882617 5586569
3685652 6762959 8957317 5432707 224804 8498714
7463896 2570892 574648 5981816 3270858 5118850
8691674 7848935 50922 8973618 4141770 2648067
891753 383443 9719459 8646302 2350153 481245
8453404 3780964 6985274 9543795 3378638 5932751
4628012 7822342 9498823 6105635 1889497 6851554
2630850 770270 5601857 7792164 4982078 383172
1926896 7378017 8908829 3588648 1216577 2678099
7340316 3434806 9643082 7470106 4797645 2499173
5867110 5039349 4412806 8476071 6979302 6443839
1513439 7920101 9192254 4641897 1353803 5448516
5620027 2586038 5959438 3199367 6342768 3371500
7046209 3099589 5401365 9336286 6719405 4972135
1572416 4864755 2564386 4307175 2203478 9943832
6289669 7157906 3024697 6999650 238525 6850147
2438748 4154778 3790968 9158018 6278724 7061977
1190918 7284999 6024213 3460313 7968621 8630539
6718661 4140949 7092038 6271581 423896 1698055
7097808 6530823 8319943 9440670 6903655 2114546
3879453 7206264 5716622 9248421 8352227 4195896
2423819 8620376 2347513 9109290 760618 2187989
9580532 7888191 6820864 8339387 8145368 9434406
8947922 8112103 6896134 3933847 7588513 8062529
2851794 18087 6734010 1326641 9901841 3707701
8530203 2998078 7251123 1676421 5278564 9072460
1345354 1942496 8932772 1828317 1036493 9348244
6283026 7609370 3380330 4904048 6691049 2535704
4877190 8758420 8385455 8885537 492748 8791552
5218412 9945605 9617750 7654093 6396627 8334139
7461886 1097177 8718535 8639811 579086 7762540
4936865 7904110 2609626 7748404 6994033 6202871
501633 7119604 7075609 7547889 7650821 9979143
4682198 7947745 3327037 4198305 6449450 1143420
5322245 9644666 2505330 8459571 6458009 5332959
9454710 3691261 5545869 598632 4366430 9939315
629709 7643214 7030283 5617790 9967183 8786939
9926078 7128786 1764387 2182584 8383903 3373143
1715942 7670523 2294784 9638607 2971894 8448882
5007102 3263581 4647727 7575114 3317566 934420
5257209 6477294 1446101 7276667 8293693 3302771
657002 9903001 2753174 7136293 6918179 7607
2948859 9064408 7980562 4540098 4272227 9320664
9379033 3139661 1260762 9132187 6743628 8787485
3038175 9816103 719366 7096987 5591530 1102849
5291588 3054595 4325648 6095862 360580 3489888
7340838 2649411 8835092 8461615 1525582 8480902
619968 4579649 752343 2287176 6689747 3907486
468320 467003 8991354 5327063 8196081 177904
9673658 6125022 9733666 2658615 4238491 8477590
2583405 3560015 4311470 1650324 1844704 3863584
5681959 6852996 8703827 4490673 7199259 1622815
485571 917417 1614078 2779859 8512218 2163979
8035142 750998 3126355 6811879 6628666 5124526
2111495 9964525 4858514 4147743 6422204 4235557
3756222 4682223 8410919 357502 5878209 7965567
4169432 8969643 2734944 6888759 6605217 9836750
5203659 5977646 3267744 7368538 4841491 7278663
8563825 6893798 7612804 7569687 4623472 3487493
5351234 5771526 6931348 9186943 9538829 1880179
9005070 1534216 430792 4468269 734450 2517035
3211896 128069 5039208 3648511 8610427 9542574
9429034 1146383 4145780 3289604 1608220 651020
1856782 4742957 5123033 7579850 5583917 9528405
6622753 6186535 58750 4923425 5006267 106683
1034219 4982488 9430814 854765 7883688 5071001
9405958 735389 5243195 750708 4156641 4713422
2239455 4915314 8283371 8070230 8140652 3477089
9341712 2061629 4163305 6280328 7330161 4795872
6757145 1425219 5950299 902386 7845516 4547915
2458284 8288471 5121802 4932524 2614292 3627938
111759 8574269 3262694 9074779 3883646 872830
5407824 1106073 586315 409611 5340395 668602
1245033 8552523 8045883 6581661 5581713 2944637
5943378 4753891 7652327 4634942 4097620 6458468
9120702 8503572 2889873 695280 8292423 5868170
9591620 7306930 2301021 4655433 7958470 9566383
214395 266933 8177983 3290474 872503 6224087
4209556 6347533 6084823 5281696 9657352 9292992
6502032 5876623 2706757 2177164 8989145 7860401
5975611 5476817 4476648 6804225 9954077 5380073
7982957 4712543 2813649 4718145 817991 8033464
8367581 6589600 594053 8479499 6367266 5314780
4766653 2652903 3881387 1428239 425385 7750086
373645 3839006 8846219 3596881 4193248 2415800
3161412 7414455 8317784 4440620 8679821 2481652
5089734 3410169 312856 2797909 5307517 6159960
3410438 9491410 5529542 8051358 6914115 3067752
8698939 8022532 9509357 7391977 7410511 6336242
3979014 4547372 5051431 6726562 6430580 6115070
6533854 4386076 519295 397849 1556733 3403536
9715679 3926960 7909778 8112400 3389765 2957096
5001923 1968744 7345385 7721426 8017801 933975
2220544 2322286 6924891 5778467 4897941 6170715
2906442 5769434 3944 1981542 461605 4132449
7430220 8363171 6979589 4197785 6264055 921441
5640665 3012588 7934676 2126005 8335678 2987154
5157974 586538 4632767 6552261 2390053 5441766
8990857 6257587 6529571 4117456 4506018 4108294
9190179 755387 9488134 4348579 7491407 5787299
3399592 7734137 3465355 3777328 682179 5026593
5977507 804138 5704688 6423943 2080761 5005212
2999298 94538 3986607 3937736 620493 4311403
1537948 6354181 3379380 4562177 2990684 4204018
7602878 3312764 3857153 2871294 5007605 5508667
1433307 1292086 5521180 2147377 8726413 601541
9521799 1380645 9904358 9606174 574753 1585915
9737078 2566914 4176826 1524358 1118157 4411480
121687 5252442 134894 5176730 2810630 1137226
2407919 8837414 4743453 9261337 6174450 7369415
1169439 3106212 5796533 196021 4990635 788675
9484032 851921 1368124 3385066 4415937 9239847
4407044 1931773 5779427 1793465 4825099 423770
27191 6078520 2194607 9445673 2749607 9755162
5373773 6256577 8481455 4383954 9739458 9888998
5858087 260462 5206194 2534943 8436734 7468541
5789382 9541057 7576278 3388150 2040326 266236
3043355 6736620 836505 895046 769686 878857
5357799 614453 4012315 4319682 9234145 95930
5174807 1723766 356604 6041370 4822247 8734058
2307220 5100077 1112462 1479125 7526978 4155475
4033652 1872101 3495038 8310885 6004083 5284042
2847492 6639041 4038193 1928370 6402317 6012986
8918657 4478726 5486891 7602597 9026155 9125004
5876682 1538405 1026317 5110264 7360135 6712968
7111937 9748011 4718809 8842219 1080930 6940248
9153773 1564230 9209642 6681029 6861393 8897585
7383818 7046913 4610370 8728273 1472190 2595104
6057736 3246437 5321448 4343617 7122713 343520
3247167 4704622 6073922 1987457 5602442 5988573
3129158 8923388 4511965 6782070 1198948 6256071
565232 4005272 5558110 7097945 2774596 4838087
6803344 2237627 7617333 6589306 218779 1979241
4514633 7148409 66214 8431212 9052527 4113698
1391520 2768319 2625298 4375288 5595052 6376308
866326 7166315 5961787 3221069 3551871 7938005
4385619 601748 5847965 8354299 8163041 7466917
7036993 8959791 471840 483361 7540273 4885085
2726187 6657861 4485842 4094680 7472824 8454033
5922358 4697945 9870860 398267 5390549 8430628
3630773 6189943 8410220 9181801 6231618 5608280
8876300 3582274 8685755 9679327 2203686 9617030
6131276 6160334 8985367 2599297 1394219 92736
3641857 908159 5228046 7740212 1649101 8937190
1890465 6771645 9693491 7507753 7298711 8853925
8067145 3987352 5211198 7417336 4723525 1973097
9056697 7855192 2728172 4863560 1607060 3957998
6199330 3046859 4454175 4868811 7963404 1312489
9468665 3323060 3303726 9778123 6756409 4482390
3202582 5890561 4540842 9473030 7291335 9459973
5914788 1368547 6283563 9831829 1612182 8216333
4405832 8713940 1436809 7012270 3542600 3539026
7364563 8778296 9301098 1270047 1540882 8602241
4483015 7021654 8808240 8381002 8039087 3975650
5550199 8289021 7230942 728807 4214753 8832964
7432254 9583666 563856 3268198 8948771 238513
7674435 6367500 1434676 6237841 462979 9249464
9875680 2456395 9780460 9764699 2413560 7978113
5181292 1932534 4349679 5938600 4990015 269681
651733 7533786 3329459 2307912 4281630 3323161
985391 3677024 4499186 2603845 9580015 3958933
2975170 4096365 9829525 9062584 3595612 5173382
7167564 8245173 6558674 9558776 8505322 5582692
4195189 5785500 5875461 9252829 5547515 2282218
4483284 1493653 4593651 294174 2616465 1414985
6909053 5366523 2085869 8111515 5252450 6785954
4750277 7271835 2876379 5821527 6789529 8317194
8148588 6118707 8336922 9176297 8771035 6744841
3711006 1092957 9028464 7746767 8112722 8496130
7447700 1732561 8129509 2216968 8120560 8086361
9365281 2680995 1479899 8414539 2153530 8229088
3087512 9056049 2992723 9772720 4808498 1233486
2706312 8373662 8995970 7558266 1104241 9428807
3945295 5306987 2722618 7848810 6583168 1523508
2386521 9162286 7253800 3589739 663815 3519889
8656444 2533309 9151274 4790017 6456246 4108533
6837295 9734048 3965176 107833 6088785 9714986
3752118 3938286 6284458 7794977 5040455 9739060
9500159 9889433 628319 8700702 8271672 2813573
5363743 1516470 6097827 9956391 6028018 2991244
975288 9497773 8392234 9472834 1116276 2275189
2082212 7916294 1917416 4887436 720971 1370193
5463630 3837461 9218202 3007631 4096692 2644881
5239050 4591544 4121831 7514740 4089579 774381
2891569 9955741 4261637 6337701 9426273 4939775
8010706 6880903 3706030 973932 9132545 6591012
1322752 4279284 2822010 4009269 5712764 7124160
7821643 4612722 9168462 9258126 3237071 4434210
3595371 2356112 7419778 3452945 4717341 1436474
8869413 3460547 5408193 7617852 6581264 1160534
8013552 5744511 8490020 6977640 6876730 3840067
7664163 4489698 4704916 2627190 1684879 9817408
9822871 1229781 8878779 6997671 9693096 9476857
1605918 3633442 6718670 9827426 2742329 7070161
7519997 4557761 2163562 2269555 2104519 5671998
1182818 3704899 7698019 1661475 5995716 9968253
8634139 844003 7735992 5328395 1593963 8747373
9729294 968181 671232 7602370 3630073 3487560
2557695 1871741 3767450 5931335 6011934 2947822
4441863 8186125 3002181 1419859 9457643 2318969
1676504 5394607 2385179 9032917 1444371 7979980
2119388 8161395 5234064 8910525 8363531 8849093
1740865 6277523 2039479 7971296 98132 1774148
6398929 9917626 927687 8676002 9711860 232777
1904548 5251482 7692965 4750197 7219611 7809591
6966072 7214280 1386359 5417022 3651890 6199356
6362194 696376 9523810 2691252 5482981 5468677
8253496 3647169 3508210 4918356 4190470 9734410
908342 6470567 8087993 1228032 5020930 9540016
1391281 3000502 5682746 2152401 7128369 6192888
287015 7369191 941783 7424472 1944453 1149251
7462734 6323842 2625632 5840122 1609102 9401755
2250338 3707676 4434645 5459009 422506 6064691
6724567 6986191 1061012 7958554 3841854 749044
9721597 5738039 2193350 1846342 4025740 651388
516609 4209792 3568007 3330921 2404237 8113789
4526893 829023 1702716 2358958 7455622 7866628
7108778 5068219 4861464 8686238 8977693 1313253
5105371 5932272 2577996 9618055 5427834 142178
5131875 2328460 3527336 192739 7702875 6206413
8955901 5616391 2298101 1974243 5323513 7399309
5833747 8919416 1303439 6320855 932115 9593483
4361974 4365608 9530568 3194384 849775 8773634
5887579 1035358 6760346 880096 6740971 8093468
8073392 898554 8781957 3425829 8199045 75776
4586453 4334154 3126147 5496303 3403057 1839230
5568526 5134534 9744706 7462155 2852491 58276
9814 8784515 5000156 2984512 5256080 1062226
611609 1937491 1478685 4753702 4305159 6667516
9446067 8075804 8875420 4204633 3900851 4424959
8617351 2407918 720371 1227662 1734402 6597960
6467335 8865671 962551 7691337 7625858 5715240
9028928 8425424 8182867 6702069 870282 7956455
3093311 5088879 5642473 7719731 2814220 6261554
8597091 9832750 28995 6458631 6050235 5327252
2963810 1363892 1233683 5319747 8844803 444573
9337905 8782151 7050113 8402195 6517177 6390409
99674 2920271 4311633 5763444 5724773 5879734
8484648 2743998 7205521 918964 1111322 8811971
8782486 897620 9593697 4458817 2630571 1901651
6568965 8704 2815435 5635299 4727527 6261965
4481556 3709181 9580621 7738294 7364163 2088131
906341 4691115 8571702 9252063 7620057 9893949
1949920 2833646 4107977 4149260 7973982 3306237
8121730 2044845 252570 2421712 6537260 7947182
850875 4879088 6151579 5148462 1833230 6508473
3574973 4464375 8192743 8049667 1281887 2015592
6299113 746353 5379834 5117390 12623 6420206
240269 9530422 3277563 9699748 2508896 9796925
7793674 2419704 2034721 9509197 7513568 2682681
6009395 2059844 7171920 1633438 6887419 2485074
5936552 5757879 2857885 2063229 5677089 3155681
1701205 3900252 1551758 2092384 7850147 7227628
7926403 3004339 2032222 3832363 2181443 7006838
4669619 1151127 2370192 6354654 7354787 9413525
4473751 4065776 6950806 5510062 2040272 9222043
4843672 4665674 3858934 2894759 9180838 4254743
3562321 8177039 3853332 121881 7998542 8608643
8245166 5701289 4569557 4807093 1582794 4509228
650458 2177031 9878401 165081 6963818 5736291
114882 9581897 8403092 3444359 7589478 1611313
6204874 6191143 1859980 2329715 7248712 3184472
3368693 5031643 3823501 7777479 270042 4004403
3153505 4547738 3152584 3761548 8109487 1653498
4843968 9666657 2482981 2441577 4859604 9863241
9343641 4678590 7701856 8122642 2779877 9598940
5851651 117962 587561 2242019 3917006 1807399
6748663 5915450 8452577 1385084 1438399 6551151
685727 2872979 1906988 5873998 7011576 2416080
2583706 6353334 1472409 6749593 8600390 7922820
9128332 3763296 1331539 1996739 2986074 2570121
5482616 5246051 2251766 4224560 1925828 152080
3416841 911486 630732 1345185 7012884 2194037
3200920 3458883 8228258 5931830 1755850 1986624
7956252 3469643 7667014 5285776 5538935 6426542
8126530 9102057 1517571 2664741 3113687 153709
475860 4751924 2929376 5882455 5902468 6192348
4299384 6461166 947150 1754908 2457156 6100089
1785348 1238521 9340449 9278372 3548673 5141506
9694562 3196501 2007446 9344914 4040486 9516430
4903107 196840 9707115 5825223 6098030 2823770
8634509 752100 7797799 477022 869325 2260960
9264661 7318465 7556415 2035910 1632445 5294684
1039474 6201344 1012487 1566924 3500427 4300414
7086093 8848158 5553384 6376064 2970178 9917185
8146263 1130946 711437 3412945 979348 5705627
6485232 8474161 363136 8123380 3120398 1705055
8302290 1308325 369196 7079488 13711 6230208
7585091 7658652 1564056 6712761 8305440 7839142
8503943 3336182 6696412 5406701 8739130 7249871
7270386 2258444 7781921 7880613 2330759 9738378
1549523 5851715 6339116 1850787 5550677 3158284
4931548 2916093 3080945 9307431 3264633 2192102
3931217 6604 8834447 9323176 8790973 5311526
8353128 1433501 2825506 2872294 4909002 7643165
9009215 1078530 9735030 3113264 852993 861953
3923134 421676 8977566 630817 5529965 4161995
9891091 5734303 2107974 8405772 1781213 5389346
4758196 9196512 71548 4504310 1475484 8732525
8415424 7947210 3467471 2470395 9527485 897258
6912872 8677228 942713 8695950 2841572 4472146
3423253 1818284 2063100 2218991 5384297 2842957
3214535 3300399 4476639 4672451 9432084 3056669
3203551 9947356 9652287 7436160 8114098 5712489
7571617 4504904 9603046 1002504 4697839 2905783
7394482 1452738 894191 8080308 3717945 6852736
3219282 1195140 2892730 7635827 4982518 9962929
3326245 2539204 3812215 7228591 1289774 8175084
4255886 3742973 8515125 410801 9266843 9580128
1244970 9476712 563130 5230223 1124333 8336667
4869100 2420748 7120444 9157317 4824509 3931558
1948765 5134227 9582454 7623902 1453169 8236943
163939 5567723 4964837 9689357 4109914 5574893
1900274 343025 3215130 1427962 6746618 954866
4390657 6983680 2185894 1314063 6835337 4241232
6289606 7989058 70807 4556063 2766727 2561770
2842485 4168928 7714694 9880656 5279826 6155546
8592629 6631984 2289804 278182 246862 3699119
4615290 1555612 5366798 4988236 3329949 781307
5121537 3441137 5674130 6165578 4766660 7840829
1745663 634701 8298890 5341221 1334295 3464110
8166135 5607876 2800996 2403067 6846872 9940985
7860198 2019617 5063199 7059584 2835332 114634
8665062 4112474 6736817 8486774 6698772 5279724
8874434 1301370 4659109 9289500 9434525 9325590
6887639 6676906 9402268 9873865 8134993 4645124
7856655 3251408 5297688 8825693 2112046 4638986
898123 2212223 4708739 5425812 7128038 1310331
5718107 8061952 605804 5559496 7500515 654185
1104011 3258888 3935929 3019165 6466786 32925
8805000 8876635 6173350 3475405 5515428 169966
538717 7986333 3884623 418075 9202928 9583924
4816945 9839368 2000428 2097831 7588651 4486549
570984 3448621 4173331 3348778 3571393 1372573
8719785 1328143 9176391 8748083 8769853 4876104
709194 4837489 6784621 5264762 20693 3235410
8465636 7422717 6696795 4538773 4887095 9141704
7425707 5300031 8859024 1021880 742550 7661147
8653757 9006180 5670237 9449380 2448180 3018165
5859593 5456221 5305242 4800777 4755620 4187284
993574 1790633 9216480 9008519 9708881 4365438
2799303 9552183 9818674 8765017 3632194 165933
7789754 6032211 8561526 5031627 5923070 8271361
2513548 7697905 585593 1515243 94325 9763672
9205867 1259814 2389309 3766456 9405168 4564471
7930168 3664859 2667097 2509510 3545198 3096461
9925224 8417188 5591150 4493586 8222577 1190366
7842472 9888739 5373985 5504304 1659625 6415969
4456638 827966 9533151 7033881 2287228 7057715
3601691 9478330 1696308 9452807 9802651 8449066
1976129 9032846 147014 5254202 834848 9967335
7498835 5280243 2487012 5465064 5106402 7505882
2680211 8019962 9475327 9395226 3672771 205586
4389686 3701563 9600188 5973339 9309817 8577202
5031320 896287 1377630 5609382 8907819 4066868
1400153 472417 8614537 7142083 2517456 9189730
1043352 2588269 9053890 5406650 8005468 6379382
3928957 8991574 5721564 2027268 4353669 4267266
7582387 4206464 5805559 1490722 5063121 6101088
8848877 6002789 9723029 1569812 222881 9938561
8589705 1889452 6372424 8420144 4064910 4633984
8891345 5538127 5502505 285597 8351874 1084501
1151695 8983036 5696094 3220806 2044382 318242
2855637 3004051 6542617 7110364 8026995 4701355
8261308 9909431 5409296 2513449 8293205 6514666
9466701 9473540 2365387 9115329 6816945 6116015
6957 5508813 4926663 1087579 3135923 8815542
8764760 7296790 5854590 4721057 339026 6080084
404993 5628071 3958407 9404786 8714174 7218830
3395944 1479340 3862457 1671069 158835 4155479
9224688 6377895 7244921 8987839 818895 8878333
8719113 2036366 2166091 9580079 3213848 6535568
5391578 1768058 9868127 7727075 8345604 730205
8846764 3540250 9570404 9329211 2108455 2665134
2556258 61914 759366 5146557 5719385 5337604
2253558 8335888 5349977 771184 1862890 6758027
1570620 9776921 6477894 6976256 6001944 8302660
3913993 824914 2414222 7422838 4013207 6946115
7350702 5668869 3133736 3132252 2824304 6618584
4585074 9895477 4269440 4579787 6431580 756981
8118967 3572555 6316980 6828486 7326520 4877960
1185591 4620394 9905167 3110099 6156454 8568682
4252311 1870508 7538306 1267744 5415217 1283541
250912 5133419 6048706 3813250 7795855 50516
2203867 9121306 5511584 8731393 6186110 1967412
2488587 6990833 3345341 5720912 8857289 2429388
1985679 7085507 3498393 7536262 6237247 9392813
7040948 4240602 9512414 4565053 8879940 953796
9080278 3317329 4480260 2985898 4328874 1298160
4708274 4305717 5776700 6266464 4624618 8205214
9366376 2454197 8434283 7937755 621511 9165620
5223341 8531398 3013218 5108918 9282064 8329709
7785148 2714650 8896172 6655893 6772301 3555253
538101 7638814 241365 4557787 9651115 2868780
7487151 9502689 2661958 2047180 1012638 4551572
6652688 5719215 2460888 5293179 8169885 3783049
958529 9103193 3619090 346794 9341712 348542
7940577 3971359 4035265 6150550 5200750 1614224
2401988 8052380 7533415 2221447 5728363 6985804
7963848 4808588 2803082 5565503 450603 1118822
6503661 3176160 7518760 8461646 8456230 3562849
5868821 2491968 4544764 5113122 5697363 7669108
9936162 191307 8297102 9892823 6617210 5679755
8833514 1336600 4301939 1047733 9645192 2960257
7018156 4431240 9990851 5475083 7329331 3361297
979967 5393026 8652590 2500268 3843132 6165551
2829782 9478930 5515129 472416 281729 2708781
7069460 7288865 2355016 9864306 2285284 5537056
8688702 8071024 8191378 7123327 6731988 9114002
6816882 5455927 3530968 4558502 1443490 4024989
3571997 393737 5162637 1183466 4133155 304337
9016518 7435894 6348174 2131550 7063041 7138279
164625 8361098 1054871 1593158 3978273 2356327
605240 7153850 2145956 4453795 6786381 9258306
5169918 3856639 8661038 9538588 5683385 8387204
2634583 8271279 8035440 1490140 6900418 9887992
7546143 5885993 3155710 2050679 847787 4849390
9188881 6557151 1007983 1053099 6958701 8370889
8059130 5223724 1477654 1174640 3953261 4289639
1879033 9118202 3607355 5904331 6013547 276515
1643299 9477930 1752508 7960970 9496967 8791761
9102838 8674485 1460679 1166878 4047014 8092279
9200616 8554560 6306062 7296566 5264913 229229
8250322 4116819 6897938 290148 1479457 459661
6909550 1459942 4318017 3745801 9611107 7782216
6280636 1641812 9872445 2879195 407380 1369857
3096881 1227911 7060184 2216222 1950261 8284216
6910210 6892252 1176710 3385374 1974024 5398700
7983577 4582466 3853288 3378126 7654008 1896728
3378577 1353150 7998473 1292847 1051419 8037025
4473743 5357037 9063377 3678462 4886241 2405201
8219833 6321421 8147180 4936204 4199685 4037002
3169045 6034100 2166558 8613721 3379938 4587204
9282951 3524175 9485917 8919316 5762223 5028640
3928928 2902510 3987804 7975717 9500617 9054229
3371384 1804033 176491 9023158 7742478 6593223
9220838 3231747 2006010 8771508 5165540 5652602
7251520 3047372 382781 9816286 209081 1619907
9730169 4764855 7973212 3411268 2009896 7527244
8551107 5554426 9594813 4034737 9749534 1983731
8417397 244116 6820803 9092950 1564820 2395651
3860510 4145886 8291622 5573334 9392882 148190
2581193 511442 8358635 3833314 1667796 2714850
4645858 4112642 2693428 2367896 8245547 4735761
1081017 9960115 9794136 2649247 472050 2188051
6998410 5186101 3482213 22279 354111 4921424
8831799 8158569 1482552 7987130 5955775 6063194
3328285 4156834 5371973 7825022 830075 1498453
9168609 4717792 3886630 6879962 9388878 5636891
9290302 6049500 1998568 2085041 8011933 1604705
2601514 1211262 3673836 6103570 8574924 4206781
6665976 2558914 157331 3437210 5001515 3509226
1232298 6658728 8156866 6630234 9039610 4088713
9363788 3255994 9130039 8295683 3480638 5754257
8301421 118447 5797222 7845321 731976 4304610
2922855 6746757 146636 9877846 5385615 4744512
2389358 7224714 5581909 1165192 1159045 8271160
1341122 5731398 9716277 377403 5647664 2730150
7480025 2660068 7009890 7909855 2721252 4755938
2474665 4305831 7730624 7919578 7802149 8456477
8409558 8820655 1826938 5852721 514355 8254757
3362590 1354452 1273112 3412354 4240876 1814895
8506803 8198596 2096949 858879 6954560 7749240
6037980 7924017 4470782 3067072 365296 8071907
7294719 5013000 4025504 5390697 7403180 1079783
7013888 4469780 9422565 7125432 2755633 2338390
6444222 5488401 5217042 1461519 7014812 4293211
1457037 4067671 8419192 5194994 9403051 4522656
2658989 1615786 7351271 9981384 1881597 9878131
3985694 5342486 8455358 3755030 8558001 5501354
4229252 7971892 3951271 193329 6398465 9771096
2392330 1381371 5442963 9758559 4414656 1466159
2532197 4576460 909204 177570 1610034 6297625
9652715 2099725 5609948 9502848 2731708 5787394
3728512 7032504 2588182 9544433 3139737 7413147
3883031 2689191 6930400 9715688 7232267 9042919
341940 1263708 7669205 8648096 2802664 8021680
9079693 2900429 7201129 5885111 7449186 7305137
8968927 3808123 3732451 2157732 4102314 6458276
9891406 4726404 5240184 8163877 6464816 9365961
7182913 2847896 8241633 8029816 5875527 1725465
4535759 2816509 7344193 1866284 9835630 346326
8628420 1004619 9297060 7588267 423155 9831278
8586265 7843401 9583317 5283044 575506 9331613
3680695 1725298 8586877 472124 9824281 2505862
3802735 2178063 4798892 8303243 1465182 9954767
9780047 1049877 7024902 5475664 1349352 4632677
9960943 7102642 3972493 3386125 3529312 3097695
7161215 2303138 4303248 5408906 9577612 8621414
9782644 1899868 2272390 8910020 4349120 4150228
3138587 4063635 2992227 4838330 8063549 7657567
5547434 325176 9539437 9342293 7808220 9373278
2806376 3110600 6494048 4950639 5322100 3472863
5359120 294569 8195986 5489181 3310908 7521142
8202613 8393829 2600451 6177477 8520599 9565313
7682377 870026 6700756 2874673 2337076 7285717
1640450 5122613 9039093 6314925 7838691 3204135
3558258 7818922 4494918 4929970 2602529 6467011
2127366 4832005 6577768 8799526 3550900 4054550
5954242 7649405 752726 5471084 6635716 9669720
5057116 9369956 1804577 9974123 1659915 6938193
2672522 9931702 773524 9208331 3310188 199487
4433770 9044194 2455878 4991851 1930923 5491986
3026224 3272643 5791299 6133440 4050111 3688594
2987545 8882851 7319126 2646205 6920431 4687670
6532990 6169366 8486897 9369373 1257809 8468734
1399557 3584134 6159006 7556724 2257448 2670826
5693486 2919034 1521816 6378280 4365755 4506705
1598672 962391 5718481 5260739 2444859 3363073
3878420 8923676 5319845 8115983 6986578 2777064
9619066 26316 3011271 6085853 2675341 7140822
1712590 5064397 7786384 3987144 3592293 8346789
9332980 5469499 1015194 3120472 439953 1131076
2166777 6609264 4517095 2812421 1047533 5958040
8969188 1272250 3724506 5123823 5490952 2334133
3148888 3283574 6597555 3381941 7937658 2231131
9659555 9607633 243692 4380993 4665690 9301357
6720320 7611527 7370097 7371692 5927759 6975360
2347878 757948 8483723 4188768 5949205 377314
8259968 6806645 8978783 7053231 7116665 1403090
3416316 6588766 9573445 5452251 838255 308719
1749234 5951038 7531841 8784063 3460917 832320
887384 7785784 1943574 5215738 6092100 3436005
8587942 1597496 5344491 6749145 2775945 4733004
3850410 8960120 7334368 6220241 5121973 1131012
3252347 2606323 2490967 8840602 964676 8076923
9727912 1268069 6773272 7061378 5622457 9976720
9443518 3563815 7297030 7651402 3301384 8163421
8433739 3044230 714544 5542778 8465289 5519168
6058599 6667170 3812820 4840441 1601841 1878135
2974350 5528993 829065 6400828 5531715 854593
8341352 2046781 6821107 3866650 5487826 4824031
6662732 1526563 5975038 5367770 7305627 9212130
7435973 6199007 5658735 9170947 7786501 2077742
416467 7709569 4141034 6971799 2782003 4297506
4264102 4887470 9666227 4895137 4087027 93464
9147655 3042690 8032099 6442437 9310050 1254602
1342313 4567089 7556404 5890513 8880045 6938726
9544129 690828 9361543 4600690 7404467 5402833
6219399 3803403 7742491 8751322 5984361 7822145
6713559 1369552 9264778 2523601 9602547 600355
5157803 1767595 7439535 5881574 6220115 4262936
1180030 993536 6888956 4404132 7828633 3219412
4521338 4525954 8829523 7202308 7427669 2091174
4935962 9663412 7483003 4263393 8675737 283623
2350973 396332 7058329 209953 9728877 7940497
1989824 8818711 4964541 6956049 732709 7112450
9499190 3662555 4470712 5098606 3420659 6410931
8513877 1815267 5974769 4523079 4229984 1458406
8992622 9511251 3941883 7173603 7587638 9939134
3117351 894409 3091857 7155911 3530601 5823782
7204607 970076 1264658 8948459 2414308 9009922
8254870 7565289 3793244 1717072 7703117 3765114
7620462 9837356 6242752 1072071 5749516 6860470
4308854 7827893 6166348 5599922 1217331 217626
3998614 4816220 1231072 5025406 3838697 9838299
4020592 2343278 131954 8646929 7893998 2450582
5146273 9565417 9400958 6964847 6268208 6664695
7665162 7275550 1808133 176768 9553141 7750282
3696381 2045279 5144892 6231387 2847057 5702707
9657434 1604685 9752745 1047031 4949844 7598088
7778849 3229463 3726591 3954944 7696479 5359839
3633160 8973532 1943357 3792170 5925798 6184098
7459511 7344006 1559685 9501652 7934759 3941781
8409492 3821846 5263078 3480789 1329024 1793417
4693407 7789205 9496220 4429246 8989494 6289313
2697837 4099241 4615573 1802870 9185998 3038745
2938103 3710218 9579070 6448294 6543608 579609
5806925 9904211 6119481 8960793 8771875 5503051
4143022 155782 3669926 5810964 2637539 1127998
2335009 4298059 1900438 1933174 9261537 9907274
5863618 9203913 9984037 5654044 1094332 1826557
1568525 5656641 8158008 8520939 6563549 4224541
4362711 1961198 7278237 4683469 7673864 1424813
5673936 5732613 9017329 3993169 286224 8833712
2619386 6886872 1461701 3487575 9467860 4887938
1138306 1004928 4448680 9671795 584676 7339694
595572 152881 8809879 4292923 7392268 3115234
7345042 5622082 3592233 9445384 1448253 676341
3849760 7651540 6624195 475625 6259238 3528924
889945 1870448 8917688 1150324 3034657 4207460
364855 8080950 6188780 3270070 7382632 5558620
9775860 4690915 1376521 9938542 4087896 7520983
2614934 1381012 8340344 5902094 6648126 4664142
5241479 3174002 5438619 785360 9637814 1816320
8263743 662681 4745690 919756 8781849 8714227
8422006 9445247 7118223 4602419 3928067 9311318
6926454 4074972 8239449 8033612 9669524 6757337
9299819 3911217 3563643 9103212 7860691 4878225
5188579 4987851 5222322 4253546 5908845 9860655
8768840 9579494 8443135 4372460 5006327 6719951
812929 8856103 5909066 2662294 1516536 4642649
402759 8012515 7452944 9029026 8975640 2573153
6424692 7207866 3504478 8681281 1485541 5726597
8252676 9160531 2801990 9867464 5731177 3793998
3491905 4168459 3536402 7257568 5833578 4348572
868183 2553993 9068645 1519498 7220683 813420
848271 6637524 2394680 8920994 8700452 9848176
7425281 6159553 6012210 2649168 7828853 8700978
6356176 87558 8093953 2716537 6119783 5845796
3917961 945464 3124926 2115067 9170389 7348077
1106247 3145190 2178936 3104371 8160842 6421646
3504508 4905194 9987183 2691057 7833010 4848016
3331916 9331682 460078 2953813 2442183 9571624
7781787 842737 6339605 4835423 901391 5746019
6254619 8151645 6434210 3222849 7601536 6275218
7688494 8733204 7467135 5046603 7814746 5555262
7669239 4320909 7998710 9590564 9144660 2923659
8713795 3665119 2254548 3245936 9384620 6788101
5385717 964147 8503281 3553302 4333279 8327652
1008471 6270823 2243798 6432916 6849751 9197
9987436 281658 7303657 3711965 5002563 9099806
7380881 8285313 1516935 4904816 5284574 8121274
1572913 8191223 1698076 3415946 6121628 7236272
3491471 3008683 8767024 9646108 7837131 6637389
7771937 4135192 4399924 9139483 4038132 1543923
3311463 1236322 7471157 7989512 9603127 8863001
5620002 5001829 8662556 3154742 5865055 1099307
5271166 480901 5679573 382006 1980388 6142055
6629575 7592524 149195 5007526 2941445 3841068
1242172 341327 2444526 666267 5940028 867371
4699881 8241397 4247180 9973012 1593352 4048251
650116 3583401 8588095 2835075 7795944 1119798
8573716 336729 7143628 7667717 4374942 7356230
957816 7389930 2154803 8257868 2509908 6445607
1394727 8303937 8294877 3630088 6747339 9261799
6418474 4953734 9061801 7795184 8454860 7623657
6852126 5298154 8887548 1631322 9731889 8396987
7553959 3794499 9796580 9029397 6433809 2604716
6697440 3574455 5966385 5088296 9708451 8550097
8712567 6442012 5731489 7801573 8578284 3289414
5753373 7020028 6836061 9326295 6416600 2842209
2057996 778531 1881868 9519970 815590 9076788
8468681 9326493 7658040 3757816 703908 8715408
6649026 2365330 1870127 5690160 6932648 3172884
3295414 1330178 5245282 511704 9082617 2012847
1892168 9050552 6719869 5598133 5877948 2711861
1560925 8227664 7377898 6954370 6971401 5655278
722847 7177469 2758865 6889597 6619614 381958
892057 4954750 5738104 7016080 1152546 6212954
1419287 63213 87379 3663177 6030881 5086422
7596927 1546292 1695913 9869021 7627802 1765037
2356918 2870547 3448545 4946178 2196890 2476244
1337510 9694655 5393928 6214849 4967312 9755178
414018 6405817 4710563 4863324 9619646 4127867
6274743 4876088 7898006 506914 4178846 5814735
2624482 7897748 2196782 2291476 9357443 5425109
3959364 853826 9549667 993827 4532678 3749067
6933412 5945878 2757859 3261859 5678569 1457891
819025 5204438 5095900 332200 3249158 9625064
375858 2733603 1926645 7568046 3594277 2751713
3867031 1850004 8691700 7633809 2321696 4299141
279462 9046033 337212 9968819 2255484 4113486
205511 9420191 1873138 961496 7929911 3673768
1370007 3012883 9197518 6440114 9687888 8974408
718835 2292281 4648590 2571718 1915617 6623840
3498463 6391318 7259548 6797953 7126796 2682674
5057366 9299602 3624182 8458717 2982397 6632536
1120679 850205 2948953 982413 126689 3828966
7751925 9414362 4803692 8252877 6198039 581393
3554195 7426916 2162115 9717292 6914974 29414
9650551 7707743 7130416 3713371 6470356 5864165
6853937 3407557 2293394 9190464 5904129 8630308
49585 2911289 30486 2564982 5319435 8837682
6025454 9736421 2165592 819623 4819792 2501255
1820148 5245586 193279 6678155 3243758 9699879
520558 5340074 2384628 3594768 8808166 5274653
9502120 7407307 4379849 7084787 4128476 6719132
1535571 8561461 3510232 6173383 8203291 3286749
550906 989213 2107481 3324432 3691837 7178553
7863822 8830927 2887951 4629160 1893223 1224769
5670886 175782 163798 2593515 8669906 564055
6245680 6454817 4103122 4755833 3062861 7912128
4457833 8940667 5607944 5446460 9284052 6258331
8991022 5646764 7042294 6906529 6127248 2254545
7592398 7196125 1648237 5206074 5730945 9977239
2386701 4872959 5514083 3155080 1413901 3952694
6555333 8942056 9891555 2946177 9927703 1748474
9183626 5795073 7926351 4195353 8866599 4751170
1570608 2417362 9546875 6629620 5638138 6246459
4182474 8764357 4048534 7909253 5001117 1473780
8915818 1039605 723871 4125883 2369132 8189902
2398044 1302752 7526766 1655250 8891126 341995
6366775 6044845 5719060 5293820 7722903 332174
4328194 3397044 8329525 6897067 3635466 3313583
430364 5757080 9234821 9267624 8972605 2649543
9904160 8646080 3940938 8417775 4030359 8888098
1024603 5057743 3425941 9736448 1797308 7563846
7224403 9915358 3526235 9204879 262844 9593292
527398 8888654 1041454 3716359 3581058 1604072
3144254 2018750 7404139 7410287 3695519 6612051
8955081 3130420 2330147 4877222 1751090 245046
6401056 7949000 2014486 6830962 4269216 2665159
6906233 4591745 1599736 765679 9672663 3720108
9787348 1225484 5494236 9641528 8740225 83951
1608089 6187801 5065021 2336866 5273520 2011608
1483959 3614315 1362223 6813890 781367 8666887
5233699 2347181 8164268 3281189 2803822 2313844
7578806 3696435 4619437 8376294 6810125 8989313
4336 2378575 2346087 3684031 7622939 2470034
1117815 9313552 4390194 2246196 3269132 5563288
5180024 4064190 2675479 2877 5347003 654901
1302936 92343 3810378 2932848 5531979 7325481
5555839 6506159 8421662 3180391 2062721 5043790
5464513 3231795 9377675 6075708 2332530 2894945
9665520 7799927 5991375 8892189 5696075 1467814
4276693 2987503 9078049 2600979 8101164 8739631
9638364 7575929 8349431 3964536 7073357 6717782
5178934 7071487 6846595 5020606 8128191 1116780
4048371 7937423 7250831 9346404 6781682 37336
6185613 9104316 1731660 9780534 337357 7547075
4663525 2410746 4396267 2342563 8656155 2544475
8247432 2954860 8404994 9682030 3542027 4486792
6694358 1499977 6158437 2659892 896773 5261042
6048349 4644914 9671736 4874595 4843817 7758652
4216983 4930288 6205821 9040712 6415365 8996847
7007970 9857829 7238571 802355 9301010 4662611
2321515 2836371 8415331 4302119 6773174 5173330
2711785 4366340 4395395 2764038 2652045 5281705
3878899 3525721 8207542 6470617 3732184 5692442
7875339 9788930 7566929 6637615 8125579 3725866
6338654 9206719 6539494 9408147 2674059 3684197
7248220 5892002 2198966 1495826 338377 8060401
6845711 1746229 7871740 4498405 2162809 477476
3363256 1452945 2278243 924116 5161813 2889644
789305 537353 6125644 1546129 2927016 9512079
7095681 5683899 4710792 4689464 7963465 7566454
8633835 3303638 1692281 711198 5515817 6760043
3082738 2383072 3187344 147140 9624906 1985955
7820702 3376933 7626121 7089452 3274359 6672634
1447623 5414538 4044906 3649850 8618841 2136706
7558552 5702091 2964985 2686887 4400144 4654477
3349609 2156246 3782764 305285 5864569 8859170
8785195 2652057 5937127 5518199 7841378 2778740
9702300 642164 912446 4139689 3725427 9550083
1885958 6229 2409539 8038158 3241840 2548926
3521548 4983985 4684797 9555574 3152645 9813726
3795057 395850 7982928 8532866 6797531 7468659
8203190 7515416 7512363 8766950 8304257 622301
735506 5929424 7573160 1266165 3947550 7976677
1224260 3418862 1976664 3414902 800928 4393915
2244937 5311450 8914406 1233837 6783737 880584
4174373 9229621 9499412 6123400 1723142 7445527
4795812 1169433 3844632 3443786 5936499 6210010
2037720 3119007 1701972 1787238 7302651 7312416
4975766 2255383 1036434 6708119 8331313 9733782
7837062 380155 9594922 3589013 6287928 1486080
8554253 6969352 731678 6631778 4592577 9074635
1122889 4612105 4206281 127633 6470353 2778116
4132044 7780473 7482363 5766653 1377182 7681921
2691943 457699 8008799 1601989 6258071 4528354
9844149 7466253 898307 9765629 8286338 1342987
7850604 1206799 4881505 2358552 4889533 8967146
5478332 5405941 8526429 2627336 664348 2690546
3106135 4848133 5785030 8258318 2576075 550840
2251418 2070408 9002973 1913000 897070 5830228
3477281 6952263 711281 6203324 6787629 7126323
8176328 1357259 6325766 2863293 2277028 5263553
7896611 1773491 2890940 8515217 288321 5971240
9155491 64606 9793351 5318252 8495854 1409938
8743324 1585831 4890178 347467 7514211 6215930
2340014 5937604 309729 9051276 8881270 7937269
8255864 9275007 8618312 1400105 4451008 9307088
6364779 242841 2571104 521476 361707 802583
7659900 3736201 1782087 3031732 2757508 832463
6036877 8159028 8456409 9301343 7459999 5201798
2236145 7828860 3843048 109836 523279 6339424
4953824 8845334 2892221 4953670 259353 1013313
7352928 7755385 5613598 486262 8953473 8253013
8838833 8221848 1224124 4087594 2687567 3778010
4433843 9308282 3180095 9477265 3014398 722242
9480860 8954520 1815007 3416514 9163960 6622147
5464040 6254942 9719561 6231680 5567651 1516372
7910362 2706229 3476847 768773 5678803 5002123
5218865 5550615 9205554 203395 462509 9238151
3977673 8148550 5141293 65038 5675993 1214997
3159328 5476558 5830935 2169979 5472810 1304832
9198306 3936414 8591425 8991450 5022222 2698531
8533452 2607152 2654196 9707751 6177232 9981337
301162 3665070 3629478 8177972 4258400 7463783
1516687 9277464 8492010 2576856 9438840 1015409
1480854 5399001 578949 8504564 3072351 91092
5685436 5740382 7233419 2172015 1570467 1742389
6410697 6227414 528393 6507023 1669943 7855356
6583955 4269922 1971318 5159955 9763876 2010923
7585518 4981356 1218158 8367152 653292 6195345
2812821 6621450 4497574 7576015 7510595 9623220
2119582 28887 9534801 2563104 4022315 436849
2747918 8129146 2094603 1887089 1767274 8030986
6935390 5009663 7607521 636654 5992901 5168918
9044091 6320899 5635125 8568025 919045 8090995
8872934 7318284 5087090 1038074 9359194 4949017
7244814 8834682 8716818 905172 4387441 1641055
8320555 4020851 247606 1534468 2412036 1634729
9916320 5698429 3214081 3187172 1431762 5643628
8587823 2176167 628548 9328656 8531923 1189696
3988095 3551556 9109842 1443805 3690169 6704031
5349758 1709844 8769952 7145585 4642274 2932592
9314167 6030217 622221 5966465 2316098 1972050
4921311 7509623 3908862 4000395 8651705 5220615
4876913 5685762 5886521 9443461 2450250 7183026
4320468 7916158 302758 7527122 6917077 835885
2531212 6876750 330681 3543575 6184709 702192
2864776 2770734 1056155 281489 3873004 5401544
5021407 2621358 9860069 8656498 4407345 1022300
7280833 9987700 4899850 3889227 6566891 8004407
817509 5906296 9259593 1586925 2825117 6726115
2629833 1787044 9113140 9786336 3435252 5439347
1641368 1377735 1324914 3206670 1135618 5880971
4164460 4595423 1812757 484977 4422054 9828891
7322957 5663969 3508813 9280458 246289 6929377
5936034 8641985 309858 2326274 2726066 278412
1442598 1277851 9945616 4330039 7651656 2085960
6288404 5235071 9186105 4420721 7015130 3029609
9697386 4074163 8852081 9018879 9724767 1971468
6191649 332532 1484242 9430701 4263968 7161148
3217302 3349375 1540755 2183762 3850301 4793267
5129489 9315094 8651668 1046501 1764071 9857767
5935354 9834420 6943767 9726796 4196572 9186983
642786 2902235 8648838 479203 9583071 6172125
8077295 6917155 8917218 8338390 6134624 2393534
8794170 2011896 7013882 2784467 1112736 4302280
545205 4104641 1384770 4392838 9291232 7700035
4377941 8650884 2310091 8994314 3083524 9890346
5027700 6464853 6135959 2297259 8787915 1361732
8512310 2738098 3766303 5368629 4106467 6933145
5876048 6791098 3180470 6258134 2252331 9752175
2843884 3150887 8721683 2641487 9181591 91930
7802213 6249947 3611003 948802 6101262 932187
3862034 9082981 3833630 9026872 3310690 9669771
6257574 6496910 3223981 5652150 4272157 8374638
535977 5176576 9998174 4451624 8516790 2500134
4519565 8119806 6398553 2557916 6150429 9932637
1168662 2386213 7283261 6044029 4495046 2537967
7750729 7563507 6636836 2834116 1506594 5023486
3099515 6849176 3480408 3510699 559 5755420
6528193 7191734 8878729 347045 2105509 4005015
93755 3350588 7733157 1110869 6429236 7981455
4533634 1304117 2932551 3900992 7858209 924476
2386509 213544 2001864 686013 7901420 6708650
1737801 7701860 3669981 4974687 1352108 1667614
9019725 1008866 8119246 643132 6029722 8958694
1053908 821616 280703 3278246 5950273 1144457
4804809 6639859 1134270 8655380 8300482 202477
2090935 9198523 8990966 2555931 1124189 9787015
3753555 5842180 9290313 2170079 8609243 4403649
335033 5119068 1998480 6065543 2091143 5420370
9862208 3890501 5274395 3973856 2847083 7036593
643773 9108262 4263270 857407 5881203 1261561
5574379 3082421 9401378 3467504 2883752 2153585
2676648 6463794 9884677 8332231 6889576 187542
9668381 8883829 2212373 5877053 2943213 831205
9145976 8739266 4548716 5713900 8793171 4409980
4928081 8117078 6351439 1954372 1912157 2015927
5523744 2896148 9960976 8028752 6595699 5526822
5002271 6867529 2235315 9844895 3388895 5627349
5535692 1529977 7000924 5086853 4305475 3963254
4824220 4766719 6165049 3432064 1711431 7141937
6712844 9860479 4289250 4991397 8539422 4766674
5802146 722275 4551636 7868749 2808487 3993428
226565 1639628 2288130 6685550 874782 6075683
8595890 9301081 5350370 8921367 178207 7263194
7409055 9841228 3811602 2388184 7130152 7145438
5850877 2091679 1184716 2819039 1315907 6735219
1237572 10873 8328106 7468640 4042748 2666620
1075712 7666943 8721490 3007496 4860288 2665847
1675124 8138669 3891936 89365 4836174 2410349
1791567 7791477 9682271 7026056 7582341 8698193
955071 3413961 3592122 7406198 2017871 716807
2808711 7407525 323720 5552910 5447978 863909
7747576 1127249 5258332 2683749 7845655 2511264
8541704 4401559 4980940 1145755 713060 8991483
3253501 5761512 7255505 8774367 1027472 3524430
7052947 4211515 2428532 9629913 6513569 628787
9074498 3669513 5649071 8004682 198784 7452762
2342126 6122214 2690690 3028027 2341788 3708924
7152016 9107817 9945822 7171007 8484351 3180782
3717252 9809316 2700901 4600638 4152697 6256359
3461302 4034344 6380052 6799290 8499962 1236462
8435377 8117663 4613680 4629545 3609251 4176141
6862192 537021 4202774 7528178 8803629 4590846
6300793 225473 3419723 3546580 1622350 1919655
3578607 9881940 5727163 9247749 5912661 6704252
7927886 4473859 9516815 9392711 4543379 6164440
1072709 5542835 7622251 1454227 4592650 4224125
9095243 2522471 5498565 5769680 308814 7947330
8978007 6189074 1005686 8110054 8299844 3927224
2836636 9914721 2411993 4460397 3220683 8618022
5509298 9187627 2205002 7909428 6701658 9135391
4659326 7469481 5993642 8038333 6455468 3260793
6968594 4846566 5632822 9195597 4451337 9099878
6421089 7808926 9573125 7779833 269741 9723586
5698565 9817831 6174015 5589591 6556075 4628657
3752446 6612311 2322152 9004229 5944928 5405023
2019123 1185815 5820812 6363174 1110354 2839333
1953687 939674 9733605 7744893 1141460 3453278
8294401 3641038 5463384 3312115 8039307 5411756
9044896 7729465 8917885 2481415 2210862 6883827
2961376 9069734 913405 1364984 4285886 9843156
938641 7964365 8901638 227799 7176474 3265522
3279065 57915 6698571 6733791 5826146 9330067
9989981 7953672 8676371 2720737 7295189 2915037
9165273 440331 8573004 6910395 9959332 8215463
6487138 9537708 8974953 8936985 3401797 2040619
1925928 588703 6653787 9890448 6806252 3177094
4551639 8066602 6464564 2197861 33049 7981392
8713184 2311105 1903319 9587817 2491433 4257189
8207456 240639 1774544 7998367 2199710 3845554
1270152 4028245 8005032 686175 3740661 7638765
4290569 4342080 6656117 4657951 4807863 5237442
2676280 99533 1147420 5499276 8169097 9228587
6450473 6967412 407282 591611 8197211 7648227
6312144 6899320 7046275 4717763 729529 3161158
266075 3927560 8388992 2808232 8620295 2778007
5172062 3865464 4325941 8825798 7907292 5690968
1325274 4055232 7503241 6665876 6911537 2391899
3109769 2708179 2071541 2545957 1547894 5232298
3438271 678540 5831034 356805 4374031 6841340
592490 9572806 3612551 3494958 4391876 880302
6848450 9868047 1479238 8369413 327214 4303632
4902646 7624674 9060119 4716314 9266337 4141978
144985 9646267 9987782 4654375 1607993 8021349
1089617 7720118 2379665 3156694 9369961 7941754
6946972 4815256 9491433 7484600 8233307 8334486
2078416 7830315 9663355 6622939 9817425 7043490
912661 4740356 2380965 7767909 7643310 3923220
6172178 8721957 1412203 1689055 211819 4727763
6853557 5938115 7964812 5591202 2405341 6671758
8500637 3691756 498086 3537483 1422440 5511957
4812199 7418045 9391366 725633 2637897 1436021
4478622 3522046 9828841 2944292 3741714 6867636
5640384 3321707 76807 8456445 6984515 648003
6529550 5257917 4603437 4763670 631043 2295192
369673 6487214 5424973 2991597 8122302 6125669
6545404 7375177 3317916 6869007 2955709 225265
4531853 5446545 6084059 9976181 7210433 6689772
4898921 3909265 2196401 1097175 9950817 9083633
6594951 44191 6707240 9850082 7007932 6164523
908520 48529 6787002 7096174 355959 6150683
6011047 1487025 5399744 3703172 6398888 6366536
3549720 8771377 365998 9851541 3924591 1537970
4563943 6553369 8047484 7913664 9864748 6721778
98791 9272497 6536396 6341340 6396645 8078110
9418428 6695321 367244 7153393 5960487 2907180
3438263 7435679 5090585 9933376 3965133 5723407
1290028 1195749 7510376 5829864 7547455 1179440
8717635 6743409 6119600 5169270 5286138 454563
8117038 2994855 183780 65223 6997382 1083462
9614286 9669707 5090379 7321634 4284743 9703566
5999292 6396326 2810889 7458817 6413278 6488911
6447385 4630567 2588235 2324076 6623636 8668999
9211401 4268926 1725041 5356956 7623704 9653235
1958509 4249158 1409183 9912680 9036354 2965631
2723400 3373039 438297 4007122 319090 4295426
633027 3968394 6911005 7806810 9830572 1151129
8368550 1258818 330131 9630689 8721885 655571
7866328 5792962 6371219 1514780 853822 2728455
9358420 4257329 2046003 5437144 5363124 35584
8294383 6086611 7359971 9845258 4735416 3040239
6050614 2440262 4311476 8292808 1691048 2655241
1757993 1404591 4438354 573912 6988405 6364885
9323104 2327820 5527272 753611 2046352 3243392
6594412 1208620 2519216 7709841 4648702 6061760
2249423 5195883 8605269 6875421 9512427 3743960
3791157 8523292 6523402 7289891 3580074 6281623
6344094 9573519 4101913 3715977 9756786 9449231
8290101 8784507 7268924 5681117 6114039 3035304
4508312 7540771 4040259 4116579 3250845 3526796
521022 8340773 7791559 8249716 6043385 6495165
4049972 4882572 1892164 694393 6782755 8465112
9841483 2033212 8747745 9245649 4409517 2472832
9141478 2878435 1451833 3069985 9419739 5864194
8792836 6568306 9081843 5569965 2367109 1971655
9703701 9674577 5272447 2996605 6768869 5239301
8490064 8094378 3530134 7606747 9666004 4874214
7557067 7595708 2001752 8803811 5839633 4080826
4287559 5262662 3131253 1567427 4975100 372410
2074963 7451036 8921033 1927364 9456879 9475078
7413321 8480007 2515463 9920508 990692 7108177
3192665 6844877 5264343 3508443 755584 6315139
8942697 1534730 3212430 6577618 5512918 1824031
3862442 9989024 728673 5001017 1282406 7104446
8840402 8136274 4699477 4900037 921642 9317832
6318268 6562699 8637498 4055055 193426 1185997
2358750 7636558 6605015 4893575 5611146 8994755
8816483 779115 4507078 6816114 2624729 3440369
7159979 5497344 1938118 7097002 8064922 9467855
8746405 2412304 7197601 5411017 1080106 2854418
2408700 8292627 5923235 5946510 7190175 4192885
7677640 4887642 1341304 2026432 4218867 7876359
5219015 8968866 4377877 1733917 6184533 503290
2597368 2024287 5511544 1259107 7740057 5424298
7379714 9221265 8497777 9169643 5308649 7781121
3988396 6947733 6556452 3750597 2484875 7318519
3071520 2869973 3588939 314193 9138474 7737086
2099065 5133546 1278476 4061758 1877987 9096055
5089978 7012488 6227770 6694310 2813649 9055818
7342873 1149592 552570 498936 8566795 7968909
5695107 8507997 9578992 3560182 8038036 7271134
1319907 1468417 6483991 7059358 8662397 3314560
6914350 2283174 2885813 7774458 9160041 2606510
4145822 3317956 7343278 9401722 4079664 8296161
1553351 7294086 4134084 7500633 6407724 1335282
6765949 2572583 4303177 5620030 4619085 630476
8158094 8538882 7095510 4007342 2741850 409569
2612063 8030620 8350090 2913210 9779959 530474
6170005 9568415 1989550 7946059 6353114 5248839
625631 6293384 4428332 1282831 2006831 743949
3137050 3819274 5060692 5148709 293408 6089813
9011382 1294320 7664089 2255336 9616364 621158
5510999 138480 576105 6933709 6789659 6049044
9946070 8640140 7514126 3603609 1330627 6839309
9345731 8819889 6219469 9054338 4994398 8325701
6202144 6875262 6532051 6351560 870291 8922576
5348876 7463354 7737211 2260277 3901828 8485639
2866385 3914669 9952051 1368392 2435059 6214634
4672733 3691922 9503725 8379287 1336760 3366691
3229823 9533440 2488646 8221383 5802977 1473519
9870344 9957043 6299922 9338387 6053192 2741101
4089107 9159438 9268188 1653529 1584832 9326305
8311833 7685793 4738311 9028487 737224 7415958
6887258 7977339 6384829 4835 4381605 1302476
8821976 7822856 5538501 3165360 3121737 1336851
6433930 7127493 1660376 6263691 2389933 3944784
2185717 3527997 7861476 7210949 7279284 3275620
6946446 3019204 2107089 177420 67454 3650967
8628379 4201336 8796216 5072687 1334124 7825638
5088689 9865509 5575438 4997445 516411 8230336
7202599 923747 6037701 7931336 5219599 4457339
7665928 2048141 5295860 793527 6842770 7209226
9554481 9676308 698054 3109208 3058388 1362400
9195386 8644556 7755402 1887534 4536980 8920401
2540635 1361242 5793368 3834738 1175002 2524423
8369345 7188271 3011585 9631140 8350 6355537
7237919 9015109 7799605 7649750 2511491 8019312
8355106 7834852 7358566 1586989 5518206 1657816
7127583 1979480 6807120 4213037 5802059 1871855
474934 5315064 6386766 7117300 5390701 3858356
8663971 3831190 873139 2771436 2424181 9654498
4197640 9923341 9667958 4342517 5871289 4043279
3562795 1545635 6133064 9736089 3532427 6702128
1561834 953645 5843036 4135551 6707154 9195521
5717303 4156307 1386211 1139730 9156206 4693285
9968770 120619 3624407 3941248 8985779 8680300
7146172 5583670 5410670 7704067 7389348 5594864
1989857 2785066 6108191 2763841 650242 4256423
5738790 738844 1782636 9684638 5555465 4437055
8015320 4528419 7124036 1677617 7054132 8267873
8268287 3057910 767134 4974673 4373746 5750670
418871 9621547 2559856 7452763 2589916 7948757
1291457 3857767 3564297 248171 2145694 3922088
3087330 2953462 3506065 7129788 5400939 8417361
2910648 284132 4565153 9187351 5925927 4457359
1556264 5468555 8529537 7142797 9435780 4331437
4827730 7015184 8411319 357520 2344969 1028694
1696566 8286026 8148927 3833879 8393180 1697698
872758 7767149 2382724 3201947 8590287 4100670
4761807 1138499 7656970 2349772 2064024 4089613
1185516 1231519 3695619 8102497 5896499 7121361
9419219 4148660 4421986 9232859 5420440 5130510
5510768 2729809 608493 2477371 5433221 7114913
268434 9076768 1890952 2867455 8314593 8158778
2074634 8354316 6878268 4428867 2380989 8297281
6674467 2477957 4951159 4321706 9172004 1113449
7333074 3594069 2389527 1027566 4414660 4244519
7275711 1639898 2346708 7252214 7691179 5860477
3492177 2284436 5705277 542057 2081338 2987255
2198660 8318061 2916926 5536841 6027862 7542182
243093 4990351 1767670 6124705 2558392 2942483
179350 1189062 3557805 9495043 5144296 1839151
4725385 9240867 4662108 7646432 5591744 6674694
5812069 4822420 663137 1017790 936690 96553
2592003 6132409 396618 1963903 2123045 853943
8196522 1796233 7566206 4847345 784473 9424308
2476849 1151005 9081506 9404225 7072863 6502116
2302672 3997133 7140139 3866125 5816671 2840471
8325146 4552228 2726317 6242232 9724772 1205442
6879044 9225302 4053661 1671117 3532702 6425983
2545864 8215446 9066017 2703862 1298520 3348063
4272944 9878040 8456393 5237800 5169583 4440738
7593188 6407843 7749556 4161020 8715118 6939556
2956413 8725877 315737 7556147 3638756 7570816
8127626 1954290 2071460 6360764 7968300 1559171
5370646 805731 7618303 2655523 6858361 8857417
7436099 9598810 2698612 3792076 9593180 5938631
4384077 3087346 9382644 8285578 8649044 3316928
3455886 2718023 510183 7114104 8714703 4806824
6110245 4989716 4576689 1495200 4576235 9344230
1276602 7912180 1909740 6897222 9867153 4363851
6822434 4937664 9549482 8892139 6724921 9116308
4240944 9164336 9132696 4377106 3172070 551410
8188172 9842047 3305246 8754531 2904878 5250276
1048988 8256541 2091027 2811479 6545277 1868644
4280727 5940899 5022574 3354382 2515473 1681000
4028891 7486855 3220192 5018793 1463144 3711379
3767445 4563747 5993102 1393874 2873160 9550367
5674127 1733139 1817646 4025279 3307028 4734188
6038983 2522070 5007301 6659463 5848233 1610612
2272823 4010955 8392387 7680838 4611411 784021
4093734 886561 6648863 7451696 348215 5685214
7331218 3169378 8378903 9593867 4987086 8341131
9257174 9655113 5383381 2540660 7137352 4812138
50998 255447 2633871 288385 7315399 9993403
6673698 7369427 1638621 1609580 2745969 7452188
5318991 6086607 9952335 5209081 7300139 1986599
2901503 8222430 1384924 6132431 6694061 137649
6355285 6445115 7534984 6666170 7402289 6193120
6227230 9732162 6873603 3580249 7629839 4355964
8150149 3805349 3571161 6655460 777997 2978787
4046593 5721637 423408 926714 4274875 8900478
8388796 4048092 2354973 3396781 9639157 8914921
3427213 3918566 3561386 2496222 3933099 870283
2458418 7527 9967138 5445501 5382349 3013807
578585 1738742 8456768 5596370 7058931 3494790
8415437 6246043 7444433 8406137 2085838 972423
9714240 5428571 2170239 8634506 8277374 3354196
3838146 2830449 93005 7958681 153035 3711273
794578 5653927 9872249 2700878 4197041 770469
3011648 8601091 339288 7409601 348128 2536133
443710 2792425 6989160 8860183 4981344 3393113
1470488 5021076 1832727 2588962 2781981 8504528
8700043 3823911 1730153 6612941 1607354 2551900
2920801 2619903 1585707 4745494 4801792 1405004
3622541 5714559 2049002 6673963 5394488 3484747
633135 2304639 5080442 9634106 8190796 5484948
6365035 4977963 7849105 6699892 6488193 5131958
1878546 8205615 2871945 1367720 4000834 373129
9040316 6398707 6993736 7787388 4488799 7728225
950426 5698215 7990632 5584156 5237641 9266784
1344110 4796524 9626588 8347979 1955827 477342
3424086 9065936 5633115 6245204 247906 6629391
4702794 6220909 6131709 6453748 2866947 6596176
8533058 2254820 1713725 1675872 7633647 8995781
6491010 2845747 7815839 7352217 8683680 2492580
7494316 780879 9740321 8582320 5355781 1691668
5505370 3530566 6249788 2394603 7943633 4934897
4740014 2795111 6150801 364345 3084593 8267890
1596515 4496677 2831268 1394456 7051097 2982821
7553059 9668238 7162877 630807 1856969 9110079
2661502 6071869 382256 3140534 8750888 9467026
6889070 6120474 865127 4440041 948377 9336380
346388 6138455 4311186 6778827 6935857 4838535
2844980 6126664 9761153 9547949 5755701 4187002
9661312 6099859 3729781 6757500 1029261 5687543
4528790 4874563 1673597 7139708 9733101 1871764
4552641 1599480 4044223 6683774 3475275 6964119
7402762 7156474 3548300 3494887 1048068 912642
8671634 774231 2732381 2324342 7785827 5730304
9348926 3113553 316167 6195253 3479222 2651028
5737244 131569 5091212 5177584 9911250 6073814
7662783 3206679 6405354 2439422 2226186 5336376
794312 6161205 2651389 2797034 2145186 8599227
638702 6166424 5051791 2817139 8085866 255029
2955161 2204448 7088736 5943292 7790782 6619547
1555596 8357387 8120258 1393194 946529 3343705
1872906 2225178 7245223 7474485 5832104 7841388
4507288 6232211 8548045 7396004 1530030 1624621
3078914 6551891 968367 1716940 5556550 7312797
7599236 2920105 2045703 4836182 2222422 7706802
8985078 1719490 5415896 9785806 883825 3868798
7216118 9401117 5214675 9307684 924127 9920007
1354003 3164217 334319 7210402 8309851 1853654
1706984 5559157 674418 5464114 2864377 1238891
5651180 9838656 2800836 807460 3793957 8026424
1298001 7036723 2755 9538421 8489407 4112614
2425492 4721481 5348385 4679246 179886 2128912
6409945 3771230 5627763 1048359 362936 2392333
6978478 388833 4610253 192049 3129198 6663265
7032383 3520963 8855112 4177004 4134625 1045169
1067962 6408657 5607160 7188251 8009682 3887404
9917252 1815581 4674810 6221704 4784910 3588369
6505268 7027738 5379271 8545505 9054169 9093147
5611127 4602821 9475719 408502 3828982 3405123
3416170 1105952 3907525 3339490 2506037 4968443
5257502 8248487 586856 4303216 3611283 3771228
6521752 9221694 5761548 1740359 1131107 8547354
7717523 756773 5603923 1021884 3686780 6101460
1283994 8486878 4466794 9761964 8565877 9531804
1569449 659459 2579674 2202036 3772080 6903730
9979879 6577761 9309543 9706366 964202 6536422
3001512 2202052 3416454 1608042 2023753 9832474
3331599 3870768 3471713 928364 2690979 3072209
7801200 2394286 7419171 7806065 2055495 4019159
501649 5495537 9682610 1055051 2733766 2951824
1191553 4319715 5449614 8857817 1760480 4553345
9237810 8011157 9792570 9067501 8020371 1484728
2685005 9675952 6463124 4634319 6430365 4695108
6060090 641085 7968480 9507465 4400836 1377794
9484558 2173813 4522266 5290384 9204717 5468664
6853811 1946461 9468286 464630 416488 7704038
4382860 4473781 2110288 8918368 1690554 4679821
3279638 8733699 4373914 5934442 5121059 2379543
7556035 5867329 9065171 4987502 4994961 2092681
4983343 1684088 9918879 4071820 9373259 9586666
31079 3947426 8806440 4323905 2213689 6073910
2016442 2220375 9259464 8759086 251459 1956584
2584819 7141722 8950530 3288658 6227826 5667136
7003879 3550115 7052754 2142722 7734348 3337387
6403493 1866309 6951499 7375605 5481286 8732399
7785158 311039 5100522 2523622 8887289 7743127
5873381 8955732 6520009 8300003 3918000 2900684
3120079 8796949 5615869 7108587 2402682 7853239
3142150 1694684 5456261 4251742 7067940 5823143
2533911 7888356 6213077 5469052 7920412 347379
9122410 4640837 6739088 527064 973927 9940419
6856062 61197 8254432 1207403 7415277 7272094
9147127 8703875 9632115 4152069 9022643 8937399
7721518 9294905 9463627 9098260 4233454 3786602
3276138 3533415 3243099 9277378 9989710 998932
1530050 404329 1035319 6172629 9177593 9277163
6161596 2593015 7823021 5675449 252524 2341484
9598806 1934747 4279407 8184167 5104615 8364065
6191028 8381841 8865712 7275677 7747533 8625506
883752 24149 407382 2952486 7250926 7440512
6697320 7578683 71487 7255500 9677352 7010947
6236774 2974497 9526282 354951 7990473 6429628
1114378 2046068 9042381 7122142 9499454 2298707
9507194 5091970 8428800 4879033 3086350 1607868
2133219 4254372 2656795 2409813 5288877 9153443
8869781 3209110 5342088 382508 8978129 2673840
2269997 2343306 2257394 7268459 1947392 2130117
8837782 5836076 391368 2436084 6161299 5701465
9583125 3761609 524694 8108674 3445291 2158955
9011711 1818286 4492333 8463618 5122280 5422980
4354151 3826961 7685620 372838 1485170 4781363
1087539 731869 3067939 6368540 4852145 7156148
41313 2238735 3144578 6298682 6041251 7250273
1216500 9697135 8093073 6955330 2826687 1527267
8628748 761106 9763819 3183133 1370797 7159842
8181507 3806378 7221025 6834413 2914307 8120431
4444497 8464944 4350906 5610004 1348544 5429429
2633525 3214585 8909464 3368546 8067361 1206555
9014377 2713028 5777035 7242059 7247118 5425144
7329907 7398821 1000273 6158353 1744089 724063
5017544 7904406 9361072 5908097 8187032 1045766
9935123 3206900 9324427 5024146 1854185 7576306
2899367 5606496 8348590 2663644 4321804 9612102
2617802 5260202 2693745 8557263 4168756 8657768
1382806 939447 6559260 1795880 9504506 5515486
7120157 8286144 6720854 3626842 592459 3444138
6068356 6725428 5027552 7863697 3433423 4860461
1882127 3990230 858843 8200729 4342692 1640622
7076554 4666263 3077016 1388171 3540550 6483886
8030318 6460281 3735650 703304 4525290 7247585
4486506 8139242 3702393 3808941 7903989 3568041
855451 9272524 5014037 4904452 6595287 7596376
4584550 4754105 1826779 7833284 6675135 178525
7798924 3182077 6596754 4918638 4719326 4838243
2438469 5731986 4745594 236967 5596523 4132177
9708488 5365052 2200137 7779966 3377190 5294180
1158067 8073186 6086241 7290802 7345277 5070167
6626584 2172101 8070975 5480640 6803620 8786444
4657106 197034 9785146 3557124 2904379 1343213
650830 9567868 3419915 8864150 1370471 2172002
8822446 618483 3676001 881859 5195964 1230234
5396238 6804583 1376914 6532598 6675216 8601948
4092283 508122 5836800 1526587 8292053 2547224
6767267 6957829 8928365 5959149 5579860 5399489
4347031 6151363 2460673 856924 7129136 3809321
1874265 2293917 6702714 3914238 8468355 6726793
1394166 5744725 6976137 6840741 84401 9999037
7409529 8124508 3521817 1183197 9464840 2396256
5506413 9124243 1275815 872690 2096882 4412642
3243637 2863297 5038623 8276511 6534827 9044600
8769560 4539314 9675447 7567593 4658333 4381299
1899234 178044 2039767 9110006 132420 2547327
5571086 9926525 6873427 8929328 8549620 7455352
1877672 3163834 6686522 64417 5350510 8004892
2533505 1001575 197034 2290072 670601 5605058
1688170 3117655 9209897 7931537 8071180 5545086
323590 9841936 3466175 9140517 9283962 9286795
356489 6396406 8991823 8728488 5301603 2170356
7539214 4314309 4313676 7583270 6398839 3370993
2358078 8705143 9188803 1670554 5034087 3656757
4184265 9609162 9507443 6434708 7421836 7014765
3337429 7639549 1855345 1328341 8605738 8707684
3989177 2737155 3879871 7399726 9707927 8954104
9013069 3805017 5699972 8026677 4750857 6356292
1291381 4104900 6718816 5838904 5573458 9366037
6356283 8653035 4807848 9809417 4956251 9674800
9779352 3921780 8974569 1977057 5391058 7662053
315011 6210873 5708571 5605992 3594092 3661683
9491122 4958352 8997215 234699 2657485 1229070
7956785 6157588 4858304 3151150 5143326 3316936
295948 7498525 2066091 2489307 4972057 9952702
3899835 4179760 7780903 4205070 7620373 5786147
9979534 7036011 8413958 8037918 7711665 8539983
647721 5685389 510807 3057132 6347782 615106
368822 6121583 5995549 3578778 1852632 8798662
4816495 6628202 8778454 5657633 1681109 7892533
5595961 7825704 1238815 5755868 1706157 9414332
5880780 5286051 7337978 3211068 255164 5621473
2815111 9918866 8445923 6318321 2503428 9457937
2806129 7238816 1150743 1450984 2120484 8850473
3957152 321056 2327128 8982240 9388574 992171
7007693 4321901 5354902 521425 2441956 9885960
7301167 4891853 3979231 1096474 7176351 1061730
3277128 7157754 5866419 374076 763667 1933765
352739 8498174 4124773 9320516 2851504 4442292
6741790 4144976 5705219 2388341 1798715 1385100
7087204 6898539 5897476 6345806 6203375 5933263
266570 2293685 7476910 8559962 9017153 7611575
5478705 1709654 62464 89012 8173856 4962730
2984054 3583076 9557389 393362 8629501 890399
6867398 7687176 1470397 912610 3779635 8296979
4180741 4912826 3093137 2594131 4009270 277812
5164254 6931321 954379 9933156 107505 8469981
4456855 1792776 9481021 6513197 3841810 1141849
4379827 6652777 5971120 742488 9404287 8215638
1827710 6693841 8269038 5007076 9478408 8516198
4462865 9353960 8514050 9179930 4379221 4104327
4518437 2884573 7700383 9784652 4924757 1242535
4008351 3050898 3475571 1087407 5936507 6836724
1409378 354200 3845365 328547 6532782 7126857
2325859 3438252 5508538 4877498 766420 7315429
2008774 157177 7452912 2438180 5470290 753544
9955931 5276924 7413555 5376694 1994759 957236
3441466 4595175 1728019 4728584 6734137 6353388
4740067 740303 757333 1432313 3597698 9124208
4670832 4134318 2821178 1387192 6854070 940969
8595788 9640938 2118153 384954 7775877 4767580
3789622 1570170 7580607 2722026 1131476 659582
9423169 6032683 8359440 2888128 6887081 1937606
5398837 7597275 6704114 9155149 137431 26117
6558095 576460 6559478 8328704 7767348 1335972
7932366 8568739 8422854 6472586 6780906 2353821
8839083 3056511 6819297 6960439 938961 5163967
8772781 2018040 9608826 97750 2009143 7565015
764767 1782703 7247236 883571 5988354 9256795
4236854 9440638 9503507 2092035 3826859 7199416
8208101 5460918 3802822 6244634 4789660 2562737
2236728 2950583 9251776 6005619 4049045 3830569
5118308 8438398 6658313 1540147 382368 8119390
417290 6460344 8567316 8994463 7563936 5984644
4088735 7048794 2580384 9166058 2235731 7340268
2850313 6747047 9229652 9619881 8752338 5478042
1361144 2528146 7228380 7046089 7861022 9058560
8313238 4759148 7733658 3416667 5765263 7549956
2598481 2696707 9058269 1384117 1674745 7366515
8632099 9213637 7896982 7818177 2155899 7740866
9982352 3070669 714851 1911508 3155305 7301997
4600917 5498427 9686060 1180270 179002 7854222
891009 3371201 8599322 9508756 681225 2804787
8250985 672068 1283530 5030428 6567577 9539024
8281998 1466195 5072302 1863137 987781 9538700
7581060 3542966 372247 9487513 7063736 4790352
8343709 6401729 1603842 431660 8815749 266835
7863896 1418211 2517704 1204047 493107 8303544
8767192 9123343 8532412 5092194 9567191 1483830
6457335 4951924 6503092 1175826 3629510 1689110
2229694 2737780 4510646 147359 3599210 6636035
7481974 1403496 6307464 3808969 1165046 4279495
1200945 7819325 1856318 1016695 7166532 5149365
7021320 7077951 973088 6768758 3095944 1864437
1006288 2488865 3975774 8888417 3030177 2111812
8287259 7167882 2772219 9914732 8201965 6077969
5756189 7716536 7819000 5881668 3722072 9089611
1996079 4958223 7958297 4252916 3891249 1747866
9627511 5440640 7785392 1353726 4154506 6551559
716021 5460936 9641835 2646209 9141071 1110344
2660260 8593557 8373318 4195651 5521710 3997163
1507276 1286212 9617359 5778349 5260506 9449995
7330365 1139651 3355878 1883477 4772678 8137721
3906140 6753371 8597616 2227908 9260905 7589537
4326419 6933532 3013376 6220660 9198710 2741029
6436133 3109979 8575464 6708656 3221407 5128515
716292 7800427 9436513 3961133 2745639 2605036
2130507 3849162 180134 8335396 4023361 3014854
3195681 8832544 688257 1504114 8740068 2387699
2512728 432352 9332651 783781 9869232 8588177
983787 5286616 2087501 6876329 9342215 2150526
874530 621708 7918243 8227362 1167184 6972251
8701208 9945007 4007731 5992579 97400 5411743
7409402 5991022 2910171 9998521 3024979 366166
2052772 4932019 4369910 6187764 4195927 2789055
5795863 9932511 7931195 848336 2977345 7459023
517534 5254178 4506946 8029608 7460865 3401652
5096610 4968318 7665360 3716006 2802906 8795061
8379968 6520149 334952 3920908 3374378 3878209
5678005 985265 2261636 1721335 4823556 4410196
7780615 4686766 6425781 5129188 2431498 1234672
9041055 7852872 6967661 6548708 5475044 4843222
904796 9379794 8530156 9508518 4901911 8056660
2700805 8336766 2129112 5574848 7807796 7675778
2454102 1874955 6558133 4052986 5170330 1992080
5197386 8796199 430621 96750 248993 2774099
6975871 9967421 2536819 6430687 4674950 4950034
1827400 1831259 1045105 5491729 3016111 3994583
5348052 6169487 6083354 4204976 9020529 6486790
2281083 2205766 6878969 8750003 2675085 556543
4676539 4988069 2682541 4975581 1351321 6678844
4412601 808046 9130801 5756057 2532647 4934489
5519840 6270118 3661815 7179078 3747448 5976536
6630673 6962373 8858844 2563549 8704933 9000843
5908725 992410 9775669 3943830 7815667 8043226
5895130 8225868 7292335 1980276 1754148 9686881
2267492 6851819 479938 4366260 1079128 2208065
4863782 9591995 3636839 1148864 8685135 2750411
2824974 5102004 8458318 902432 2119329 5712712
1697699 2112989 6283135 3681698 9066855 358911
6903175 468770 2992379 1087574 9860927 4306778
7642153 3539564 4515970 3974934 4911586 6895628
5496598 2264412 5883245 6650778 7699767 9112938
5364003 4759861 2307275 7025258 1118855 2713662
9584908 4992697 6106538 1579623 282577 9641158
3403746 8585793 7784964 121027 7463084 610357
9215686 3776207 9731068 9330060 3506711 5145570
8234441 8850040 190417 1562689 5405834 9854916
9829467 5046920 4413221 7170196 8317695 4306994
8051635 9877917 9349914 278716 1502666 4868229
8200240 6062530 3256986 4874811 571187 6325793
9110664 5375571 4801328 5272887 7435092 3923560
9381870 6033942 1253149 7161704 8790816 2268815
2523245 8022219 9586863 6251621 1750156 5235657
5227937 6233549 268098 3477970 2069391 7585167
1260443 8936970 2273541 4862838 1129820 7444181
1888584 3359630 8278852 3864624 2452024 30262
5053588 4556580 7611827 489661 7788326 2283752
3053844 889931 1087100 7081099 7755470 3480446
5281366 1948618 4312374 8021329 9646874 4337638
6057694 5632694 3306180 7216160 4012444 8498122
1650019 4519032 4904122 3808968 5273120 5431186
3989962 8658620 5570194 9556600 1198032 7193576
7623829 4738275 8445223 7984346 424125 1179459
6498066 4179343 1181499 8793094 9581471 9181201
3131807 3867254 3712756 3941214 7806929 6819330
6724082 7837428 544135 9113704 8839642 3269293
7379629 9244876 5616811 5655914 3091137 9096849
7910252 5724765 750586 7118797 397499 4908598
5892415 8073348 5208568 2126720 718093 9833100
7316623 2856924 4937560 5722921 677161 1405865
1718430 48748 851691 8750864 2832518 3360604
6649440 8510124 5898633 5175929 604716 1179249
5562648 842152 1088206 2084649 882842 3856705
8430614 6013009 3469754 8804157 8048798 9733581
1610761 4597361 7119334 711035 1797081 5982717
8331733 1656708 8567714 4210945 3937483 3042388
8245158 9159387 2892247 7389981 469357 1887374
9009965 716486 7468631 4029319 6564072 9875941
8744894 5231973 1974082 1080854 7292306 4664152
7936111 2914272 1999949 1118109 7140102 8235156
6241270 5938405 6713043 9915915 6844195 8948008
2611534 1351702 6904668 8045817 3839491 1723454
964458 1040633 5543651 1582379 9794192 7332312
2264949 7581441 8033288 7243393 1966140 6565107
4008635 7250878 4364402 3903562 6274834 1023210
1042439 7127048 2019285 4657091 1148711 4530952
5174331 9094049 3872290 8520623 1417784 5212370
2971272 699076 1392482 250627 116396 6251673
9120500 6353731 3120080 4667637 8853159 9558660
201867 8997877 3972264 147935 5907280 9593317
4583605 8707971 5076867 5881458 7003378 6712442
9704169 6307366 9891921 1012699 6408048 700142
3460021 3744326 6163657 2820918 4272120 1267064
5172624 3758007 7134482 8112729 4783062 9921102
7903130 6374801 8273889 2460624 4455223 2150834
558687 5026395 3186769 4278973 3937018 2709813
135502 7089814 3695698 4680040 546458 3809029
6359751 8107801 9945683 2419938 1207615 5108833
3395003 7380948 4725756 2705199 4975311 2149273
2458835 6470876 3924909 5155765 7978328 628576
8438552 7243545 1852143 7741086 454011 1381652
7513373 9181048 9807308 3453843 2685416 7182306
7571366 492584 3211548 3325452 1752977 6675261
9975419 5483191 5167186 3165055 9065620 7074274
7425078 7853488 51084 1037495 1820138 7466141
8784903 4979737 9111486 3067121 6241487 3302913
1956886 8618665 7653789 8564030 4906564 2026567
5301525 9941159 4695532 7543449 5133833 4482726
8937724 9133382 4717898 7249647 5180346 2495136
5461389 5273497 8177924 4777868 316008 2600523
1330568 6475877 7360909 2341166 4668940 7705679
8070820 4504244 4251096 9908635 1368566 3134312
9021471 1411388 576626 3140619 7863529 9124460
2378741 9881628 2719654 5568357 2099770 2686755
2748243 1535255 9799391 6616349 7605731 967990
5124988 7179017 8302656 5053266 7233462 8430687
4665657 2960359 5272219 6989853 9472629 629588
231630 9029089 7764816 1583586 8228176 3768957
1918509 2320770 7409967 9053463 2399126 434380
9880868 5762211 4376106 4674153 9592923 3133684
7906288 1454470 6898513 3283106 4783647 4189548
4831656 3968205 4177926 2145939 8474961 4903170
3852241 5388888 408999 2090066 5336727 3070681
4921939 1164656 3307079 6030433 4697840 5284960
3558022 6071524 4779890 7868276 5172397 1471251
4054580 9991503 3367436 2138535 9083565 8018158
3731075 6948524 4245442 3575267 6751930 4259971
9591031 9772569 3845809 2506796 5201222 7010238
25381 7790802 425484 1305424 9752214 8428266
9826604 1875854 6756630 1613552 9725083 8712122
9409658 6963379 8795807 2706675 8091359 8483457
1535734 1713705 6305322 2390840 8358990 8388202
8825239 1346671 4412726 9047108 6439402 4925270
1439151 1051225 870301 7769651 7842894 7381595
1045767 2749155 239288 4939169 2311930 7207710
1261527 2117522 7223440 5533319 4165609 9788550
5464163 6884355 1681210 5362351 971062 3487516
704915 7634540 9431811 2037281 2480185 8405543
4015539 779496 5436452 1831360 174401 8673857
7841820 1640006 9120484 1414211 1660908 5342203
8244169 6596565 9401775 9097612 1129313 6241468
1164761 3291920 7181061 4624176 3582944 9555046
3244060 6076799 80163 7382784 7064736 208354
7949784 9008485 268970 1833745 923629 1532433
1771258 9430167 1943121 8549583 7691498 2525603
668065 4049952 5223447 6339006 7118182 4374497
4085741 1607303 6505227 3190343 872519 9188264
1224482 9391363 7196551 5881406 8587299 4097601
8593693 459035 4575269 8912130 3464427 2652422
5073233 6410423 5672935 7869341 7326353 1699145
4298346 2615178 5600421 4655457 3956111 9532992
4331598 6905053 8958617 5705666 3297043 5457433
3703127 4759440 8135966 1080705 609262 1532266
4335881 5889852 842867 7845519 9955889 7232463
7950333 1755934 585524 2571025 1265772 707758
8701562 6216399 4280949 4806081 8891996 8257340
3587843 6569024 5435252 7663559 1549807 1682245
5138984 2888027 7161992 9117836 5209003 8704986
4516456 3992527 5801161 4140668 3533459 1436501
856277 6452826 2659289 8367958 6705123 2200176
8947467 1760573 5639280 8250858 7004104 7080643
1176483 8897045 5867444 9878625 7492862 4040237
6097014 6672322 4340044 9160621 2706535 7067861
70470 8832497 6546931 1880538 8054569 7273245
4906597 4560893 2682940 2844447 3949803 2439169
5598050 5219885 9863901 3235076 8716092 9789234
6042965 6888125 5883922 81348 7941352 6311957
2837542 4637830 6499665 1760923 8043654 6861137
7096457 1695655 3746290 5591428 8297487 7872626
5653244 7066928 3706003 8366035 3344261 2443211
4397703 8332036 4947241 3428274 4280575 2272977
4176336 2861938 7956229 4550809 3117656 5818410
1183938 9989121 891144 234974 9042995 3416739
773579 3145673 6517239 5821802 5747989 2254148
8692878 6622 6922397 1991274 7581831 1649163
6083230 7676929 3543863 3440711 5683645 9609316
1364715 9409267 357254 4226687 7584586 5181716
8904907 2545648 8577998 7927880 4407489 8308365
6981481 5418269 8023932 289264 7592455 198587
5925971 8575900 2584046 2693093 4735395 4273952
5350579 2185062 5280106 6307065 8467578 5440727
2274546 7743226 4305475 1281828 8870258 9633727
3059484 6546892 5561087 1335522 6916894 3202341
3676149 764998 5599133 8614031 5009792 2163562
3625230 5793966 84473 3345275 7514739 7107745
7025269 8671622 4673872 6083302 8876107 5399524
9901610 2597842 4078069 3137271 5653333 6664262
4002890 5699653 6548011 8390204 7229780 1045563
4637500 4590449 1659005 9381705 9016944 3970397
8674818 6736548 7175269 3116543 2681834 2673612
5356254 8929271 228486 7197730 4256559 198636
4959855 6976181 7670784 161563 1433912 4319052
9124272 538877 5111664 8934870 4611141 9310139
5615550 5235025 8564186 9038909 8707775 2924290
5448740 7643564 9654678 703475 7408483 2139559
8224254 6785066 9916007 1404457 7781017 6724062
6435775 6805159 1443094 6349375 3430349 253598
3374779 4475937 3156536 7339952 257433 8478066
8858732 9739947 2125406 7865130 7500993 7446809
4109425 6317344 221496 7304195 1748990 6612995
543958 4256380 9567698 5531224 1937308 4648846
4403045 7719814 2757860 8387602 2499095 7805981
7867044 9266175 1804676 8310588 5664130 4231837
9767754 8108787 7386131 1176611 1844742 7668535
14152 359124 9284072 2469198 7295031 1463673
6502566 9131579 5056169 4830099 5805417 9173969
685899 7843554 2538628 8507689 2936907 2537618
5720205 471129 7240852 4319425 9998085 8234817
5642132 5798837 653213 5989658 7536441 3640202
9226863 9367346 2411637 1899162 5517072 1578184
5364773 1933847 424783 1294187 1885036 3367515
2749812 3036945 3460758 2630707 7624688 7820575
1693209 1260064 5171880 4848513 5456405 1373612
427683 5694727 361038 1049254 6827065 1496193
810459 512907 1595138 1415967 5603235 6438070
6762331 8786736 2326482 960443 3142916 1003059
2112834 4426018 8586093 3873337 1569613 6961140
4774059 3011425 8174148 2832638 4296448 6276376
8468321 4378350 3910940 1038024 1471479 9822345
1217146 4315518 5106781 8928589 483727 1372128
1772377 1333844 7433710 7022687 5868375 8837951
5494093 732765 8117148 4168820 2735678 1030387
2787519 6554345 4125114 3399898 6275195 3815639
3322045 7977821 6216459 5318762 2947645 1224884
2527130 5724307 7315257 2504137 9743297 8827397
5896277 3184244 3942290 7213965 2100960 235768
9527429 7751372 7143050 9336197 7338545 3563682
8159228 4299501 1642672 2880553 8250505 4917133
5697230 7817247 8040323 1291142 5606544 2505906
5155669 6453615 8386199 6208825 4495556 144068
1522694 2989955 989468 9289750 8272543 9551433
7088096 5573554 4453385 3889346 3872468 8523822
6672589 3985847 639275 2652776 7159533 8648144
9582211 9646577 7473801 2398123 6806906 1926049
787074 4605135 7577700 1436383 2058295 5647345
1849568 3318604 3255815 6998982 7813502 4348589
2574214 8869477 6026958 2091238 5792456 2676951
463747 1807884 3944779 9516500 4618552 1620696
1866630 2502893 9294081 9738055 6626613 4848979
2670266 9124571 6183049 9063418 8502676 3667407
1973733 5651713 3515258 8806040 2039777 553864
5268007 9673607 6172345 6290686 78561 8290056
2621186 7490973 3854121 4796850 1934375 4999021
7981270 1270573 9986583 5957003 9569752 9555402
6353263 2111512 6691990 8406836 4328716 8688931
8165540 3510795 366800 2359550 117505 140742
9161693 1657706 9768107 3390914 4248493 4944944
5448351 5575944 2424331 1004024 7116869 9135640
994858 7873415 7190195 1184027 1082148 7232103
3680823 6016729 6081960 3959855 2452776 9928264
3861873 6861171 5344891 7483414 8125145 6567766
7923256 261635 7373468 3713378 5635157 276668
5230914 4590356 7022079 5041638 508652 3993807
7131071 5349239 4994643 7556350 7411977 6455300
1498735 6981513 2428647 3134697 8678726 4100775
4058782 5201837 9204930 9839842 9529040 7387322
9600053 7964937 7450799 5856564 3080768 6855234
1762172 7281479 2238257 6913527 5953112 6491792
210024 8639184 5508077 2088152 6828784 7103537
4933621 6305523 9449193 8889590 5984678 1143632
4139119 4788559 1582908 3272692 9654595 433320
1071738 5391072 5061315 9634756 5441585 2543714
6543008 1274506 2268471 8139408 5794177 130497
4217042 4585208 1028400 5936855 2924672 39541
8592697 1970629 8373053 2101392 4906220 3223517
7938129 710462 1980258 6307167 1717445 8292209
5272325 8489479 7626884 1804937 5841788 562040
1430476 575267 3197599 2964362 5545144 5554277
4835066 6794213 511345 9318695 4672548 1399470
115231 8202264 1863886 1543366 4679995 7683965
2060266 8970345 484851 1837797 1696627 4731123
563456 235840 9557061 3976261 2867082 7304698
2503613 2412105 8743419 466359 4506378 2349405
6841942 5628334 6425485 2818775 7266326 8112007
2712171 8619433 6037914 580788 6191936 3515180
6428323 3728959 3809484 9942918 9744670 6871442
77188 9592678 8878639 8466475 2400906 5309303
5997215 858804 3927130 3206647 6815081 2260442
2656050 9648871 3695886 9514480 4701423 9051660
1258480 9241490 1704019 2372844 9125626 3077193
8693209 9982667 4043904 6041880 7547938 9138123
3495213 2560695 2667434 1871976 389171 4913699
3470766 8375467 3227428 1116182 6821560 6407521
4184877 9505524 1804352 3777471 7924737 6543064
9819294 6913842 9027535 4757824 8684437 503180
5167423 7704344 467052 5801446 9773265 2418238
1265398 9955335 3310866 4789006 9711433 4254385
9593008 784074 9259700 8782187 6043714 6325956
5824231 142298 2419930 5296498 8187967 9620102
1272841 4915738 2057930 7500840 6222585 634095
110588 8737389 3876258 2164254 6704553 2684826
4446646 7669319 8602201 809189 9850783 6866224
3096655 9395870 9794090 7549966 4184462 7140663
7283363 1037107 870128 2701579 8933593 8542139
8083249 9870925 9516377 846950 4528605 4857527
360308 3764558 3732749 2676770 4678418 974044
378127 7428754 4079521 6574873 4335540 8374394
7723754 5015041 291514 5553705 2199842 8792096
9826011 3722874 731275 4917267 217476 5185478
9763967 7409009 9803796 5334118 4081004 6833628
3168449 3599696 3140714 3744674 448881 6086225
3133475 419884 4717452 8820045 7171839 6755708
3061141 708490 6701567 2495734 4977824 3918551
8250624 2529543 7671082 724280 1020938 805730
4126251 5443041 3547081 8547271 2912803 7269409
1170248 5044008 3347749 7245893 3406424 735844
5233679 3979079 4566159 4205289 2420230 1779957
4074644 1005966 6551035 3975566 1856125 9508986
8483911 7268232 2431184 5885244 7083493 1551461
9162545 2444169 2578757 2334984 9618422 5005840
2539143 4586203 7507081 7448042 7649797 2127830
3407959 5815248 7302066 5965722 7262054 998744
9352391 4045335 109313 5891124 6649635 14972
4254695 150685 3586916 4038095 63360 5644570
4838225 5285003 7960514 1796288 8083347 962254
8157086 2898695 4360657 9560319 1666145 7834026
4272876 6626601 3356168 4423204 567607 6040876
2206920 2518188 6178 1432439 6532853 3038158
1442148 3271421 5794533 2563785 8080288 9467737
1418923 8501048 4522843 1862511 2609817 2364793
4167315 1611670 7731901 6339811 7808636 4363359
6638087 9792071 2379189 2275286 1618248 23034
6658803 9831490 9583077 7546039 1831175 7545171
5638392 3405785 8752150 4922356 354140 4811926
5167721 5593300 4818406 4892919 8141395 3165097
3311182 2410364 4016783 991375 255888 8955936
8308975 5867108 4709551 5642818 4794351 6740781
658968 9166861 1653172 5771499 5904982 8248797
9884659 3872884 6669872 6977671 6224118 9204032
3612642 9244959 1257530 2919974 1172090 2215336
9544953 1745167 1650676 9214092 8964103 9207883
6006250 5667428 9575601 627140 9237064 5964066
2835620 9995574 8611433 2011369 4263387 1187278
3158753 9396222 9688318 6569608 5008259 4268511
6495224 6333511 6186245 4812751 7378732 1010929
7698405 5389000 4695018 2494215 6097865 3049184
5090105 1444876 202758 2445288 9765248 237554
8673195 9257518 4635819 705806 4142051 6228544
592598 1601273 4981571 70252 9761220 1775867
2527018 2975344 6736907 7382164 2718867 2630592
3021637 1193499 8288696 8564672 2928735 3848063
1269047 341404 3897708 5562249 6921264 2818511
984520 713465 9630973 9450763 7896413 5750740
9632692 5789418 2191459 9957701 4220152 5777458
6029357 7628153 5627779 2919150 9967197 3122521
6312276 7707940 8726008 7572165 9423650 8571749
1948857 108523 6328783 787755 9436759 3800646
2330836 5030349 4680009 2163060 9085732 9047755
2144894 3076254 5078931 986167 7749472 6929449
439133 3063936 6973346 2511237 2535314 5300581
8220283 8349896 374207 775187 9249973 9213323
4092502 3412354 1289814 1059224 7501905 7787889
9421957 8844936 6352659 8390812 7626864 9189803
1097449 3866297 8542421 6580024 774256 6890943
8043590 5326109 9958468 1796559 7133032 6359714
1598402 9437620 7573209 1028201 2567471 1086862
3426439 1555648 5780375 5466685 8070557 5673377
7757941 1085669 5574348 7291041 1564209 8904536
576790 2048320 5437071 7783543 1413787 8669016
6758160 1640259 7575639 3483263 2731597 3923864
9254855 2295942 6279322 4930099 9460822 8064285
214680 8393755 6277464 5265796 4964373 6071216
3409427 5630764 5795739 2869043 8822082 9688586
1316595 752548 3761899 1053932 1219769 5084712
922642 3814859 8023832 8904192 4270040 927212
3511222 9943175 8824050 1856511 6211829 5774615
9394055 2827841 1624847 7510062 7076360 3170454
2627071 5310993 7083947 9365855 4374115 5783023
2873277 3889117 2818176 7887053 2166668 1979048
161964 8200923 1076173 1194609 4007457 5645963
40452 1310488 4123714 5350252 1754573 5021197
7247165 1552915 9418935 21124 3474988 5994241
8063739 3806532 3676188 591444 8426860 5908775
8000765 1556787 9440743 2240809 6030914 380923
8109035 5624169 7776507 6845001 1694547 8010905
4698441 8199445 8820383 5978884 7469609 5765872
9046739 7276819 3556420 2062749 2118689 2821200
6364088 2852152 414129 6823935 9823313 8360136
8302860 9570519 9774063 5167398 3193844 2450670
6205219 7799643 5279573 3742791 7241216 6130404
7244690 402163 9858368 1408029 5322682 5275542
7173857 2084855 6336922 7910315 1544705 1150041
2352355 5938015 9438097 6619543 5876721 3178761
9966793 1285100 5800855 9416371 8542141 2124027
8236842 9531043 5005601 6369713 9773664 9669965
486298 5303948 35603 7426015 4818059 1716525
2962831 4956058 7529469 5138587 9650077 7738458
2023213 392544 8025814 8624022 2815042 7255828
3012573 9585676 1922922 2100811 3775997 5956115
329548 7828318 1860022 7734341 3171187 5791639
269941 804144 2311190 6666956 7424017 6240757
1114438 4926339 1119956 7721571 3656711 920662
5649292 4828206 1635023 8062397 7393157 8149596
4098212 9612820 6716001 7749772 3357140 187987
7747042 8385486 1527950 4079487 7096467 6989740
9856503 5228490 1784870 1737830 4868645 8845933
5427267 5356256 2968527 1785057 7509583 7888702
6135872 5291001 5928965 1002259 6451519 8947790
4321092 2267151 435161 3710426 3636128 3558367
9075638 2520168 7447004 2123203 8919913 9038531
4712806 7034950 7829871 4130215 7865068 8428221
9135792 3911461 9959560 2789089 2635129 2036901
5181069 2313155 2103236 8827298 1613899 8066138
4259021 6744783 1933966 2580159 9758394 4829316
6554579 6146077 1592361 8226502 2662191 2348476
1398929 3304064 6436342 3929996 7072251 474633
58830 2005656 7425933 7500744 1866467 2540058
8988230 1532002 9632021 8398259 8529357 1322973
1455131 248340 906269 9380865 7864181 2175130
7104564 2132646 7276555 3000555 7575636 1718991
6835859 909289 1249269 7611083 1390160 9331065
5600559 1251072 5240903 1628603 8768467 9608242
640205 6758277 4878315 9393908 3591929 8226392
5197295 8156319 7616719 269387 6771371 2413851
1442207 2018063 5439882 4261211 6825432 4939604
3198077 7058275 4430020 5706942 664885 957177
1290788 1377146 141841 300956 2797700 7278284
6082069 9826528 1479873 1298026 8740660 1105904
7296815 7710655 8540716 9050163 7803260 9419316
4102271 6566471 4137917 8835418 6168876 9372097
3891182 1339347 4425640 301299 8430525 1710191
5178222 4933262 6093392 3921137 8103120 2214783
8084550 4896338 5358619 338435 4187318 6944843
933978 144181 3277402 4333978 6964396 9114776
6398887 4147914 9255015 5010704 1604671 4098413
6819259 2455370 5208269 769744 6409774 1458352
2852643 5780770 1396002 9769681 6119804 3807397
5012511 3375677 9607534 6325933 965612 2906921
4060697 3763835 2379153 7193074 7901439 6024695
6094694 9557203 4374951 5310864 3902411 4282611
2455176 167517 3328591 1994978 7101877 5647750
7006513 7314805 8486564 3900266 7485791 8406547
5548840 1164296 4024376 9470004 9321466 3588718
9507241 72954 3182301 6348093 950006 7840835
1719260 9626185 4553930 9183574 4675049 6852570
7083401 7541779 1878358 7113391 7314505 5952286
478806 3017533 6273800 3959784 9319419 3650807
4420356 160431 6278043 3972605 1644233 6737142
2000318 6624689 235737 786233 5803622 3829457
1100310 6107082 9217511 5487756 275718 7475692
1093820 7822939 2639756 1633994 6816864 9944012
6528189 8435449 3849791 8072090 8991198 6303933
7314918 5547457 753534 9531494 1927737 789575
1562791 7746655 7981952 7816787 7183256 8050359
6616832 6297168 1738157 8048900 6013081 1207423
6734775 4991050 2741815 8798107 2865964 1496480
1011051 2786362 3343566 6334031 7444415 3208784
2887351 3928228 7633490 3931804 3471314 256165
3075923 1568815 4179345 8427936 3924964 2529062
9493740 3277032 639683 4589396 5017161 519696
8205854 8479288 2422368 2642368 1337315 4000148
3562117 8516810 2681492 9257054 8520442 9141374
7446008 5228760 302239 4773168 4929435 3255027
416868 2685028 2825853 1481992 4972977 4444265
7028077 8306839 1066085 212752 9304367 9588931
856796 6421655 7769200 2823870 8128176 8965127
786415 244983 2590913 3633342 369686 4954504
7574672 3818868 3048372 5037970 981927 8696203
2226823 4720572 8347596 7384655 4172527 2332132
7693843 6723862 3506311 7978102 5614290 3030476
2934062 3349365 9212442 3092560 8400257 2098787
1372174 4622138 7100583 1337112 3986752 4684452
664114 6783526 2315342 7871348 3907319 1154109
1395892 1990107 7324911 2369882 7985929 4583795
1241334 3472141 2249127 5437067 5130026 1404313
5458815 2808313 4630692 9560437 699279 7020320
5742062 4482112 5418610 949585 3665796 6359788
1595619 889710 733820 3663144 6720541 7389000
16790 9822494 2816543 2352201 6582210 3624183
5705564 564180 5363436 4628646 1851225 4928116
9849659 5935106 9492111 5696269 5878296 1178438
53759 1103677 6084247 5295021 2129286 9425207
5735498 446307 8324311 965122 774262 7096218
3849975 7578190 6751599 4860127 5420277 5307532
8587770 3106614 6226103 1006509 3854872 135098
1656884 1113415 2630886 490494 1099925 7730689
6867677 5899349 5011414 9555381 3609384 5616863
1304752 4721768 7693208 3391336 6616703 6135902
5299872 4740441 9789918 8267218 778670 4273035
8176516 4989532 514829 4184579 7108499 2771682
4952335 9047250 7248804 5949149 3638137 1015870
6794320 5245004 9346382 593621 4097445 4874912
2084803 4294594 3968805 1134735 3555375 698508
7614323 5196434 6489910 90200 5706637 9114430
345180 3389666 334744 8357851 2313977 6110392
7215860 2683097 8790850 2239731 4603045 4562134
8368059 5355603 1083631 6677337 6597015 1371699
6789520 4706250 642996 4915005 6182414 6484076
304229 7041780 1434157 9816320 6570256 1912065
6281771 4862135 3340612 8134373 5603968 248470
681125 8436469 2931026 3235989 3377760 1414348
6084062 9845072 9691548 9406670 2766676 8199771
9614877 936985 8599418 5118211 3300680 1000386
8471434 5430175 7207252 3850668 8053621 5272197
4676235 7399540 6112841 6878784 5957960 9740910
1221522 233685 9751634 835160 5996212 8160545
8440672 3553530 1328489 9228647 8830942 6337341
6792527 897559 4275103 3234385 201442 5633270
3312646 1163560 1561454 2340225 9662939 173793
3041218 6830457 382848 7658829 8559754 5978220
5301506 9205277 3887112 9950638 8185148 2532991
8448136 8779717 4940773 438873 6677538 9747149
9671896 9242786 6599232 869910 7058141 7156062
997093 1441850 7198098 479570 3566138 4794399
8179455 8881296 570746 9577841 7793941 9165754
7777697 781843 4993776 5350269 3927140 9625665
2450229 6841889 2712410 1742112 4786248 1421724
692496 2873773 4486021 1814305 2668328 420152
3574560 2171307 9772315 3226786 6661736 7117903
8780121 4821935 5639139 9092712 1771182 9303851
1962244 8870295 985775 5775018 2661176 5895695
4753372 4321627 5315645 6973567 8419680 216252
4443651 9254980 6655601 5776373 9787074 692364
308377 6365150 6212968 150594 6003280 5622633
9393439 4550910 4120107 7875872 6570148 9105205
3986525 3357517 5070706 3408559 9779867 5915953
435948 4917477 212597 8590326 7060932 8346701
5104506 6600993 3751627 9556063 8783135 7406755
462302 3003748 5034861 4946774 8784334 5406032
3090883 1811650 2867014 5363142 6381579 8110265
1775588 6877499 7751479 6210440 2987041 5062163
5145545 1035091 9475112 739648 5340424 4869596
479767 1718050 9304217 7866266 5046087 9402286
1871006 9837375 5767775 6713351 7413570 3566399
4070343 9039750 4573182 9664673 317676 7968217
3048938 5072806 8535898 2102332 6814738 183432
595222 8894065 3613951 8689464 4410517 7748043
7931642 9722654 7663323 165264 4467007 7066283
6101815 5224616 6765563 3464728 3492135 6544203
2342489 5062236 9463929 4185079 2140097 3947290
488980 5480871 717415 1506895 7690709 267617
6333698 8377435 4903312 9120784 7271044 6152021
5788335 3181542 5426858 8019731 8781708 7690916
5903076 3905078 4572743 7506898 3562858 5093060
1202653 9584210 1580671 1991694 9759842 1752501
719503 6410143 6753968 9666660 8200483 8929645
7030628 6424747 2031944 7395705 3831566 6089572
2162971 6981030 7953571 613541 7676393 310593
1117345 4322758 6280527 1773012 8282002 8235018
9374547 2982082 1918013 5624354 304241 8106499
8686946 4342004 8617592 3150810 8401281 860901
9398053 6121674 4981058 6497212 989103 2356961
5658972 8507370 73512 8483171 5343927 6581828
7139488 589112 1907817 1270077 874348 5437084
5471973 8946490 8128140 8518949 292113 5218401
7011632 1406274 6120505 3925444 8708758 9489561
7471979 9012161 8579749 7092670 1215487 1554718
5329534 4620133 3333655 3923566 6114040 9774631
8161506 891375 7638155 5336184 8484865 9715128
6198682 7416868 3467656 3180508 7678836 9454790
2732761 879103 5829560 9762657 9485579 9582829
6236456 1733527 9798612 583951 1011192 6331765
8002079 46818 9373625 353098 5940543 6254214
2103428 1548407 2832449 8353508 357443 9400737
7580246 1675447 2921408 6405376 7726762 1291889
6021905 4291470 1333324 9124958 4359908 336383
5725158 5566877 5134553 3750826 7687110 4380513
9976019 7577555 9880183 1306389 7334105 8438046
341503 5845583 1476325 7213441 1077080 6130428
6622340 4379252 521660 6428822 2182411 7810132
6661420 9831080 4006765 8506722 4562045 6719722
4998441 8877120 5686909 9037242 4627939 373665
1119661 8352602 3861297 8451936 8377488 2779888
9520554 6273857 4341341 4483361 6063872 1881178
9815564 8808463 3214390 5202895 2502617 9980656
9814723 9296335 3384466 7324421 7089405 7856030
373748 1469297 3015509 3160460 6307948 8456985
2751136 1304261 1217643 1102660 6093779 2724477
2269131 8170403 6001764 7741772 6908267 5908553
3468790 2178059 3767207 2125586 8691158 5753582
3505332 9795545 6374502 5706253 9222518 5331604
6989199 3795240 1263197 6005267 8078188 6908190
9764379 6360093 9965908 5884356 1732224 4759611
663534 8712904 2714683 489912 2933764 4332214
3978892 2072950 2388067 7475912 3855630 4911346
4088822 8248161 2778139 7261927 9655128 6512403
2082482 7044883 2081742 5886039 4113460 2298539
1461279 6263863 92214 9093573 7977392 548174
5942645 7584433 445834 9007595 1462051 9978253
3038898 3015419 6861780 2042288 1727361 7149568
2943536 9513287 9939609 6351850 1916444 9830027
4130051 2502452 6704965 3453505 3801873 4687341
2677869 4777494 4599443 416144 9028632 6669900
4239999 4885318 4095558 1839893 1533267 6271197
4465511 5081227 6786110 2799885 4223028 6639709
9650622 40194 5317521 4932174 2942503 4600173
2358930 5109428 4347419 262187 4963522 5474940
3843209 2489139 3782559 5758492 6329726 6684556
5378810 2622754 3986786 191879 7802289 6842042
3054009 1103642 7980020 3668412 1886339 6835217
3043917 1330165 8279423 65255 3802882 3761679
9369820 7745694 1834990 9999270 8057214 3919203
2322481 3977811 9921796 8620617 7996684 9044127
2488637 8707018 8751500 101553 7421075 1600274
2652922 9458743 2237905 8475478 1878164 1838861
6620153 8690517 3223089 7512201 7218270 3633356
7195517 3777953 8686256 20879 6388672 8584031
4849565 5379539 4565540 67582 7869397 3824477
6920246 4433392 3106958 8935892 1179774 3179320
8083716 2942363 3909090 6679149 7412332 4344139
1523774 894341 5867530 9996129 3379117 9366696
696114 4810279 6759541 6288440 1425099 4218730
357870 2467757 2318345 167468 5251987 2041535
7034734 2585340 1589345 8413427 1555232 7444771
8731902 7684260 7510743 43769 9428484 4275906
9724266 516367 6365620 4342117 8497105 5494331
2716501 4853436 2000422 5198843 9371468 3059118
7064936 631806 3008292 8888227 8578021 8712016
860974 7916248 7690376 1867554 9644415 4826992
2754794 3110346 9339109 8422758 1264226 5694856
1855952 652344 5381794 2483634 6564173 908732
7853110 6015753 3970652 6824014 7450966 398551
41112 1835890 3213872 8530227 1348491 923426
4436478 9843675 9106239 8798726 9182795 1512236
6585530 7856712 871952 1538628 1587322 5386759
6155222 4293743 3589209 6305565 3342891 8719123
7677323 4581301 4067632 2099560 1035117 2562267
4741364 4036959 465281 7291824 1826441 7808525
1613120 4224566 1761854 8415683 3986279 1420551
6588617 3057225 1469549 3869558 5898103 8707461
36779 6314481 4428430 8583892 668792 3157223
6809342 3735546 8492999 4494748 852904 6767190
6855793 2336917 8808557 6543971 4057362 5145835
1046955 9293706 6030270 3063427 9925507 7362755
3624904 7739539 307463 2168657 9716948 285665
7249574 3807764 8683198 5360171 2062781 4720635
8133836 6157471 3368167 7308057 482482 8090894
9315525 7118371 3371662 4994664 1559889 1649361
2611993 44645 8999863 6323713 2822603 6604397
2677190 6973351 6388973 7065675 4958988 2929253
2849760 4640684 4018598 8207333 7245173 7045139
8083991 1495621 274136 4087922 8410134 7899890
1777667 3738897 8811224 7939375 3747901 2807135
3991093 8630240 6179649 8658101 9556664 9672302
1285801 925860 985161 2078800 2682980 5089429
8331661 1068161 1198483 438914 4458297 5841797
4072296 1108192 9873198 6326523 6910672 64267
1375225 8524070 1634511 1099972 4546046 9083706
7793173 4737815 3225450 3581838 3074581 6328748
6749603 4191659 5084019 4346296 6921531 6319313
6059978 6005190 8812641 5184706 5756260 7341973
6701407 1338752 9280599 2969426 3867079 2639709
2933937 7664570 1719567 6115381 7282875 1032593
8037791 185829 6379814 1901455 4285627 7945165
1863979 4749823 7993579 4869735 3689311 266638
757777 9725999 4186660 3553885 266544 905481
1251626 6190518 2767810 4292537 4398565 3207293
9803106 4823746 870735 585740 647900 5410011
4609180 634222 6908783 4051425 6308504 6735702
9939498 4158523 1719563 867476 3320727 1006436
9348393 1831671 7649441 9013961 2211648 4141080
8453049 9380052 7398025 814085 4863755 1092357
8264783 3745253 5787263 3172520 2098349 9461881
7074430 1278239 4101923 2583568 260554 3055088
3357855 6706352 3417495 7450957 3614386 6108021
9185918 384150 2869791 1761373 4944144 2566894
5557851 789144 2612097 6729655 2132691 1267847
8011986 3795095 5770467 5816425 5786642 2563251
948439 6766977 2060174 2257681 3793045 2042488
6904513 6764825 1571116 4594353 5656106 5505296
723585 1002091 5765666 1290003 1628166 4479605
8222565 6503410 8801109 3220368 7614669 1309204
6849783 344775 9145547 2834075 4571581 6465459
7284621 7541429 919709 854243 6502518 6847408
4047847 6928237 6591104 827303 4856859 8179318
995777 963498 5133037 7106801 6006070 1130600
5502181 6721982 2166928 1290861 7593859 9283232
3762141 7728070 9152308 750969 5407898 3448270
2896940 4070437 2193243 5105656 7309731 8114677
4585587 9869341 4499573 8918257 7242156 4699929
7888501 7395262 1646550 621790 2224590 6651170
6176166 9742982 4338704 8014947 7331894 7849598
4298531 5993759 9947569 1636477 7092102 8774447
7695099 3296877 1520338 3142833 7930362 786422
5986074 5890121 3653767 7018360 2521214 6136728
6631027 6583923 9479826 7466998 3402360 198597
7636682 3140350 5503479 2501137 4574803 5664916
9109566 4881993 6738542 4343645 807124 1315971
8167108 2949110 2777239 5725125 1223157 3945278
3179590 4745668 9464900 860127 4635716 6334469
2997403 9157806 7221767 8201975 1383920 747971
8369771 6831533 2591399 9748972 3999794 3951751
3270968 5193961 8722074 5855422 4033267 3048369
4047879 1642429 5082996 2337795 8851252 9572104
3359489 905901 5360765 5534548 4287407 8656692
733696 6776554 8504634 9169009 9503734 5416996
8443148 907590 3498073 5990571 5973873 3975591
8724572 8418135 8949315 8825487 2454156 6029195
5223203 7324168 712400 6416531 6812248 2993286
1251472 659607 306553 7649663 4842486 478018
5387205 2835223 2544125 3934706 9015275 7223240
5447116 4101958 5690227 3305077 7412274 3125677
9550296 8057307 5668556 1107405 3613223 433116
622789 4534001 8451745 9331569 311345 6963239
7944291 4317165 9964306 5511348 7917537 8844127
5110443 793485 6065103 3020054 603365 3138650
1431465 4789865 9402860 1726075 3378371 8352198
338968 1918125 9911893 7586723 6866235 8754940
7324729 144067 7046383 9873437 7026874 308484
2026272 6055636 2523877 5580886 5990414 4698109
7258934 9935767 6184421 6846099 8194634 6618789
7060573 6530241 7453942 2529906 9675939 8823357
1030255 8896713 1155630 99547 8992600 8393220
7051345 357567 7450930 1209365 8186618 7773469
1797744 5237006 3766610 5756619 993781 4547729
614772 5850579 8799451 4704750 4467140 3442604
2167776 3492869 3723490 3293104 526150 335993
1300998 4794823 468127 8223025 8843181 8130160
9152853 1926725 7063035 4130657 8529540 5632846
7247179 6049568 1749149 8410951 5048355 2957628
2852178 1303953 5536459 2906213 1915133 3825360
23906 6325505 4429573 7713026 7931770 5499731
4669729 3758241 9831417 7114936 9908367 3391794
7305341 3574718 6393825 5636450 6603765 9067056
7484693 6484115 7321038 3166604 7457571 8417572
1693454 3756824 8444514 765862 440926 9222197
4799534 8394785 2879690 6642767 8199118 2517675
3700587 1439827 3994955 1563304 9460927 4771299
5801429 132242 6141201 8357354 1105610 1473636
6563803 7215727 4700187 6469403 5421519 5431017
6504321 6857302 8867933 6012000 6019571 4174945
7055217 3903867 3317314 609219 2315402 1513582
512104 662574 5375600 3876149 1935863 5163937
5072100 5921389 7023188 2549739 7365174 7325329
2276370 3336100 2651214 6970877 4202059 3225198
4522009 8330131 2973265 7448672 138445 1341815
3649742 7688586 5420256 9820009 4508086 5557060
1453984 5192209 7816840 4627619 7845249 443035
6098035 2687654 5279864 9536249 1397302 9500130
8407829 3954582 9492128 1542604 3735630 2683470
1523731 84339 9701807 92115 6087210 3985271
8540317 3063431 524128 4033784 226406 4247277
9743681 5252091 1413302 1466127 1095754 2172964
9508488 7648751 5490851 2208178 872841 1514405
7945334 4985759 6932828 3473134 9040842 6183863
1849687 2107137 3952955 2736786 8296277 4423747
5855252 1361868 9104999 3831568 6087302 4781817
9918907 2064251 2461247 1032586 9792568 6145210
8086828 6941702 2858827 7319163 2034115 6086879
7192619 9315553 9211497 8187402 2146780 1101450
7052442 5067182 4022589 4340264 2184097 8119269
294321 7006895 6955814 6989554 5610874 9733885
3067965 5676920 1561448 709033 2289270 8808590
9053157 6912748 5193191 787618 5386305 2099140
3325036 4530524 73021 7866076 5544166 8980724
5212249 7667849 9215088 8003548 6779126 1020119
759228 5578643 9880153 4341978 738265 2785672
9189396 1097273 1330827 3124941 4251197 6357195
4525430 6483585 7026282 402907 9134245 5234032
5908259 6264824 9680876 1923448 1015227 7653573
8046247 2428244 1462728 7975089 1777305 7943024
518797 5064417 8897793 541329 9949804 6710627
8928436 4711179 6174482 2407518 1598221 4289032
768312 200095 279326 3715826 3340646 9060580
1954442 4809342 8533604 3981055 2095289 514302
1339243 8835779 4563415 2226580 6295731 8310021
1322944 1214307 9319968 3387802 2606143 9186780
7459401 3984100 6533781 315654 1474470 4423066
9059550 3500740 4666602 5391844 1155135 815132
7374246 4330420 9087597 2402148 6020646 6967963
9409419 6537742 2969127 8383491 9202086 1114025
2147212 6701856 8415447 7864461 1084574 383914
4969064 7380509 7593951 1092545 6256424 9356545
2526799 1638788 3334871 4110538 4921505 8594549
5847699 5947398 7680643 3748282 4852334 1965310
9222424 8920796 5193660 2352004 3978383 6068401
6217653 9075909 4782014 5419755 8168441 4772614
6007618 1195089 2416165 4282687 422780 3774626
3221180 6281700 8073995 9731051 9875348 4381858
3633091 5298881 1616237 4374578 2535792 3254687
3433381 8398930 1849521 6450137 8642037 2163778
5190254 2617059 3402126 1525550 4874892 7180515
4574530 7107043 3470346 8562257 8102920 3726415
6178383 1565011 5524618 3906017 527101 8570633
3891314 9491372 9045447 811801 8718912 8679501
4452163 1843074 6540117 1527327 1986374 9769511
2923092 9557480 2553052 252387 9092433 7805720
372499 1695630 1406807 893480 5156520 2768304
911511 5070834 7195960 7889821 8196195 970780
7730068 9527363 7871828 3278888 2558822 9150664
3118330 4378452 3898147 4722624 7073387 3031817
640398 3047203 5120669 3700834 5639164 8545439
1173363 5925995 2472577 7718898 3533518 8831471
7163825 2997834 4334851 6277143 9900289 3648078
1483541 6562342 3646879 5569336 3797259 2459010
1897683 9644203 6998658 3402387 7134056 4713981
3907573 5649874 4622242 8374989 253082 2109317
7647634 7210676 9431669 8650520 6716457 2270199
8498202 11170 5993845 9040356 6115063 9560987
4815812 6841187 4478162 250069 3239083 511044
9384938 5071061 9249944 2661659 1803151 5994960
1546781 7770976 8791938 7758596 3811325 7883644
4209228 8788835 2744752 2225534 8629508 2689613
4216408 2833020 9845884 1376680 7071133 3786088
6465165 2857327 3529140 7437670 8586574 292869
235819 3657504 2410790 4111198 8990051 5182020
2859373 4985975 5407525 3436709 7103739 8945481
3478261 739606 6199845 8110200 4831127 7326227
6816235 2590278 8211679 1788549 6033660 406062
665160 8008258 7999927 5463855 6196493 8945824
2465820 4109110 9184401 8499069 7522777 153820
5472853 98030 9798783 7562731 9366161 3643532
7282087 779698 5729281 900403 7898419 6331527
7586243 8354964 8026199 6202913 621435 5996296
2081190 8447269 7623843 2004727 3446038 981793
7182092 7395518 8789482 6461700 970889 2994628
9761079 4979192 3216828 6046024 2637346 4733097
7527443 9253503 3224116 4568146 4506461 5253962
4676781 9764756 109839 1668400 7877611 7841529
919625 6262906 3487674 3188104 6417878 9075507
2529977 3468125 6651992 8816990 380639 1970643
4854050 820386 9808809 2734652 1139323 2919227
3114698 1540219 5717617 3293102 8675469 1367932
2772179 7513043 3940808 2369881 7327946 3681281
871954 5513692 9517906 947952 5542075 4707982
9506953 6572974 8561313 4141321 3516046 9169221
8081104 8710453 8872864 1253473 9714096 3686074
5445152 1942128 8625433 7190612 8553701 6337391
2123911 7626522 7587437 2119742 415925 8904834
5134699 160096 6140179 2970711 7945035 4866946
2452736 3906097 5278310 5100827 3227698 4566348
4357913 8973377 8024173 6548396 5211997 9965015
2495067 1518705 7798947 254733 6924729 5385818
5055848 3681342 6959990 3180515 8824041 7915552
7120544 7387210 6157049 9656478 9006622 3355950
3029042 5110393 765417 4005917 8800737 5807998
8407763 344324 8714430 4059084 2832698 9580324
8313218 5575514 2414525 7622421 9624675 8897219
1105886 4879965 3235367 754360 7914862 4263693
7906956 9272221 5082056 7362757 7980283 5840487
8409299 4701434 9966754 4668222 3519354 101604
9199598 8489150 2717968 1990949 1846969 6580404
6671388 996764 848643 7379665 4867297 3248526
5501027 9498122 7762535 7259830 8550591 4126656
120583 2274681 7195530 6501724 6098960 9528516
725942 1045006 2364040 2873942 5649784 8131263
9613570 3644995 2056160 2312921 8422823 1135524
6179250 9114937 3032996 6654962 4082972 6918098
3415049 527290 4404924 1833529 1861730 8482160
8077952 1149469 6150843 5840097 4547639 1244673
2906073 2697873 2390189 3189452 1265007 801963
4216363 3797445 5346979 2717380 7766095 1222301
1192365 3188106 1075299 6627010 1080579 9435654
1093660 3465620 8191708 277432 3086675 5571669
5123592 8892412 9183275 3881880 4795990 4500315
1980420 3773472 9097355 811487 9406847 5724950
8745335 2989798 7849930 2231032 2438598 285527
1571119 697669 2761195 3182622 641163 8673623
7406861 1450941 68890 6715189 4746437 1082018
3052964 2628641 9611198 6818519 8065860 2372594
1618687 334483 9001455 846663 736960 3992623
2124945 380878 3781258 5350349 7881675 8090781
1585724 8862627 1027022 7906180 8706312 2389005
2810474 1940969 8251248 509652 6475019 3345048
4431425 5265231 9027034 8015337 7758522 6778206
6113751 1926815 4923937 5477335 612345 2104115
1284071 724455 9960709 8768571 1057676 260285
4892364 2056511 3569265 1978109 5129464 5883809
54996 5146783 3922328 7222192 4008044 6124890
4121346 1109035 3859463 5656406 6415238 5471728
4965589 4109608 2622355 7003052 9236597 5954859
3166843 6108388 8250282 8922907 6622109 7981856
2428296 4041903 883292 7990962 5617287 4418507
9775782 2453316 135766 3143224 7960340 2611738
2855878 8891558 7918770 8799047 1355988 9503309
8244651 5627665 4309217 4488980 3802982 6948067
7637930 7889312 2819913 7614406 8811265 9021076
7633527 1132088 8524674 5940471 4793895 9966141
5241597 6130383 5491747 9440956 5880623 3961921
5335962 1822364 6149268 10616 4147173 345039
8036088 4367796 4752400 8746972 678256 994444
3672639 7939316 238920 3935225 353032 7727974
1598593 2161376 3642050 1114690 5509697 6828251
4087064 6915406 4097662 7952629 3557449 5225605
4011561 8803694 9747041 347295 9153017 1980618
798799 7627313 3742138 2474874 9578317 4443469
4268675 8886554 453832 7530230 2267832 6854579
9727221 1306372 5777350 7763773 7842362 3719247
319871 4221272 6312667 9321016 5923552 7231766
6247376 83459 810346 9526794 4735410 1874561
1247402 3325343 8786298 8258302 3136425 2725719
3985835 9123718 2583058 9198580 6846014 6623142
6374419 6556833 4647574 7243083 8225408 2251076
9448254 6247788 961332 6027794 27424 4931745
5667950 1477783 1703760 6510372 6227498 9494858
3633123 4741881 4151144 8579271 6282827 8942488
8068280 1468918 8169947 3051631 3777937 8718643
1136188 1121290 7375258 9689525 2946596 9366718
2584192 9004292 1858050 8559269 78540 8487622
913229 5219608 3297919 3854553 2590351 1658641
1021958 7475463 2896219 3088200 5565457 2104132
2471998 7795148 274006 5705086 9174802 6756489
4081129 6396623 2469851 2242688 4891605 8906134
7556487 5978425 8531186 2337042 3926180 7223206
7636807 5073853 4663341 5663521 7666042 1063218
5644569 4213727 8878566 6511305 2029672 6302473
5822424 8047987 5555832 5271125 7217527 5151448
9092712 6879105 9829489 5101561 4478140 3681916
6017770 8670540 328002 4391785 6298066 6611926
3127455 8684916 3549283 5673013 5451393 491604
7440791 6808476 129106 9210787 60516 4961075
7877923 7569823 4366951 6167377 6420264 6843618
3350301 2285362 8760898 3379737 3244329 7047074
7393716 2535246 595712 981424 9645751 8995501
735215 1252784 7915661 2266640 3383850 3344755
2753189 149410 2596594 5064228 7830333 409051
5022342 9881924 6818588 4868414 7223637 6908316
9314965 9850392 2250276 3484384 1041483 4012704
7851028 9747717 5440586 6502209 8279296 2916146
9895891 6459367 7162724 1133604 8475571 8807732
7045413 5611283 4185973 1022195 3414188 6270853
4247024 8286072 4455028 8351847 8357395 3362404
228485 2525302 5311608 3687396 1666459 9795358
6745225 7250831 211300 3902957 4415611 3636132
7904168 6250980 1870113 9680447 5168336 1370965
3246326 3888738 1406352 8010856 7823000 1612354
2722342 8292769 6436204 5979422 9237360 2755411
9557675 9499181 1390322 2078181 6273724 5753994
7604538 6208495 4792908 7367366 4388379 1224740
8596432 3142456 1195671 549840 3118026 7163207
4400739 4566576 3117736 3084062 5105520 4468656
1956052 2217628 4702302 3699253 965053 3373689
3359153 765803 8013470 7455889 4345282 4916430
2245810 5825986 9977256 6116119 2075909 8959840
6578057 5878959 9500358 181612 9414424 4680543
416683 2172502 5174743 9272996 1578682 4670783
9637674 6473612 4393660 6921665 122129 4056095
1051691 3905284 5243442 1419219 4008212 3622576
3211270 1140542 8797174 6279241 8304029 7292039
7185951 8284620 2490667 4157895 6506005 9226561
4968298 1774439 2803204 21758 3282570 8792550
8198945 4086157 9187120 3342686 7818214 7871669
522769 5324145 5703856 5921161 5064427 8170625
3716397 5158838 1870747 5877782 6970342 8273881
5883369 4137441 3868472 7882703 2087044 3294062
2180116 5479778 9967607 5167099 1953367 8347690
1252890 1029933 622713 6450891 3220273 9922055
4435455 9868583 3322328 925504 5756471 2979884
1588182 1264790 3220192 4320042 441498 1347166
7355814 9090515 4804097 4529323 4138389 9145128
4924078 316241 1999112 5893058 1162570 2338436
7904061 5355670 3370778 7356166 4668270 4034494
7547911 7265505 1938565 1948691 1442327 7101758
4951553 4957864 8380970 888587 6294521 822254
73869 7860074 5038280 8620441 7811285 2862852
3543592 6723567 6891544 1477584 1526813 2904031
7922942 8542396 8706013 983892 3021442 400801
9609106 4232015 6596520 9185697 6772130 3175992
9408601 5407122 7648187 7702339 9577769 9180524
764158 4035490 4021720 1176858 5819189 3302495
7300155 9283620 7544385 507926 3812574 7944703
7142950 6070327 5738692 9034533 4025748 2899931
8395745 3967661 1936421 7980169 1279481 2062505
4225734 888172 1087943 1862288 9211839 2404162
5214664 5841253 7145797 7711019 713425 7491322
8882310 6746084 2723207 5403517 3683736 3737822
2856415 9101180 419441 8651816 2042747 701803
7437300 374067 1381373 4748255 9306593 5610108
7244103 2783989 2756009 1959215 6951124 4931017
2214552 5437867 71781 5140222 5293261 7971321
798906 9431931 5356901 8247369 152222 7279664
176724 2992227 283924 8198599 5123753 2178300
1643064 5573917 8845425 386140 4424987 8837772
1022788 466408 6534659 1535688 466915 7929436
4735313 6923095 9794960 7792189 3188965 8245868
3666040 7716193 3807918 2448119 7852910 2610815
5344902 9189930 221844 4101709 4571531 6314365
5326183 9045504 7660236 577708 316150 1377206
6085592 1828412 1012879 1234008 4117434 4826852
1436662 9263217 8965015 7427465 3512056 3229126
7484703 2384534 9803262 2038056 4532558 7407560
8370382 9194944 7721007 6234609 5041238 5235057
8615927 6921079 5894877 220293 6209504 1421411
269200 4157604 6606944 8417753 1706597 1360552
7232989 2432032 3598758 8981066 1011457 8589692
3645799 7917436 5677874 6992717 6617005 2186996
6511103 3288127 4512945 252675 2207326 1121206
3656199 9850982 6787174 5777822 2618081 7196354
8931975 1216369 3053712 7543604 7158264 9354451
6622182 9066950 677936 8442709 4805066 2100526
3808801 9389315 8183487 9131314 2588809 7123801
9557182 1623209 304073 3707880 3709190 2921377
6908465 16524 1950278 5485738 4761554 1855615
4573378 1455166 9813950 6402404 49090 9795087
5535979 6102195 759171 6323423 370535 7550055
1509060 8068393 8483060 2412419 6443874 2818010
2937718 4524885 7262172 9663372 6220640 994871
6892281 5224095 7507179 132335 635139 7141740
7404173 1136443 4305396 8822321 3869330 3349900
2286575 7406397 9340225 8388399 3595334 6486614
6364629 3233758 1252673 2754018 2198820 5640796
4438316 4496045 3572649 9132267 2548020 236668
4593442 4910006 5234526 8819078 9510123 4824995
2287908 5403644 5467055 3617431 8919250 9234092
3244659 2686738 4199062 5133160 125844 9037477
3477785 4549318 929550 775558 3298743 2986881
9742197 4138262 3025274 1866382 5694018 6139093
3569091 8271905 8588422 4068727 4228878 8959324
8115374 3467496 7896274 4515229 6100490 8191689
1019558 2747197 4314508 2018581 9509359 9512081
1441734 9305156 4370201 4535172 5654482 7998701
9307118 3817884 1611262 2247644 9076881 5371860
1799720 421526 9709626 9327962 48340 647344
645669 9175931 8457860 5239737 7017785 6658347
1141203 8962555 8448828 2737860 9755999 551545
8672372 7723616 4628903 3513193 424647 6388861
1768891 9033918 2617423 589721 4761609 410994
7348062 5867729 4390615 2524413 2715509 5678963
8482063 1691596 2698857 3667163 1372911 333427
1054220 6201997 2287370 7711854 3393968 6691927
9549873 6569257 4061884 1059716 3575271 1353264
742956 8286527 9996879 3320764 7559071 1014421
8029921 55948 4414322 8046866 7891674 1150055
2267731 8616789 6247046 2769864 4255797 8064403
7852688 5005209 6350704 4295476 2458972 4222650
4101490 4057037 5639949 5925495 1039848 8192351
6349109 6288346 2292458 3037350 1781457 4428981
5682084 5161299 4132524 1684436 5637242 1316963
5919104 3007354 8310322 1137315 5444122 4777179
444881 6780009 2313459 5997481 3207028 8570062
5002560 6447479 5827555 5774229 9219273 3502034
5374471 2104426 9016100 6221971 1697756 1603328
8857597 9230381 6835332 1818064 7087779 9094498
3931878 6168251 9367967 5033741 8376372 9451617
5912327 2964175 8612914 862770 5480614 4259839
5878891 351627 3081318 3722395 8034790 5333977
8601426 9907854 5942025 630490 6309964 3532815
2300863 9697132 1309597 6706994 2279717 6213741
7941846 8626816 9692229 3218961 2065602 7038776
9202095 9968819 8071107 6375937 9861902 6255097
4889119 4511700 6623811 4756261 343079 1346129
8522010 5135201 1195590 1501354 3216638 7179924
3152472 3301387 9858286 5835151 2732877 8679239
8142019 9205333 684458 2399173 2920923 6853797
4567609 2659930 8286024 6042541 4520300 8065971
7262870 2225488 45952 9686927 5741371 1798264
6909004 7544602 9354053 9963468 8184983 7144515
5018150 6440492 5410178 2512304 66488 8764215
7180489 3366944 7235941 9391867 8233917 656568
5570639 2489945 1590776 9770013 188651 7683149
3060104 2479468 614901 3129619 4238484 991149
7133972 3465545 7560016 8060022 8926146 5188275
9325186 8178551 1020349 3539942 7381023 6480431
1443619 2055305 2593441 9521809 8862052 1153356
830030 7871003 3991571 9389383 4116288 3251425
207487 7138990 7355951 1670903 6903364 5705515
6529614 1888530 2202007 4419029 5378331 6600943
1204198 9120466 4440797 2047665 66680 55366
9636219 2030696 5108922 5110345 8326394 8133345
5089708 3538294 3617416 9461544 2299589 6367480
6999577 7744588 9349256 4308590 7852535 1787155
7832324 7654282 1275186 5314834 7010328 5492492
4278423 7024589 6676973 5992497 8317610 9741585
6712559 8782364 7804322 3936204 9753164 2085591
8142502 5097142 8812596 9222605 6581195 3365069
2088098 7068069 9588941 5834526 7419451 7633743
7251686 6895607 1267931 2653641 4215341 2412398
8780179 4321385 5020368 9616430 831921 1301805
1456371 9097210 5220683 3875830 2748985 3517224
8563158 3063373 7991423 7263665 6166088 2755393
2974559 8609718 1073086 7910117 3226735 9942259
5903551 8443897 9605137 9043230 8740810 1422002
8473654 4058917 4567022 5391924 5156024 5431779
7065223 8526072 4265220 7510791 7766234 7483985
8144385 8212268 4319083 6071716 7271368 4356078
9642320 9988021 729519 8512537 9679081 5605623
1339311 870062 1094649 5078109 3712878 2388024
1696667 2413141 356400 3798681 5402175 8690068
8950202 3171233 7907348 2559644 198442 7640015
8490172 5463768 843483 3589101 9765731 5014467
5623175 9831834 1172528 5249059 9400909 8752789
692483 9961117 4379835 8961399 4052613 4285962
4337129 1987113 4813193 1877196 5814123 5353093
7127584 4345704 2810092 5629015 7121514 4100135
6448729 7082675 9789578 3089504 22365 4215312
4762139 7750209 1104330 6080182 9454933 3881043
1215495 6447607 3012231 1603610 3106197 5441058
4310232 9988802 9118620 3621386 8222515 8211328
2826821 6612975 9649645 5490390 6461516 5420026
2204375 9994160 2710320 7072392 8800329 2318234
8963210 7602978 9938752 164522 4199260 6302403
3181631 8256946 2532180 932149 661700 9366515
2340861 5523973 1239506 7369033 1318782 7132711
4981514 2827343 8860159 1578250 262682 3409389
4565667 9271748 1288693 5684304 3875807 9460773
1170723 4143102 7647277 693996 2640400 5503219
5502306 4145709 5789542 2816217 439755 9965569
5679148 1894671 5951274 283129 3149529 937542
4180520 4835341 8675377 5577609 2090878 5972986
3458074 7384960 7340296 6529362 5598855 4927511
5013709 7497327 4381138 3071406 9761426 6518597
1719237 1646864 2883573 5736287 1866726 7173073
1343169 2165297 2387587 8894590 5899101 8368011
7458114 4282538 6122219 351150 1503783 9040465
785395 5593114 2052224 1674291 7235922 5255440
8162923 8972944 8546854 862030 7802507 2942428
5584430 2607741 2133244 9432677 8563891 1502664
8053969 8444232 2968615 1502304 4234439 9925581
3585398 4563484 1485858 8972284 9071248 1316316
8805292 4662559 5993543 5340673 2286011 4168312
4466373 44946 4410942 7628133 7573364 2893782
8626218 481138 4362789 9445159 3310160 3291359
6234766 8025437 5718647 4619554 2297180 3059551
6071850 9283090 1358674 2126643 8088892 2672437
3769581 9190638 9901695 7230537 2056738 3139948
6948884 243757 321730 7964932 4966303 8518944
7091722 425836 870868 74832 2876085 3753301
5562791 4140238 1253324 8194498 2737518 1045810
5597669 4185738 2365378 2933991 9268822 3002920
2809638 2339729 1956054 1738504 3858551 8382726
2992086 1395681 8424400 1222841 2496275 3066403
2969629 8269833 3059133 7199702 7527831 1871344
2188683 5997017 6407005 7605372 6563851 3948653
1419113 5575082 6453119 8855885 1632868 7870999
774569 4014892 974934 7318809 5155294 2626573
6562890 5353217 6567284 2488141 7082746 1480404
5328900 4339950 1643963 8186921 5224869 4467684
7986676 8397966 6657906 494034 745308 3271805
6595915 5204265 5775878 8007400 319391 8283469
1929606 4136201 9762812 553400 448272 8481382
2091468 5650819 3114539 432559 636812 2174614
5304059 9700541 8914271 4926601 2276471 2223901
2304689 3232191 350213 1985434 869208 3234902
1213093 280534 3269584 7703129 722894 9951028
6850695 8555489 5033826 8283815 558535 2946544
1717591 4775500 3891678 3162581 6095452 9574049
1353145 7554117 7761154 4483291 5189974 1044767
4357533 1669314 2927793 3551977 5702711 7087199
7933255 9944171 3266992 6527910 9340307 167737
5211797 4388339 4927925 3163510 3581864 2081322
7140788 7020243 9142006 5967726 3209009 7500971
8332223 9142107 7136739 776163 632289 3315091
5473747 6729801 5090559 2224816 3345595 9053580
7023235 3298718 2852778 7946626 350559 614363
9679552 5189681 5435192 3723940 7950783 1707112
4646124 8189634 3972252 5679831 7342503 8169731
1902761 8389806 8460304 5426821 5219753 6560603
9950460 7157092 9311882 9951901 1054162 2610505
5077177 2986980 1042743 5874344 6140274 283145
9228544 9194161 6669683 8527642 6288174 8019327
2065778 4608282 1191324 5429626 6130038 2442654
9342838 9793916 9387297 6920828 322055 4955789
593275 1596414 8078964 6292175 7996166 3193467
1302481 9727651 4135518 2824687 8646763 4963802
664368 8771780 2049359 3689106 6451287 8148341
1500047 3375118 2101632 440977 3361042 611471
5369278 4520833 1027053 6869227 609062 1260246
3223207 8156348 2664925 6086954 5281068 4543860
2204181 2936368 1197995 3476216 7225161 6560523
3883808 9241091 5961519 6227521 4765257 7358258
393294 5653732 3342628 1238956 5420780 6946936
2854157 152298 8235371 7467493 922896 3475332
2166413 4433253 9118588 2875272 9601479 490414
2298877 4577414 3490711 7505499 1484925 3514919
6950345 8023831 6149957 5541109 6557168 4119950
4649951 9141757 9755576 3668794 6475933 4955330
7917617 1984251 2735568 5717988 3232797 5128769
6308488 4736687 2013471 7722663 1309802 2791907
7441934 1008536 9639612 5471105 3928643 187843
3867547 2887795 4168806 9827709 4288610 7396948
796979 7313048 3595130 4115421 2817541 1781139
3719756 8497619 7957320 4163258 4957655 7617227
7754846 6580889 1344616 8361941 1197010 6748237
1501447 9227682 6714029 3358050 8099174 5548632
4480337 9178846 5213113 9567732 9801247 3588137
786523 8089907 7695641 5338619 4921008 5919749
1533639 2193067 1919145 232332 4002907 2812182
4834587 3278675 6050880 2022385 7716258 7347754
8843226 5505605 1690784 7420569 8326262 5060927
682919 7438929 9213873 8046498 9635083 3638695
6568025 4152023 8696371 4369182 3376735 6867747
9921585 2416227 1659880 5424867 6828302 9003942
4829091 1269114 5224774 3901846 8523462 4820499
9497751 2457952 1462587 7865359 724506 4295642
1897352 3365953 9763644 2634713 4655699 7482079
6705876 3487140 2557984 8280450 3664307 9850884
4115811 465404 9901939 9183132 2100800 5300031
5687873 3418359 8677302 2686842 2591477 7057147
9836153 6781072 8915466 4393373 8548746 7177130
2176107 8702665 3427517 4400728 2471829 10782
7104102 7286871 7760527 4177800 8718990 3341161
6445957 6548640 7604807 5373890 9786035 8058058
4918560 314618 357152 6162556 2177486 7306146
5618339 9210510 774475 2706497 2798560 7874627
8566613 2312502 4938394 5380853 6104343 4961641
6423367 9715082 7993574 9891157 2079029 4813928
7539504 1510072 4699369 5336141 6240884 6042837
9452340 4462262 6995037 857407 9474813 8234127
6819978 6013550 6525179 6121370 8782389 3261319
9236306 4397605 4488311 9885899 5611186 6406487
8402767 1065104 444297 2643165 8950523 70952
64483 5027403 8235589 5543223 8623052 667413
2606777 282198 2969626 4731638 3254156 8336297
879590 7709206 2837689 6704266 8560874 90792
8436462 301996 932693 4732255 654851 7681423
325617 7653604 5898885 8292881 6933373 5175780
5598539 6809174 5511739 6924084 792923 4447410
9998538 1276754 7390498 5857766 3514593 8500190
291692 4504667 1143449 6152013 9006309 7901980
3568798 1698501 2504229 353504 4206703 8648526
9138259 5332227 4372552 554165 5217606 969447
4768527 4313895 3348824 7793846 9133098 6444981
2824557 3955505 6916282 8390279 6705727 7284120
2700293 2578695 6787403 2432502 4440562 6150183
6537974 4173603 8647294 7996904 4724083 5234872
2671550 5245035 2602471 6863213 7785825 5460695
74858 9444373 6059147 6421050 1089239 9200697
5151366 2497846 5371568 4698467 3327455 5050804
985698 5178518 4992773 5220109 7653210 1628007
1861123 6705756 891665 8222368 4016191 1044003
2322153 6771622 9589812 8113951 5122295 3888063
3842510 5961344 6169680 1455586 8315421 7261353
1224972 6279242 1489456 7586705 7281136 1942716
778615 1839506 846148 3596490 7011206 9545564
242099 7451441 7591824 974463 5002089 1080069
4569030 1852489 5428182 5015144 4098897 4317616
9610884 7037414 7375551 1483504 855957 7366110
8881123 9530112 6863097 7731419 3995137 1373967
138551 4274417 9424619 8948948 7443753 2176684
197855 8725662 9760416 44247 7871852 7670853
6296239 2868046 959254 5089610 6886555 6462931
1833171 6209827 2180345 7171839 7975820 243722
4567164 9295110 983549 3480037 4715366 7481093
2682467 2510679 3456304 6217856 835912 727672
1655449 5620081 4408736 3251497 4817289 5373234
4557200 9566636 9165561 9704697 5187265 7987910
6406856 3791513 2643557 400165 5898248 7785309
9193622 2966711 6298596 9180896 4381784 8148642
1193135 6717818 4010296 2279322 7361780 5361173
4214549 78382 2032134 231582 3434161 1266473
2054195 8581673 1392537 6807110 2614638 8409183
1078160 4862467 4107844 2995638 7073180 923853
4837536 2282302 6612430 5670994 7024234 7869201
4429075 2474552 1238297 6260093 2058362 8099471
1362937 2277878 2204856 3804388 5490148 5108883
5955776 6175273 357352 1377084 8345969 7316574
6392771 2386511 352072 7889412 8102736 9519316
4040798 8197496 9644637 3086443 7441786 5079477
8748742 8543554 3054148 4162933 5802507 959608
28175 5794102 6523311 3293066 5444172 336760
6204327 7273772 9372318 8998961 7039862 897907
566501 3460452 3936332 9295856 9278222 4637722
7517128 6539662 4371816 1718981 2219295 3860865
8454834 8276494 4836091 7125378 5055645 6946594
2054735 1792842 372766 9397744 1348908 2551867
793263 3099705 6942338 15312 1685085 828963
146998 5041837 1157634 8746730 2519942 3981334
1143144 9452886 9265331 8416425 6645804 9262845
6587791 8309194 3574807 2662445 4838231 7167678
5500668 9078948 2218127 2425724 6944225 5247019
525140 1168757 2111543 1384465 8502592 6178517
7695384 7501816 4854576 3542853 1571982 7177457
2703231 9708104 5756552 854757 5982234 5602759
7681262 3638310 5147038 1109921 2809952 3039714
8977060 8130817 8261473 9774660 4514643 2606137
8610836 7721273 8097611 5910614 8221589 1351185
1869791 9758679 950293 3086814 721041 9143988
4408268 3044937 6737211 6397349 9959214 5130127
1411126 4645911 3096714 6615367 4744461 3305915
99981 9415219 8358804 9071829 2407405 371774
7917043 7920724 2987173 2248439 4932017 3850709
9079846 6792616 1486514 4405367 8984965 6223554
4652465 4594448 2917269 6003049 6701652 9765015
6302502 2579711 8171603 3131346 8363534 9868731
9509422 1995468 2976811 4791695 5810633 8806369
2992380 2797962 7351274 578518 5169771 2800317
6156815 2159828 8112920 2886502 7317502 3166597
3643612 7005759 5660945 6873159 1962901 150013
388646 4096931 2713566 8593788 2769326 9827694
2200170 4785696 9557190 3118441 2739016 2936548
873897 4288150 981983 2680145 1412986 6187003
8872280 4073947 9424677 116951 9846234 4541823
1652095 3416000 5262208 5005006 9487733 1357774
4207785 2636263 32566 2826798 4403049 1713701
6092802 4398592 28635 7523580 8378347 384074
3243126 3038373 9420812 5176371 2012605 3029352
2184613 963467 5592772 9473942 8000878 7888954
725336 271694 4250696 8171743 6941693 9353325
4565485 7195164 5297963 8199415 8910656 102753
2903981 8047098 9885101 9268282 6587342 7014393
6158367 1348700 5695599 9040603 6873825 6807861
5121011 6475724 1403395 2232856 2820393 8524265
5765002 4733843 4635385 2143612 2101462 4131354
7463004 7921059 7456898 675310 2958094 1183183
5086110 5043711 4127717 9318059 2272389 3965506
3144250 2916330 4376124 8578379 3315574 6652177
2193354 1684732 3397869 7442835 3050731 465969
7949930 2332629 4374770 6773698 2434412 4176812
5467367 760369 5945636 5753747 1805277 8666283
9557494 5483057 8390606 4512415 3954492 1830113
2680144 5802952 4203334 7437889 9088605 9904062
4148140 7186623 1418269 7983207 9950257 416729
733484 20169 4870327 6990929 2725379 625464
6808413 8312412 2609298 9950904 3850691 1512020
8019869 7390503 1111053 5709841 9020884 7832516
8261571 7680939 7730240 1567756 4762691 7247779
6262634 512041 3244024 4470708 2625557 5247789
2758543 7484160 810111 5528906 5020262 1785108
3795955 2566565 2757677 7765141 7704002 5642080
9220814 2729239 1952261 2691314 9418019 1698102
8793009 8438299 8165738 3585752 9721636 2269318
2686489 9165728 5257477 7622548 728295 2213338
7381440 2337704 5686855 7361509 7192361 6366530
701908 2490963 2370241 9325944 1913885 6454319
5074839 496429 9976936 2088159 2346942 2033451
5295518 3571320 1094021 1545921 5677699 4187257
7082050 9172791 7762524 8540793 2842417 5854534
6527630 6173407 1838269 544338 383700 5366297
9955225 1859304 5536878 5585730 1989405 6927056
9327860 9467064 6524413 1711419 8510912 9225206
2292381 598329 6818785 3224026 2327030 7156975
1119317 5835518 6660005 1499597 279458 8019569
8604006 2161115 9648545 6515707 2798314 5740478
4616049 4530500 112729 4610638 2132934 487637
6496573 9709787 1581914 4166965 2218060 6210634
7662843 5370631 661878 8537318 6248411 2244088
9035748 3303604 3846376 4681294 9425021 4548181
8706291 8455627 1579846 7517308 6981724 9828290
7278510 2812153 6668750 783935 7095370 3980412
9112477 7681743 8465394 6331148 6727452 2617242
5575061 6952351 3617457 449371 3836753 4908827
7357691 66687 5912703 7404457 7479958 9494709
1894101 9934754 5105478 5564547 5904346 3677306
8907790 8979264 2728062 1753623 6888454 9405907
9541884 6878908 8275260 6681466 9424841 8566668
3778693 2704600 6576151 1229133 9106233 2472669
930723 8256920 4618874 6671019 159617 6915036
3915586 9874053 5332195 7174040 8889833 7160616
8874933 3547929 1777396 4788088 7423357 7748188
9889180 3821437 63896 4211550 907486 6957845
6633566 676225 641846 7346035 3625764 4775358
2918558 664968 828521 2632808 4633823 7647426
9058432 2236770 8819646 5813026 7838036 7014401
4073711 2367844 7989075 1114644 7806532 5876911
6789272 8990604 5281242 8827963 1339953 5284795
2408772 6719172 7349433 7661029 37453 9483392
6273190 6569551 6248288 556836 4255482 8224865
6332094 6242124 8914106 4129970 5729655 5186586
8928541 4076153 5983401 3049495 137839 8539642
8968770 5518922 2869692 4764935 556763 4635159
9494116 4090594 9325014 5543725 224035 7914650
297992 1397403 2199317 9336254 9539835 1268485
766112 3516875 8112361 9764209 4782549 1564407
6962804 2659302 3260949 94655 9899421 7263799
9301394 9359277 6581333 8809791 8692259 4518530
6613700 1508255 6012788 1613129 1062720 164887
8899850 788369 6018088 999456 3831977 4332252
2987268 9592287 4536318 4714915 2283382 6620964
427280 9204560 736372 1305284 7802130 7897461
1374210 9399460 4191173 2061214 6242330 864758
1333316 1488201 2705144 7680787 2722553 8031580
5255697 9152983 2454154 7947474 864358 3994180
5546319 5963348 8827324 8928696 7107387 307134
2727481 4586478 7075895 9960369 8382510 9487698
3782157 5308415 3706124 8115326 238919 1663260
5973714 6838635 4546038 5153330 9666139 2343776
1627108 5306481 6869733 6504737 9459218 3130399
4166809 2479805 8340201 6742192 5758965 1838781
9070137 2445513 2292073 3884038 9333733 1655851
3788862 1372946 3105690 3217445 3898629 7414138
4325456 7140370 8914063 790894 1973760 4025722
9448141 392988 6297209 6483547 7301588 1800905
3437401 6222744 5127260 3945496 5793560 5902704
1147497 7039965 9549449 1867342 9045189 7793405
9371186 2089675 7504902 2890187 1364467 8293192
9238085 8409662 1407852 9455595 2179281 2318848
4216335 3375915 506045 4314478 7294051 5365976
5541572 2586589 5143925 491167 446637 3110988
6528591 9843366 5579386 7202986 2069948 6858664
7864688 2458113 8095180 1120657 1419707 9884085
6520820 6557954 9028521 8004016 7245461 8891925
393053 3981806 4043463 2808411 9729160 2417645
5396659 6833018 9745913 4183473 6325770 6458600
2649480 8880018 1643038 4393913 6361595 1521100
2713805 2035099 6339714 4549188 1590906 9721167
4223668 3095677 1956207 621959 7793658 736097
6337455 7537555 5341128 6251999 98114 6464831
9067525 3720180 114205 3161741 1806327 5236929
7112750 3681215 6132342 1636579 8471177 2539688
8241047 2126906 196358 7507420 5290210 5210362
2552211 5843864 2390899 4322295 8584742 6633483
461437 4774699 9039360 9009816 7846017 8788214
1117471 6397481 8781904 5178206 5326388 2641415
1406895 9552064 228771 1102784 7436438 7909691
3588824 2587088 4624500 9416518 2380912 5666752
539738 8830035 2247344 130765 3699788 4254249
4073931 4745229 5135437 3480722 2700303 7031628
6197569 8102933 5835198 7344128 519107 2073695
3757784 3062840 6800517 7554943 6100525 5738146
4981590 1449426 8407426 4481208 733470 5997653
2008983 1044918 2393786 3372608 8470077 9015981
6540869 986706 2697692 4527654 1104274 581158
7505977 7926172 6851760 3197143 4905215 9333504
2074493 6244696 2067980 2550804 5658734 9318072
8866234 2984795 2729510 6509198 5149175 2250362
5846822 9592723 4011759 9137783 1471739 1655385
4637841 2824960 9632856 6819216 803258 9532401
9376003 9230129 1958565 6219358 48966 8174352
8886386 1784447 6544210 9073922 2406714 4488774
3929673 9458178 5386184 3075714 4506373 5485282
6286471 31671 5837530 447330 8680831 1511550
6569399 8368193 6454433 5196375 8559301 2080254
9700648 5255277 5441438 2535578 3174801 6428604
7359506 2646875 2935829 4555158 7622812 3364727
5706152 6772900 7186008 9522984 5208110 2013560
6269200 1562127 8318586 4147573 532744 771586
3694871 8928673 549297 447014 9649959 1680772
1719918 3690010 3225146 4463955 9373274 7151437
9047335 1394094 6283377 8957580 5716207 1859498
2549453 1731312 2408859 2472803 4741177 1907931
4325542 7046414 3160083 4440872 8927174 6997174
3761668 5553074 4722532 4669852 8840707 4246128
5879306 6912491 2996916 1255056 2835239 3932801
139581 1242196 7399625 34570 475649 3814016
5730183 7311620 5845919 6459088 1598120 8801431
8362726 1222068 4187495 8641366 6121472 2603544
8520688 7279045 4762836 6227971 702287 3820200
2428905 4377483 2553386 2037248 3078273 8803715
8862582 1294396 8896073 8476058 2333221 3498981
4508306 4290971 6570765 9346067 8710689 1615554
1151254 7302579 3954954 5921100 6307125 7618639
58633 7237940 791019 393371 2734367 5556194
9169964 3911609 539909 3579424 7605665 6098166
1260629 3692935 4233346 7042204 7596506 303723
9905358 9886668 8888846 688514 4133059 1830501
6032779 9174621 8568356 3147281 5076717 3399707
9865246 6507805 8070357 4934746 1978615 5840333
8012696 8469211 8560028 3339878 9306093 8421611
2959071 928881 6685306 472598 8085437 5017754
7382207 4109050 9706073 3651230 6015741 6420457
8729793 9370119 3104880 8960518 4360591 3559746
6987838 6022683 8834892 7140201 3714178 1097859
8027808 6325882 1714319 8393013 9029507 9127295
1743695 6565480 580574 467235 7729442 3204177
5145195 5560180 1089183 3550602 5765074 967667
3693634 6214015 492064 1649900 6204953 2608495
2735452 9052178 4108619 5000282 6352040 3283410
9586719 5818869 7214703 5587446 2444790 1759555
3303434 8989193 5079542 578778 1907535 9450261
5839882 8262558 1640676 9900702 3815322 8800410
2470562 3437236 257608 7867224 3446567 7500162
605795 6377907 120928 9105824 5657561 9977329
5018675 6743412 213439 7297163 880515 1910572
5989474 9557748 3115390 9329628 247167 6775881
5888124 3114856 4306480 1041803 5810018 7942395
967819 2834749 5236855 5308208 2529720 2914804
3025802 1719494 2372302 9714540 4981651 6066883
1638626 4197610 3331631 5102212 5560102 5164122
9236821 8542718 7382042 9730104 3911228 4257574
5685020 3140933 3190068 3481727 1979099 331710
3193682 9563992 567889 2178533 8138005 2822812
4740474 9710467 4213692 7298634 4271361 9161020
9538270 6274934 4576097 7048506 7691002 6049557
3444249 785912 7554754 9142357 1804981 7267299
560353 1237714 8923521 979280 9623187 9388786
9724736 9544074 9740395 2040591 6520858 5417659
5498994 9460092 6059605 508819 361738 5849634
950430 1938186 4271356 8221022 191833 7636293
9681477 8636514 5449930 7140510 37478 1193187
2776956 4051324 7759010 3300589 1618180 6900290
3899290 3761193 87279 4824905 7573898 4727286
9420625 7497678 9754076 9158437 1549512 8230909
9989952 2935429 424173 1705119 8191927 9866794
2995942 2339330 1045881 1287227 1297803 986673
3938856 2584225 9506596 8547207 9263634 2469533
7658648 2198404 7841912 9159315 6609528 6600544
5762355 6125524 4364288 9544070 8800397 2694155
7882217 523039 7087001 7219020 7150558 7102049
769013 1071837 5859397 7892216 304647 9278849
5854408 2612063 2463390 9100606 886049 4989673
5220690 873417 8234043 7284543 1499789 9351108
388996 830637 6325900 3823629 5942763 2066402
5502506 3451872 3538933 8351726 3405010 774764
3899671 6719835 5433666 2404547 7778194 8191797
6610136 9766431 1893756 8563063 3304906 3997465
4137154 6661749 5239474 9374614 4323379 7926979
4460111 597673 9023249 7735893 6830024 6319921
776148 6945384 5129073 3792994 2389710 6852774
5739915 7502682 9207052 1688625 5200934 4166214
9556007 2816142 3095223 42246 674406 1733358
7457351 1825933 7525730 2328434 9686475 9281014
6826927 6127891 9128492 5611953 3891614 2807336
1751514 6163778 9889810 9113744 1628398 832810
3062723 2817141 7376720 5040982 2823147 5802223
4790413 2448528 1460814 1073260 9818607 1507236
4831756 4417865 9923267 7289891 278541 5004090
8794190 8447714 7258908 5848058 6966066 6261819
7724282 127962 3611067 6399716 9937111 9037155
4276403 442262 1187744 2262412 6979522 7857265
4356637 2416369 9002786 1723506 7538021 7237947
7820200 5753667 6309284 7621255 780197 9473749
2884069 4461623 5885237 4885720 319553 3180684
3573901 7214665 5851075 1114901 7316699 2695185
2191156 8390696 2511417 2423659 6796856 9376345
319492 2569343 7438342 2066001 2933254 7862172
6001304 7070684 909692 20960 8027858 1212398
9952535 103026 9347764 4137317 3515646 5475487
3151918 9390683 122708 8007059 8688511 9764857
2006190 3241735 5099669 6307600 9532350 9147324
4726530 5396540 8956811 6932939 7301763 8210853
2035406 818067 1528369 8023064 8884416 3248869
2270991 3552940 9186806 4638676 1162366 7213673
3347420 8053838 4875050 7035929 9271740 7406173
9253636 2312432 3880832 7673485 59811 9691518
2762502 9693703 7538333 1762368 5294430 2631317
2255587 3019595 2801263 1136911 2101911 2697578
3947118 5128853 506266 6873838 5736068 5135570
578050 7367513 2079368 7885996 2960180 1478511
4272274 7690601 6124800 1550637 7679302 4989330
4330020 4361920 758256 1836850 5260562 9190712
5710535 508623 8258510 6555488 2383088 8142770
4412410 2210508 5951927 2177471 3088810 4142886
6899906 2379798 6576364 8745261 7095435 2692297
7612150 4876506 6733523 6059821 7490094 7603829
6506517 704950 5340293 7811932 6806890 7739990
1939322 2110268 9868291 1315554 1163302 5227444
6877060 4022561 4984425 3936597 3473586 749671
5526584 2094802 4601790 1981913 4650731 5299504
8412965 5584758 7266485 8065958 4224700 384055
2457188 9650714 3018529 654680 48971 1678138
2802477 6600477 5403617 8211936 238149 978542
4274594 5584352 1216495 1348920 1868201 3072873
7707872 3675552 1402920 5983852 533237 5395292
3002039 4524603 6054219 40789 9398966 1222132
473504 3873364 7885568 9484236 8858365 1512588
2208915 6222379 3973590 3306287 1134120 6873108
5346053 7314648 1856652 3623247 7707318 9066378
4083009 7064045 3716557 4193611 358085 549147
8981135 6473336 9117476 7623237 7652641 5524367
5623918 2761687 7201511 4181485 7738431 6364785
3092974 4790358 6725986 9703906 9140005 5645822
9099283 4401585 2541431 4529811 637798 3218589
3538639 9378791 6817285 6987840 5957780 2334920
7505574 6279892 3515278 7336420 503100 2385028
2395111 4585677 8569737 8449222 7682368 8372432
9671597 1164567 9576216 5491867 530273 2916959
2340392 4379102 7924040 8070735 5094328 5956500
8007716 4451323 5835538 5898887 4084597 8273850
8707082 8636078 6803907 4866590 6675910 1458539
2849507 5756554 4287257 4340957 7308794 4554327
7076084 650061 6719217 4168998 4858214 9473230
3642372 8046772 8848517 3900325 4647447 1578677
4410880 9434839 1185564 7558778 9328704 6051777
6549490 6496223 501079 295887 9742139 9046289
1568525 4805006 4488656 8117677 2642360 4773719
8629701 7999434 7070307 3369713 994651 4444267
9237283 3838717 9593108 6362307 2256514 6037825
9425332 4806757 3988630 5225229 455710 7241071
272974 5290729 6427849 8235480 7791467 812570
4053247 6780197 907921 7672927 2600473 53207
4984573 5524695 5404412 4074798 5270623 6648013
4508369 1041166 8440188 6741297 8321494 5489986
6458668 187182 4239708 4463254 870554 4935382
5057659 6343295 4349296 7247585 7844702 7351631
8345869 394221 207967 6257736 9316466 4214453
3536345 1564355 1238243 9539900 1377733 6731819
633413 5350534 9536134 7340617 716860 9414543
8800882 3531677 6969234 937862 1776811 7604284
6572861 9589992 5909642 5972539 2615268 6257178
5703911 7736988 7679993 8052781 5728928 4876401
6440046 8250632 1724700 4225734 3204951 6757139
4251743 6918767 8809448 7507889 3829841 5520019
5399248 7717041 5626435 4934753 8446703 4313024
382396 7408006 8617409 2603682 9684875 9726473
8304811 7563805 8949087 4981065 3835989 3640745
9051825 2580631 9621606 4659732 900571 2466227
7689843 4575147 326726 212094 6686119 4858044
8794835 9064971 5760151 389623 573291 4898226
630743 769158 9290285 3366968 7670384 8320921
6258992 3836363 8565757 1998227 5920923 5641145
7808052 9270678 3082777 5168703 8456064 1249209
5898413 739515 6816470 3160207 7244909 3871555
3986298 170302 721887 3759364 3808846 619903
3966322 7915187 6990514 4050860 4350321 3066831
4350460 5684856 4910247 1300684 8400739 7064207
3900469 5691615 8654224 4685580 2404042 7415441
1775266 3626132 608907 4510941 4491209 9833775
8081755 7470535 3524248 5418730 9380670 7500082
7599034 2499627 27517 7945854 8031905 8005735
8650631 3757191 4920356 15946 818242 2771208
6338962 4597729 2338776 9752263 9259738 1553294
5217330 9300718 7766259 3306445 1984098 182714
10995 9455380 3423977 7156738 5969104 6879786
9542583 8931730 6304186 7410165 3701649 5901112
7036690 5954614 7659710 648488 6034949 8646851
2495085 1759320 2807889 7837699 8171979 9893480
7494999 8329492 8210796 1970954 201399 79951
9733822 4292589 515529 9844802 7934859 8576524
4581757 1493892 7788086 8040570 473362 1886512
6467021 8928796 896080 6437664 2715573 3305124
3893583 4568841 3265769 9119407 811360 224778
7374824 2173296 1283400 3530497 9661739 7639612
8668989 7571629 8730330 6224234 7676342 9409059
5385582 7191887 8019755 9083185 6066731 4541056
858765 4454515 1285957 921377 1370677 9243183
8997400 1057335 5613918 4905672 8077370 5632557
6814182 614415 3481229 290751 2469978 5761562
7293124 1051260 1832153 148473 9371580 2901733
3156181 242787 1252454 1487020 1052081 5523686
5285368 4810397 8502110 8724712 8260642 6356844
8938820 6453447 802618 2040217 4533097 8604403
2025693 3763316 9494258 3097773 9410052 7061927
5927830 5094831 4721908 2258192 1790061 5015470
2708902 710291 5082934 8384223 7765195 1127890
7990728 7510379 5254 90232 9620304 3266973
7130447 8089469 2353772 7124384 1351930 6016531
4958944 5252907 6518162 3227749 8122780 5608264
3407475 58408 832735 4190527 5559189 5957249
801777 3027176 3020336 3486639 6015809 7550351
1273910 554597 8688251 9674728 4049488 7022717
8599149 1935461 4143012 6227284 5967325 1320582
4708154 8803446 3742901 8705377 7299248 6537154
8497308 9481153 2587511 9474670 4976747 7706787
295155 3800201 1951189 4048004 9288454 6593127
246637 3643807 2073659 4803420 5850473 797332
7328279 5284215 1203418 9495445 4628600 6187318
1465251 7180191 4091082 9512152 9482372 6755743
2214347 2096400 5727927 6483182 4989331 6534656
4962840 1799239 5577849 981464 9379572 249287
5071527 4551144 2647006 7549884 5980647 2323518
9246922 9904733 2952972 2945568 1377098 2015032
5333735 9001863 4852552 6400192 8009418 7796556
3615704 783002 4317829 5195446 1833657 7192054
865200 3763455 8654476 5539002 9840580 4051233
5219482 6346815 5904643 954131 4423917 77455
3540311 3915367 1199543 1767564 265230 9577638
3802771 9268778 719301 3712895 1149446 5987468
1682104 8562647 3789821 7781293 7365759 8596570
5931457 9876081 2717487 5454952 6684684 2217192
3669041 3707919 64153 8901738 7726086 5030282
6110389 4379604 4577945 4775097 2859880 4094051
6597013 1848139 517772 4740190 1392674 2564878
6472752 7152305 2614009 2667008 3856898 1277932
261412 7438189 8981055 7308072 5022673 4547835
7359967 8085359 7230683 8982350 8098522 6557310
9513485 4901032 1542692 5689019 7602505 6769841
1409522 6907007 5702767 9695769 1184280 5517619
8078797 1191266 8483406 152609 8982200 9532378
9603183 1002033 9851021 8786220 8640326 287896
6049227 8802316 9356931 30110 7415129 4774521
6863368 7614662 3749617 3960461 5226705 6491642
1022185 783733 9549799 5844167 1257485 6949891
5575165 565642 6253909 3463436 9229274 3831406
6064428 7207358 9103159 7698304 9379167 7096488
6706289 727264 6260706 1254796 9639791 8800188
7412910 1379411 9491877 928245 2832401 3569618
1768002 4118336 5964561 1991764 9130423 8198466
9982578 3759015 9744548 2901129 3211055 8074683
4033987 2585791 9573041 5525524 3965682 207770
5671362 9165063 8235494 6653128 7254172 4499441
230936 9767389 1143941 749610 8431257 9878074
7458013 4646919 7733241 2684290 1695433 5110938
